"block","language","hypothesis","regime","K","bf","n_participants","r","reps","p_arm","mcse_arm","p_arm_lo","p_arm_hi","s","s_lo","s_hi","se_floor","s_over_floor","ceiling_at_floor","sign_prob","flag","a_free","b_free","b_free_lo","b_free_hi","p_boot_b_nonpositive","p_boot_a_below_zero","boot_unusable","a_anchored","b_anchored","anchored_identified","b_ml","b_ml_lo","b_ml_hi","s80_ml","p80_ml","ml_deviance","ml_gof_p","p_pred_n70","p_arm_n70","p_arm_n70_lo","p_arm_n70_hi","p_pred_n100","p_arm_n100","p_arm_n100_lo","p_arm_n100_hi","pred_n70_inside_ci","pred_n100_inside_ci","tau_verb","sxx","a_dgp","sigma_part_focal","resid_part_one","b_dgp_one","b_dgp_two_indep","share_resid_in_b","s80_dgp_one","s80_dgp_two_indep","s80_calibrated","r_indep_dgp","r_indep_anchored","gain_pp_at_r_indep_dgp","power_one_dgp","n_pilot","pilot_post_sd_two_versions","s_pilot_n_dgp_one","s_pilot_n_dgp_two_indep","s_pilot_n_anchored_one","s_one","s_two","calibration_flag","power_one","power_two","gain_pp","mcse_arm_pp","gain_over_mcse","n_one_version_equiv_anchored","extra_participants_anchored","n_one_version_equiv_dgp","extra_participants_dgp","s_one_ml","power_one_ml","power_two_ml","gain_pp_ml","extra_participants_ml","minutes_two_version","minutes_one_version_equiv_anchored","power_one_corr","power_two_corr","gain_pp_corr","joint_dependence","pooled_variant","se_indep","se_shared","mcse_gain_pp","mcse_power_pp","tau","pooled_se_ratio"
"calibration","English","h1a",NA,NA,10,70,NA,144,0.638888888888889,0.0400268899671078,0.554739937164821,0.717195323090672,0.298108709334454,0.255085662836877,0.351285623628842,0.194470359046419,1.53292620426178,0.833047379384562,0.995875,"ok",NA,NA,NA,NA,NA,NA,NA,NA,NA,NA,NA,NA,NA,NA,NA,NA,NA,NA,NA,NA,NA,NA,NA,NA,NA,NA,NA,NA,NA,NA,NA,NA,NA,NA,NA,NA,NA,NA,NA,NA,NA,NA,NA,NA,NA,NA,NA,NA,NA,NA,NA,NA,NA,NA,NA,NA,NA,NA,NA,NA,NA,NA,NA,NA,NA,NA,NA,NA,NA,NA,NA,NA,NA,NA,NA,NA,NA
"calibration","English","h1a",NA,NA,10,80,NA,120,0.65,0.0435411682587104,0.557605329888957,0.734797690458906,0.291724759350888,0.245867586917817,0.349298362448468,0.194470359046419,1.50009883655973,0.833047379384562,0.995875,"ok",NA,NA,NA,NA,NA,NA,NA,NA,NA,NA,NA,NA,NA,NA,NA,NA,NA,NA,NA,NA,NA,NA,NA,NA,NA,NA,NA,NA,NA,NA,NA,NA,NA,NA,NA,NA,NA,NA,NA,NA,NA,NA,NA,NA,NA,NA,NA,NA,NA,NA,NA,NA,NA,NA,NA,NA,NA,NA,NA,NA,NA,NA,NA,NA,NA,NA,NA,NA,NA,NA,NA,NA,NA,NA,NA,NA,NA
"calibration","English","h1a",NA,NA,10,100,NA,144,0.659722222222222,0.0394835419060548,0.576178820905574,0.736541929932078,0.286229434318815,0.244959109275883,0.336765349218176,0.194470359046419,1.47184093104129,0.833047379384562,0.995875,"ok",NA,NA,NA,NA,NA,NA,NA,NA,NA,NA,NA,NA,NA,NA,NA,NA,NA,NA,NA,NA,NA,NA,NA,NA,NA,NA,NA,NA,NA,NA,NA,NA,NA,NA,NA,NA,NA,NA,NA,NA,NA,NA,NA,NA,NA,NA,NA,NA,NA,NA,NA,NA,NA,NA,NA,NA,NA,NA,NA,NA,NA,NA,NA,NA,NA,NA,NA,NA,NA,NA,NA,NA,NA,NA,NA,NA,NA
"calibration","English","h1a",NA,NA,6,70,NA,144,0.743055555555556,0.0364123755017115,0.6636457765471,0.812188444042555,0.282071942498057,0.237254408926249,0.337253464777061,0.194470359046419,1.45046239376114,0.875966671549509,0.995875,"ok",NA,NA,NA,NA,NA,NA,NA,NA,NA,NA,NA,NA,NA,NA,NA,NA,NA,NA,NA,NA,NA,NA,NA,NA,NA,NA,NA,NA,NA,NA,NA,NA,NA,NA,NA,NA,NA,NA,NA,NA,NA,NA,NA,NA,NA,NA,NA,NA,NA,NA,NA,NA,NA,NA,NA,NA,NA,NA,NA,NA,NA,NA,NA,NA,NA,NA,NA,NA,NA,NA,NA,NA,NA,NA,NA,NA,NA
"calibration","English","h1a",NA,NA,6,80,NA,120,0.733333333333333,0.0403686713879666,0.644885987492981,0.809910927217907,0.288514710043719,0.238727588890216,0.351451782887094,0.194470359046419,1.48359221147348,0.875966671549509,0.995875,"ok",NA,NA,NA,NA,NA,NA,NA,NA,NA,NA,NA,NA,NA,NA,NA,NA,NA,NA,NA,NA,NA,NA,NA,NA,NA,NA,NA,NA,NA,NA,NA,NA,NA,NA,NA,NA,NA,NA,NA,NA,NA,NA,NA,NA,NA,NA,NA,NA,NA,NA,NA,NA,NA,NA,NA,NA,NA,NA,NA,NA,NA,NA,NA,NA,NA,NA,NA,NA,NA,NA,NA,NA,NA,NA,NA,NA,NA
"calibration","English","h1a",NA,NA,6,100,NA,144,0.729166666666667,0.0370325156383707,0.648862098490324,0.799790740748874,0.291295690034422,0.24525982075144,0.348394099935565,0.194470359046419,1.49789248841203,0.875966671549509,0.995875,"ok",NA,NA,NA,NA,NA,NA,NA,NA,NA,NA,NA,NA,NA,NA,NA,NA,NA,NA,NA,NA,NA,NA,NA,NA,NA,NA,NA,NA,NA,NA,NA,NA,NA,NA,NA,NA,NA,NA,NA,NA,NA,NA,NA,NA,NA,NA,NA,NA,NA,NA,NA,NA,NA,NA,NA,NA,NA,NA,NA,NA,NA,NA,NA,NA,NA,NA,NA,NA,NA,NA,NA,NA,NA,NA,NA,NA,NA
"calibration","English","h1a",NA,NA,3,70,NA,144,0.826388888888889,0.0315645605168858,0.75447481583727,0.88438407575018,0.290674285383989,0.235797130450073,0.359967393215008,0.194470359046419,1.49469711893012,0.923830468496691,0.995875,"ok",NA,NA,NA,NA,NA,NA,NA,NA,NA,NA,NA,NA,NA,NA,NA,NA,NA,NA,NA,NA,NA,NA,NA,NA,NA,NA,NA,NA,NA,NA,NA,NA,NA,NA,NA,NA,NA,NA,NA,NA,NA,NA,NA,NA,NA,NA,NA,NA,NA,NA,NA,NA,NA,NA,NA,NA,NA,NA,NA,NA,NA,NA,NA,NA,NA,NA,NA,NA,NA,NA,NA,NA,NA,NA,NA,NA,NA
"calibration","English","h1a",NA,NA,3,80,NA,120,0.825,0.034686092313779,0.745019972434272,0.888285656906253,0.29197203490439,0.231951878681032,0.369631197498931,0.194470359046419,1.50137036994258,0.923830468496691,0.995875,"ok",NA,NA,NA,NA,NA,NA,NA,NA,NA,NA,NA,NA,NA,NA,NA,NA,NA,NA,NA,NA,NA,NA,NA,NA,NA,NA,NA,NA,NA,NA,NA,NA,NA,NA,NA,NA,NA,NA,NA,NA,NA,NA,NA,NA,NA,NA,NA,NA,NA,NA,NA,NA,NA,NA,NA,NA,NA,NA,NA,NA,NA,NA,NA,NA,NA,NA,NA,NA,NA,NA,NA,NA,NA,NA,NA,NA,NA
"calibration","English","h1a",NA,NA,3,100,NA,144,0.881944444444444,0.0268894911006689,0.817720341461005,0.929702643331803,0.238184223115412,0.187615843909502,0.298783900365338,0.194470359046419,1.22478419993331,0.923830468496691,0.995875,"near ceiling: MC interval reaches the verb floor",NA,NA,NA,NA,NA,NA,NA,NA,NA,NA,NA,NA,NA,NA,NA,NA,NA,NA,NA,NA,NA,NA,NA,NA,NA,NA,NA,NA,NA,NA,NA,NA,NA,NA,NA,NA,NA,NA,NA,NA,NA,NA,NA,NA,NA,NA,NA,NA,NA,NA,NA,NA,NA,NA,NA,NA,NA,NA,NA,NA,NA,NA,NA,NA,NA,NA,NA,NA,NA,NA,NA,NA,NA,NA,NA,NA,NA
"calibration","English","h1b",NA,NA,10,70,NA,144,0.763888888888889,0.0353909371560663,0.685994074810987,0.830607824418119,0.406763978196807,0.354336873108224,0.469584983792871,0.20663074794523,1.96855493309556,0.971288072753782,1,"ok",NA,NA,NA,NA,NA,NA,NA,NA,NA,NA,NA,NA,NA,NA,NA,NA,NA,NA,NA,NA,NA,NA,NA,NA,NA,NA,NA,NA,NA,NA,NA,NA,NA,NA,NA,NA,NA,NA,NA,NA,NA,NA,NA,NA,NA,NA,NA,NA,NA,NA,NA,NA,NA,NA,NA,NA,NA,NA,NA,NA,NA,NA,NA,NA,NA,NA,NA,NA,NA,NA,NA,NA,NA,NA,NA,NA,NA
"calibration","English","h1b",NA,NA,10,80,NA,120,0.9,0.0273861278752583,0.831834787297334,0.94725221360994,0.295172020487768,0.243986169349388,0.353355569997216,0.20663074794523,1.42849998571368,0.971288072753782,1,"ok",NA,NA,NA,NA,NA,NA,NA,NA,NA,NA,NA,NA,NA,NA,NA,NA,NA,NA,NA,NA,NA,NA,NA,NA,NA,NA,NA,NA,NA,NA,NA,NA,NA,NA,NA,NA,NA,NA,NA,NA,NA,NA,NA,NA,NA,NA,NA,NA,NA,NA,NA,NA,NA,NA,NA,NA,NA,NA,NA,NA,NA,NA,NA,NA,NA,NA,NA,NA,NA,NA,NA,NA,NA,NA,NA,NA,NA
"calibration","English","h1b",NA,NA,10,100,NA,144,0.854166666666667,0.0294115874064191,0.785756449688825,0.907403553862032,0.335223723980398,0.288096295346171,0.389655129900841,0.20663074794523,1.62233223909761,0.971288072753782,1,"ok",NA,NA,NA,NA,NA,NA,NA,NA,NA,NA,NA,NA,NA,NA,NA,NA,NA,NA,NA,NA,NA,NA,NA,NA,NA,NA,NA,NA,NA,NA,NA,NA,NA,NA,NA,NA,NA,NA,NA,NA,NA,NA,NA,NA,NA,NA,NA,NA,NA,NA,NA,NA,NA,NA,NA,NA,NA,NA,NA,NA,NA,NA,NA,NA,NA,NA,NA,NA,NA,NA,NA,NA,NA,NA,NA,NA,NA
"calibration","English","h1b",NA,NA,6,70,NA,144,0.881944444444444,0.0268894911006689,0.817720341461005,0.929702643331803,0.352748395732508,0.297577888079272,0.417548112491451,0.20663074794523,1.7071437781661,0.98090217590042,1,"ok",NA,NA,NA,NA,NA,NA,NA,NA,NA,NA,NA,NA,NA,NA,NA,NA,NA,NA,NA,NA,NA,NA,NA,NA,NA,NA,NA,NA,NA,NA,NA,NA,NA,NA,NA,NA,NA,NA,NA,NA,NA,NA,NA,NA,NA,NA,NA,NA,NA,NA,NA,NA,NA,NA,NA,NA,NA,NA,NA,NA,NA,NA,NA,NA,NA,NA,NA,NA,NA,NA,NA,NA,NA,NA,NA,NA,NA
"calibration","English","h1b",NA,NA,6,80,NA,120,0.958333333333333,0.0182415632452274,0.905441200024063,0.98633461588321,0.255376566297999,0.189132922069985,0.32697220256326,0.20663074794523,1.23590786384653,0.98090217590042,1,"near ceiling: MC interval reaches the verb floor",NA,NA,NA,NA,NA,NA,NA,NA,NA,NA,NA,NA,NA,NA,NA,NA,NA,NA,NA,NA,NA,NA,NA,NA,NA,NA,NA,NA,NA,NA,NA,NA,NA,NA,NA,NA,NA,NA,NA,NA,NA,NA,NA,NA,NA,NA,NA,NA,NA,NA,NA,NA,NA,NA,NA,NA,NA,NA,NA,NA,NA,NA,NA,NA,NA,NA,NA,NA,NA,NA,NA,NA,NA,NA,NA,NA,NA
"calibration","English","h1b",NA,NA,6,100,NA,144,0.895833333333333,0.0254563859350958,0.834017085665883,0.940515903198585,0.337748342772589,0.282968551979846,0.401480884168597,0.20663074794523,1.63455025997444,0.98090217590042,1,"ok",NA,NA,NA,NA,NA,NA,NA,NA,NA,NA,NA,NA,NA,NA,NA,NA,NA,NA,NA,NA,NA,NA,NA,NA,NA,NA,NA,NA,NA,NA,NA,NA,NA,NA,NA,NA,NA,NA,NA,NA,NA,NA,NA,NA,NA,NA,NA,NA,NA,NA,NA,NA,NA,NA,NA,NA,NA,NA,NA,NA,NA,NA,NA,NA,NA,NA,NA,NA,NA,NA,NA,NA,NA,NA,NA,NA,NA
"calibration","English","h1b",NA,NA,3,70,NA,144,0.944444444444444,0.0190884519704521,0.89346905666515,0.97571283683012,0.33421524636039,0.262588882279161,0.417949774735634,0.20663074794523,1.61745166043235,0.990040927121542,1,"ok",NA,NA,NA,NA,NA,NA,NA,NA,NA,NA,NA,NA,NA,NA,NA,NA,NA,NA,NA,NA,NA,NA,NA,NA,NA,NA,NA,NA,NA,NA,NA,NA,NA,NA,NA,NA,NA,NA,NA,NA,NA,NA,NA,NA,NA,NA,NA,NA,NA,NA,NA,NA,NA,NA,NA,NA,NA,NA,NA,NA,NA,NA,NA,NA,NA,NA,NA,NA,NA,NA,NA,NA,NA,NA,NA,NA,NA
"calibration","English","h1b",NA,NA,3,80,NA,120,0.983333333333333,0.0116864910933126,0.941090780532973,0.997975177662307,0.237026073401395,0.13373652894579,0.34045025253981,0.20663074794523,1.14709972140362,0.990040927121542,1,"near ceiling: MC interval reaches the verb floor",NA,NA,NA,NA,NA,NA,NA,NA,NA,NA,NA,NA,NA,NA,NA,NA,NA,NA,NA,NA,NA,NA,NA,NA,NA,NA,NA,NA,NA,NA,NA,NA,NA,NA,NA,NA,NA,NA,NA,NA,NA,NA,NA,NA,NA,NA,NA,NA,NA,NA,NA,NA,NA,NA,NA,NA,NA,NA,NA,NA,NA,NA,NA,NA,NA,NA,NA,NA,NA,NA,NA,NA,NA,NA,NA,NA,NA
"calibration","English","h1b",NA,NA,3,100,NA,144,0.958333333333333,0.0166521927892803,0.911517103470269,0.984557890863913,0.306221050483408,0.232221985032255,0.390264844597556,0.20663074794523,1.48197232758687,0.990040927121542,1,"ok",NA,NA,NA,NA,NA,NA,NA,NA,NA,NA,NA,NA,NA,NA,NA,NA,NA,NA,NA,NA,NA,NA,NA,NA,NA,NA,NA,NA,NA,NA,NA,NA,NA,NA,NA,NA,NA,NA,NA,NA,NA,NA,NA,NA,NA,NA,NA,NA,NA,NA,NA,NA,NA,NA,NA,NA,NA,NA,NA,NA,NA,NA,NA,NA,NA,NA,NA,NA,NA,NA,NA,NA,NA,NA,NA,NA,NA
"calibration","Turkish","h1a",NA,NA,10,70,NA,144,0.6875,0.0386260337869566,0.605018046044786,0.762079723793544,0.183441216692686,0.154583219835228,0.217894774320613,0.150129669957844,1.22188516596484,0.773666345118834,0.99025,"ok",NA,NA,NA,NA,NA,NA,NA,NA,NA,NA,NA,NA,NA,NA,NA,NA,NA,NA,NA,NA,NA,NA,NA,NA,NA,NA,NA,NA,NA,NA,NA,NA,NA,NA,NA,NA,NA,NA,NA,NA,NA,NA,NA,NA,NA,NA,NA,NA,NA,NA,NA,NA,NA,NA,NA,NA,NA,NA,NA,NA,NA,NA,NA,NA,NA,NA,NA,NA,NA,NA,NA,NA,NA,NA,NA,NA,NA
"calibration","Turkish","h1a",NA,NA,10,80,NA,120,0.75,0.0395284707521047,0.662730783708004,0.824535380969943,0.159215429362055,0.130127554723557,0.193372269496412,0.150129669957844,1.06051941236374,0.773666345118834,0.99025,"near ceiling: MC interval reaches the verb floor",NA,NA,NA,NA,NA,NA,NA,NA,NA,NA,NA,NA,NA,NA,NA,NA,NA,NA,NA,NA,NA,NA,NA,NA,NA,NA,NA,NA,NA,NA,NA,NA,NA,NA,NA,NA,NA,NA,NA,NA,NA,NA,NA,NA,NA,NA,NA,NA,NA,NA,NA,NA,NA,NA,NA,NA,NA,NA,NA,NA,NA,NA,NA,NA,NA,NA,NA,NA,NA,NA,NA,NA,NA,NA,NA,NA,NA
"calibration","Turkish","h1a",NA,NA,10,100,NA,144,0.75,0.0360843918243516,0.67107156385569,0.818352511428668,0.159215429362055,0.13262339585069,0.189997011474107,0.150129669957844,1.06051941236374,0.773666345118834,0.99025,"near ceiling: MC interval reaches the verb floor",NA,NA,NA,NA,NA,NA,NA,NA,NA,NA,NA,NA,NA,NA,NA,NA,NA,NA,NA,NA,NA,NA,NA,NA,NA,NA,NA,NA,NA,NA,NA,NA,NA,NA,NA,NA,NA,NA,NA,NA,NA,NA,NA,NA,NA,NA,NA,NA,NA,NA,NA,NA,NA,NA,NA,NA,NA,NA,NA,NA,NA,NA,NA,NA,NA,NA,NA,NA,NA,NA,NA,NA,NA,NA,NA,NA,NA
"calibration","Turkish","h1a",NA,NA,6,70,NA,144,0.770833333333333,0.0350247239615139,0.693492155129134,0.836697615507871,0.176353464201946,0.144679185875252,0.214087678391062,0.150129669957844,1.1746742949043,0.825608615428003,0.99025,"near ceiling: MC interval reaches the verb floor",NA,NA,NA,NA,NA,NA,NA,NA,NA,NA,NA,NA,NA,NA,NA,NA,NA,NA,NA,NA,NA,NA,NA,NA,NA,NA,NA,NA,NA,NA,NA,NA,NA,NA,NA,NA,NA,NA,NA,NA,NA,NA,NA,NA,NA,NA,NA,NA,NA,NA,NA,NA,NA,NA,NA,NA,NA,NA,NA,NA,NA,NA,NA,NA,NA,NA,NA,NA,NA,NA,NA,NA,NA,NA,NA,NA,NA
"calibration","Turkish","h1a",NA,NA,6,80,NA,120,0.816666666666667,0.0353225874644707,0.735693428831728,0.881393578443196,0.154470630623509,0.121387513742863,0.193189872092786,0.150129669957844,1.02891474194864,0.825608615428003,0.99025,"near ceiling: MC interval reaches the verb floor",NA,NA,NA,NA,NA,NA,NA,NA,NA,NA,NA,NA,NA,NA,NA,NA,NA,NA,NA,NA,NA,NA,NA,NA,NA,NA,NA,NA,NA,NA,NA,NA,NA,NA,NA,NA,NA,NA,NA,NA,NA,NA,NA,NA,NA,NA,NA,NA,NA,NA,NA,NA,NA,NA,NA,NA,NA,NA,NA,NA,NA,NA,NA,NA,NA,NA,NA,NA,NA,NA,NA,NA,NA,NA,NA,NA,NA
"calibration","Turkish","h1a",NA,NA,6,100,NA,144,0.798611111111111,0.0334198257360669,0.72374845638366,0.860784470232041,0.16313583242582,0.132464246402359,0.199006156890774,0.150129669957844,1.08663285859237,0.825608615428003,0.99025,"near ceiling: MC interval reaches the verb floor",NA,NA,NA,NA,NA,NA,NA,NA,NA,NA,NA,NA,NA,NA,NA,NA,NA,NA,NA,NA,NA,NA,NA,NA,NA,NA,NA,NA,NA,NA,NA,NA,NA,NA,NA,NA,NA,NA,NA,NA,NA,NA,NA,NA,NA,NA,NA,NA,NA,NA,NA,NA,NA,NA,NA,NA,NA,NA,NA,NA,NA,NA,NA,NA,NA,NA,NA,NA,NA,NA,NA,NA,NA,NA,NA,NA,NA
"calibration","Turkish","h1a",NA,NA,3,70,NA,144,0.847222222222222,0.0299810968680292,0.777877984828389,0.901709659608999,0.178323838385012,0.138755638733985,0.226127810950569,0.150129669957844,1.18779877711771,0.88681683434253,0.99025,"near ceiling: MC interval reaches the verb floor",NA,NA,NA,NA,NA,NA,NA,NA,NA,NA,NA,NA,NA,NA,NA,NA,NA,NA,NA,NA,NA,NA,NA,NA,NA,NA,NA,NA,NA,NA,NA,NA,NA,NA,NA,NA,NA,NA,NA,NA,NA,NA,NA,NA,NA,NA,NA,NA,NA,NA,NA,NA,NA,NA,NA,NA,NA,NA,NA,NA,NA,NA,NA,NA,NA,NA,NA,NA,NA,NA,NA,NA,NA,NA,NA,NA,NA
"calibration","Turkish","h1a",NA,NA,3,80,NA,120,0.875,0.030190368221228,0.802223589648174,0.928320323111248,0.158778299633337,0.116240171458008,0.209195856943626,0.150129669957844,1.05760773122276,0.88681683434253,0.99025,"near ceiling: MC interval reaches the verb floor",NA,NA,NA,NA,NA,NA,NA,NA,NA,NA,NA,NA,NA,NA,NA,NA,NA,NA,NA,NA,NA,NA,NA,NA,NA,NA,NA,NA,NA,NA,NA,NA,NA,NA,NA,NA,NA,NA,NA,NA,NA,NA,NA,NA,NA,NA,NA,NA,NA,NA,NA,NA,NA,NA,NA,NA,NA,NA,NA,NA,NA,NA,NA,NA,NA,NA,NA,NA,NA,NA,NA,NA,NA,NA,NA,NA,NA
"calibration","Turkish","h1a",NA,NA,3,100,NA,144,0.909722222222222,0.0238816091226428,0.850570171031796,0.951051886581995,0.132336567175827,0.0926740526677808,0.176006672883981,0.150129669957844,0.881481769812638,0.88681683434253,0.99025,"below verb floor: arm exceeds the infinite-N ceiling",NA,NA,NA,NA,NA,NA,NA,NA,NA,NA,NA,NA,NA,NA,NA,NA,NA,NA,NA,NA,NA,NA,NA,NA,NA,NA,NA,NA,NA,NA,NA,NA,NA,NA,NA,NA,NA,NA,NA,NA,NA,NA,NA,NA,NA,NA,NA,NA,NA,NA,NA,NA,NA,NA,NA,NA,NA,NA,NA,NA,NA,NA,NA,NA,NA,NA,NA,NA,NA,NA,NA,NA,NA,NA,NA,NA,NA
"calibration","Turkish","h1b",NA,NA,10,70,NA,144,0.5625,0.0413398642353842,0.477431413075424,0.644943795642778,0.186439431499794,0.151922892778653,0.228785708056903,0.150175861352492,1.24147402798766,0.64935872775148,0.949375,"ok",NA,NA,NA,NA,NA,NA,NA,NA,NA,NA,NA,NA,NA,NA,NA,NA,NA,NA,NA,NA,NA,NA,NA,NA,NA,NA,NA,NA,NA,NA,NA,NA,NA,NA,NA,NA,NA,NA,NA,NA,NA,NA,NA,NA,NA,NA,NA,NA,NA,NA,NA,NA,NA,NA,NA,NA,NA,NA,NA,NA,NA,NA,NA,NA,NA,NA,NA,NA,NA,NA,NA,NA,NA,NA,NA,NA,NA
"calibration","Turkish","h1b",NA,NA,10,80,NA,120,0.566666666666667,0.0452360066351606,0.473133543234238,0.656830508293885,0.184579800717107,0.147234233906031,0.231210194589651,0.150175861352492,1.2290910074014,0.64935872775148,0.949375,"near ceiling: MC interval reaches the verb floor",NA,NA,NA,NA,NA,NA,NA,NA,NA,NA,NA,NA,NA,NA,NA,NA,NA,NA,NA,NA,NA,NA,NA,NA,NA,NA,NA,NA,NA,NA,NA,NA,NA,NA,NA,NA,NA,NA,NA,NA,NA,NA,NA,NA,NA,NA,NA,NA,NA,NA,NA,NA,NA,NA,NA,NA,NA,NA,NA,NA,NA,NA,NA,NA,NA,NA,NA,NA,NA,NA,NA,NA,NA,NA,NA,NA,NA
"calibration","Turkish","h1b",NA,NA,10,100,NA,144,0.534722222222222,0.0415660758515174,0.449801413635695,0.618185214206254,0.199269217850912,0.162684207630692,0.245013668465255,0.150175861352492,1.32690577604338,0.64935872775148,0.949375,"ok",NA,NA,NA,NA,NA,NA,NA,NA,NA,NA,NA,NA,NA,NA,NA,NA,NA,NA,NA,NA,NA,NA,NA,NA,NA,NA,NA,NA,NA,NA,NA,NA,NA,NA,NA,NA,NA,NA,NA,NA,NA,NA,NA,NA,NA,NA,NA,NA,NA,NA,NA,NA,NA,NA,NA,NA,NA,NA,NA,NA,NA,NA,NA,NA,NA,NA,NA,NA,NA,NA,NA,NA,NA,NA,NA,NA,NA
"calibration","Turkish","h1b",NA,NA,6,70,NA,144,0.611111111111111,0.0406248351268154,0.526396782834434,0.691154999814733,0.200332305884153,0.159669451208269,0.251688894268004,0.150175861352492,1.33398473016868,0.710969500129689,0.949375,"ok",NA,NA,NA,NA,NA,NA,NA,NA,NA,NA,NA,NA,NA,NA,NA,NA,NA,NA,NA,NA,NA,NA,NA,NA,NA,NA,NA,NA,NA,NA,NA,NA,NA,NA,NA,NA,NA,NA,NA,NA,NA,NA,NA,NA,NA,NA,NA,NA,NA,NA,NA,NA,NA,NA,NA,NA,NA,NA,NA,NA,NA,NA,NA,NA,NA,NA,NA,NA,NA,NA,NA,NA,NA,NA,NA,NA,NA
"calibration","Turkish","h1b",NA,NA,6,80,NA,120,0.641666666666667,0.0437731420275374,0.549039036180886,0.7271215188316,0.184217213877059,0.142506404150128,0.236718588284126,0.150175861352492,1.2266765924829,0.710969500129689,0.949375,"near ceiling: MC interval reaches the verb floor",NA,NA,NA,NA,NA,NA,NA,NA,NA,NA,NA,NA,NA,NA,NA,NA,NA,NA,NA,NA,NA,NA,NA,NA,NA,NA,NA,NA,NA,NA,NA,NA,NA,NA,NA,NA,NA,NA,NA,NA,NA,NA,NA,NA,NA,NA,NA,NA,NA,NA,NA,NA,NA,NA,NA,NA,NA,NA,NA,NA,NA,NA,NA,NA,NA,NA,NA,NA,NA,NA,NA,NA,NA,NA,NA,NA,NA
"calibration","Turkish","h1b",NA,NA,6,100,NA,144,0.631944444444444,0.0401897118866196,0.547628622471157,0.710711042605091,0.189246799099405,0.150298967268313,0.237619731774966,0.150175861352492,1.26016789512668,0.710969500129689,0.949375,"ok",NA,NA,NA,NA,NA,NA,NA,NA,NA,NA,NA,NA,NA,NA,NA,NA,NA,NA,NA,NA,NA,NA,NA,NA,NA,NA,NA,NA,NA,NA,NA,NA,NA,NA,NA,NA,NA,NA,NA,NA,NA,NA,NA,NA,NA,NA,NA,NA,NA,NA,NA,NA,NA,NA,NA,NA,NA,NA,NA,NA,NA,NA,NA,NA,NA,NA,NA,NA,NA,NA,NA,NA,NA,NA,NA,NA,NA
"calibration","Turkish","h1b",NA,NA,3,70,NA,144,0.715277777777778,0.0376068365529628,0.634165371506768,0.787304101782589,0.202188512579835,0.152576169213462,0.266104675719382,0.150175861352492,1.34634495023977,0.790850905289672,0.949375,"ok",NA,NA,NA,NA,NA,NA,NA,NA,NA,NA,NA,NA,NA,NA,NA,NA,NA,NA,NA,NA,NA,NA,NA,NA,NA,NA,NA,NA,NA,NA,NA,NA,NA,NA,NA,NA,NA,NA,NA,NA,NA,NA,NA,NA,NA,NA,NA,NA,NA,NA,NA,NA,NA,NA,NA,NA,NA,NA,NA,NA,NA,NA,NA,NA,NA,NA,NA,NA,NA,NA,NA,NA,NA,NA,NA,NA,NA
"calibration","Turkish","h1b",NA,NA,3,80,NA,120,0.741666666666667,0.0399580219545277,0.653790595288739,0.817241469830341,0.183631420622145,0.132153653244567,0.249329884227362,0.150175861352492,1.2227758773504,0.790850905289672,0.949375,"near ceiling: MC interval reaches the verb floor",NA,NA,NA,NA,NA,NA,NA,NA,NA,NA,NA,NA,NA,NA,NA,NA,NA,NA,NA,NA,NA,NA,NA,NA,NA,NA,NA,NA,NA,NA,NA,NA,NA,NA,NA,NA,NA,NA,NA,NA,NA,NA,NA,NA,NA,NA,NA,NA,NA,NA,NA,NA,NA,NA,NA,NA,NA,NA,NA,NA,NA,NA,NA,NA,NA,NA,NA,NA,NA,NA,NA,NA,NA,NA,NA,NA,NA
"calibration","Turkish","h1b",NA,NA,3,100,NA,144,0.763888888888889,0.0353909371560663,0.685994074810987,0.830607824418119,0.168423342425008,0.12280962872054,0.223792420277004,0.150175861352492,1.121507417425,0.790850905289672,0.949375,"near ceiling: MC interval reaches the verb floor",NA,NA,NA,NA,NA,NA,NA,NA,NA,NA,NA,NA,NA,NA,NA,NA,NA,NA,NA,NA,NA,NA,NA,NA,NA,NA,NA,NA,NA,NA,NA,NA,NA,NA,NA,NA,NA,NA,NA,NA,NA,NA,NA,NA,NA,NA,NA,NA,NA,NA,NA,NA,NA,NA,NA,NA,NA,NA,NA,NA,NA,NA,NA,NA,NA,NA,NA,NA,NA,NA,NA,NA,NA,NA,NA,NA,NA
"calibration","Norwegian","h1a",NA,NA,10,70,NA,144,0.715277777777778,0.0376068365529628,0.634165371506768,0.787304101782589,0.226705682621203,0.19280662057904,0.267050067249122,0.163264236794721,1.38858140075251,0.848077776248967,0.995125,"ok",NA,NA,NA,NA,NA,NA,NA,NA,NA,NA,NA,NA,NA,NA,NA,NA,NA,NA,NA,NA,NA,NA,NA,NA,NA,NA,NA,NA,NA,NA,NA,NA,NA,NA,NA,NA,NA,NA,NA,NA,NA,NA,NA,NA,NA,NA,NA,NA,NA,NA,NA,NA,NA,NA,NA,NA,NA,NA,NA,NA,NA,NA,NA,NA,NA,NA,NA,NA,NA,NA,NA,NA,NA,NA,NA,NA,NA
"calibration","Norwegian","h1a",NA,NA,10,80,NA,120,0.691666666666667,0.0421568389952813,0.600863235468048,0.772744880366168,0.238062969059925,0.199652895035025,0.285107904257139,0.163264236794721,1.45814523580723,0.848077776248967,0.995125,"ok",NA,NA,NA,NA,NA,NA,NA,NA,NA,NA,NA,NA,NA,NA,NA,NA,NA,NA,NA,NA,NA,NA,NA,NA,NA,NA,NA,NA,NA,NA,NA,NA,NA,NA,NA,NA,NA,NA,NA,NA,NA,NA,NA,NA,NA,NA,NA,NA,NA,NA,NA,NA,NA,NA,NA,NA,NA,NA,NA,NA,NA,NA,NA,NA,NA,NA,NA,NA,NA,NA,NA,NA,NA,NA,NA,NA,NA
"calibration","Norwegian","h1a",NA,NA,10,100,NA,144,0.833333333333333,0.0310564996874971,0.762239098577472,0.890197792407813,0.170664435740934,0.140459429154238,0.204578218763034,0.163264236794721,1.04532651541757,0.848077776248967,0.995125,"near ceiling: MC interval reaches the verb floor",NA,NA,NA,NA,NA,NA,NA,NA,NA,NA,NA,NA,NA,NA,NA,NA,NA,NA,NA,NA,NA,NA,NA,NA,NA,NA,NA,NA,NA,NA,NA,NA,NA,NA,NA,NA,NA,NA,NA,NA,NA,NA,NA,NA,NA,NA,NA,NA,NA,NA,NA,NA,NA,NA,NA,NA,NA,NA,NA,NA,NA,NA,NA,NA,NA,NA,NA,NA,NA,NA,NA,NA,NA,NA,NA,NA,NA
"calibration","Norwegian","h1a",NA,NA,6,70,NA,144,0.777777777777778,0.0346449758034624,0.701015778797128,0.842761096077449,0.229150184694759,0.19089393887554,0.275144885332811,0.163264236794721,1.40355407401855,0.886388227017345,0.995125,"ok",NA,NA,NA,NA,NA,NA,NA,NA,NA,NA,NA,NA,NA,NA,NA,NA,NA,NA,NA,NA,NA,NA,NA,NA,NA,NA,NA,NA,NA,NA,NA,NA,NA,NA,NA,NA,NA,NA,NA,NA,NA,NA,NA,NA,NA,NA,NA,NA,NA,NA,NA,NA,NA,NA,NA,NA,NA,NA,NA,NA,NA,NA,NA,NA,NA,NA,NA,NA,NA,NA,NA,NA,NA,NA,NA,NA,NA
"calibration","Norwegian","h1a",NA,NA,6,80,NA,120,0.733333333333333,0.0403686713879666,0.644885987492981,0.809910927217907,0.255380508643941,0.210395340460012,0.311969891050561,0.163264236794721,1.56421586048292,0.886388227017345,0.995125,"ok",NA,NA,NA,NA,NA,NA,NA,NA,NA,NA,NA,NA,NA,NA,NA,NA,NA,NA,NA,NA,NA,NA,NA,NA,NA,NA,NA,NA,NA,NA,NA,NA,NA,NA,NA,NA,NA,NA,NA,NA,NA,NA,NA,NA,NA,NA,NA,NA,NA,NA,NA,NA,NA,NA,NA,NA,NA,NA,NA,NA,NA,NA,NA,NA,NA,NA,NA,NA,NA,NA,NA,NA,NA,NA,NA,NA,NA
"calibration","Norwegian","h1a",NA,NA,6,100,NA,144,0.861111111111111,0.0288192120323813,0.793677207356404,0.913052826436989,0.179620410830736,0.144229517512057,0.219878936941135,0.163264236794721,1.10018222212731,0.886388227017345,0.995125,"near ceiling: MC interval reaches the verb floor",NA,NA,NA,NA,NA,NA,NA,NA,NA,NA,NA,NA,NA,NA,NA,NA,NA,NA,NA,NA,NA,NA,NA,NA,NA,NA,NA,NA,NA,NA,NA,NA,NA,NA,NA,NA,NA,NA,NA,NA,NA,NA,NA,NA,NA,NA,NA,NA,NA,NA,NA,NA,NA,NA,NA,NA,NA,NA,NA,NA,NA,NA,NA,NA,NA,NA,NA,NA,NA,NA,NA,NA,NA,NA,NA,NA,NA
"calibration","Norwegian","h1a",NA,NA,3,70,NA,144,0.861111111111111,0.0288192120323813,0.793677207356404,0.913052826436989,0.226996059221758,0.179994498530187,0.284170561824039,0.163264236794721,1.39035996907988,0.929264265162265,0.995125,"ok",NA,NA,NA,NA,NA,NA,NA,NA,NA,NA,NA,NA,NA,NA,NA,NA,NA,NA,NA,NA,NA,NA,NA,NA,NA,NA,NA,NA,NA,NA,NA,NA,NA,NA,NA,NA,NA,NA,NA,NA,NA,NA,NA,NA,NA,NA,NA,NA,NA,NA,NA,NA,NA,NA,NA,NA,NA,NA,NA,NA,NA,NA,NA,NA,NA,NA,NA,NA,NA,NA,NA,NA,NA,NA,NA,NA,NA
"calibration","Norwegian","h1a",NA,NA,3,80,NA,120,0.841666666666667,0.0333246516472027,0.763836443971788,0.901897705259408,0.243506707934067,0.190719534498977,0.310301783203123,0.163264236794721,1.49148835479652,0.929264265162265,0.995125,"ok",NA,NA,NA,NA,NA,NA,NA,NA,NA,NA,NA,NA,NA,NA,NA,NA,NA,NA,NA,NA,NA,NA,NA,NA,NA,NA,NA,NA,NA,NA,NA,NA,NA,NA,NA,NA,NA,NA,NA,NA,NA,NA,NA,NA,NA,NA,NA,NA,NA,NA,NA,NA,NA,NA,NA,NA,NA,NA,NA,NA,NA,NA,NA,NA,NA,NA,NA,NA,NA,NA,NA,NA,NA,NA,NA,NA,NA
"calibration","Norwegian","h1a",NA,NA,3,100,NA,144,0.902777777777778,0.0246883437589138,0.842258796248542,0.945821779619453,0.189891236687288,0.14394729608861,0.243006763591047,0.163264236794721,1.16309144253096,0.929264265162265,0.995125,"near ceiling: MC interval reaches the verb floor",NA,NA,NA,NA,NA,NA,NA,NA,NA,NA,NA,NA,NA,NA,NA,NA,NA,NA,NA,NA,NA,NA,NA,NA,NA,NA,NA,NA,NA,NA,NA,NA,NA,NA,NA,NA,NA,NA,NA,NA,NA,NA,NA,NA,NA,NA,NA,NA,NA,NA,NA,NA,NA,NA,NA,NA,NA,NA,NA,NA,NA,NA,NA,NA,NA,NA,NA,NA,NA,NA,NA,NA,NA,NA,NA,NA,NA
"calibration","Norwegian","h1b",NA,NA,10,70,NA,144,0.9375,0.020171788261497,0.884672243648408,0.971025468352238,0.16170803144621,0.134976436446318,0.191517448420366,0.084089409001989,1.92304873307393,0.997000475363916,1,"ok",NA,NA,NA,NA,NA,NA,NA,NA,NA,NA,NA,NA,NA,NA,NA,NA,NA,NA,NA,NA,NA,NA,NA,NA,NA,NA,NA,NA,NA,NA,NA,NA,NA,NA,NA,NA,NA,NA,NA,NA,NA,NA,NA,NA,NA,NA,NA,NA,NA,NA,NA,NA,NA,NA,NA,NA,NA,NA,NA,NA,NA,NA,NA,NA,NA,NA,NA,NA,NA,NA,NA,NA,NA,NA,NA,NA,NA
"calibration","Norwegian","h1b",NA,NA,10,80,NA,120,0.966666666666667,0.0163865346708362,0.91685127857149,0.990844494443163,0.139258107531362,0.105958754898496,0.174306123072386,0.084089409001989,1.65607190232563,0.997000475363916,1,"ok",NA,NA,NA,NA,NA,NA,NA,NA,NA,NA,NA,NA,NA,NA,NA,NA,NA,NA,NA,NA,NA,NA,NA,NA,NA,NA,NA,NA,NA,NA,NA,NA,NA,NA,NA,NA,NA,NA,NA,NA,NA,NA,NA,NA,NA,NA,NA,NA,NA,NA,NA,NA,NA,NA,NA,NA,NA,NA,NA,NA,NA,NA,NA,NA,NA,NA,NA,NA,NA,NA,NA,NA,NA,NA,NA,NA,NA
"calibration","Norwegian","h1b",NA,NA,10,100,NA,144,0.972222222222222,0.0136946291275454,0.930406633423776,0.992380710284378,0.133728715887945,0.10205642002213,0.166232841574905,0.084089409001989,1.59031580165799,0.997000475363916,1,"ok",NA,NA,NA,NA,NA,NA,NA,NA,NA,NA,NA,NA,NA,NA,NA,NA,NA,NA,NA,NA,NA,NA,NA,NA,NA,NA,NA,NA,NA,NA,NA,NA,NA,NA,NA,NA,NA,NA,NA,NA,NA,NA,NA,NA,NA,NA,NA,NA,NA,NA,NA,NA,NA,NA,NA,NA,NA,NA,NA,NA,NA,NA,NA,NA,NA,NA,NA,NA,NA,NA,NA,NA,NA,NA,NA,NA,NA
"calibration","Norwegian","h1b",NA,NA,6,70,NA,144,0.965277777777778,0.0152562804704445,0.920831941424681,0.988631393345349,0.155893576273072,0.12211772036529,0.192673968703331,0.084089409001989,1.85390262725458,0.998089465975727,1,"ok",NA,NA,NA,NA,NA,NA,NA,NA,NA,NA,NA,NA,NA,NA,NA,NA,NA,NA,NA,NA,NA,NA,NA,NA,NA,NA,NA,NA,NA,NA,NA,NA,NA,NA,NA,NA,NA,NA,NA,NA,NA,NA,NA,NA,NA,NA,NA,NA,NA,NA,NA,NA,NA,NA,NA,NA,NA,NA,NA,NA,NA,NA,NA,NA,NA,NA,NA,NA,NA,NA,NA,NA,NA,NA,NA,NA,NA
"calibration","Norwegian","h1b",NA,NA,6,80,NA,120,0.975,0.0142521928137392,0.928676805843095,0.994814425041679,0.144604567044978,0.103881114912253,0.18710241470584,0.084089409001989,1.71965255507454,0.998089465975727,1,"ok",NA,NA,NA,NA,NA,NA,NA,NA,NA,NA,NA,NA,NA,NA,NA,NA,NA,NA,NA,NA,NA,NA,NA,NA,NA,NA,NA,NA,NA,NA,NA,NA,NA,NA,NA,NA,NA,NA,NA,NA,NA,NA,NA,NA,NA,NA,NA,NA,NA,NA,NA,NA,NA,NA,NA,NA,NA,NA,NA,NA,NA,NA,NA,NA,NA,NA,NA,NA,NA,NA,NA,NA,NA,NA,NA,NA,NA
"calibration","Norwegian","h1b",NA,NA,6,100,NA,144,0.986111111111111,0.00975248816339854,0.950730538004738,0.998313543059382,0.127343589344545,0.0817865939680747,0.169721376013125,0.084089409001989,1.51438321253432,0.998089465975727,1,"near ceiling: MC interval reaches the verb floor",NA,NA,NA,NA,NA,NA,NA,NA,NA,NA,NA,NA,NA,NA,NA,NA,NA,NA,NA,NA,NA,NA,NA,NA,NA,NA,NA,NA,NA,NA,NA,NA,NA,NA,NA,NA,NA,NA,NA,NA,NA,NA,NA,NA,NA,NA,NA,NA,NA,NA,NA,NA,NA,NA,NA,NA,NA,NA,NA,NA,NA,NA,NA,NA,NA,NA,NA,NA,NA,NA,NA,NA,NA,NA,NA,NA,NA
"calibration","Norwegian","h1b",NA,NA,3,70,NA,144,0.972222222222222,0.0136946291275454,0.930406633423776,0.992380710284378,0.174747035979384,0.131204134429918,0.223659303198604,0.084089409001989,2.07810993148079,0.99905005783162,1,"ok",NA,NA,NA,NA,NA,NA,NA,NA,NA,NA,NA,NA,NA,NA,NA,NA,NA,NA,NA,NA,NA,NA,NA,NA,NA,NA,NA,NA,NA,NA,NA,NA,NA,NA,NA,NA,NA,NA,NA,NA,NA,NA,NA,NA,NA,NA,NA,NA,NA,NA,NA,NA,NA,NA,NA,NA,NA,NA,NA,NA,NA,NA,NA,NA,NA,NA,NA,NA,NA,NA,NA,NA,NA,NA,NA,NA,NA
"calibration","Norwegian","h1b",NA,NA,3,80,NA,120,0.983333333333333,0.0116864910933126,0.941090780532973,0.997975177662307,0.155254160474015,0.0994990632981178,0.212864696296355,0.084089409001989,1.84629862805128,0.99905005783162,1,"ok",NA,NA,NA,NA,NA,NA,NA,NA,NA,NA,NA,NA,NA,NA,NA,NA,NA,NA,NA,NA,NA,NA,NA,NA,NA,NA,NA,NA,NA,NA,NA,NA,NA,NA,NA,NA,NA,NA,NA,NA,NA,NA,NA,NA,NA,NA,NA,NA,NA,NA,NA,NA,NA,NA,NA,NA,NA,NA,NA,NA,NA,NA,NA,NA,NA,NA,NA,NA,NA,NA,NA,NA,NA,NA,NA,NA,NA
"calibration","Norwegian","h1b",NA,NA,3,100,NA,144,0.986111111111111,0.00975248816339854,0.950730538004738,0.998313543059382,0.149126790495409,0.0956531455674978,0.202418442546413,0.084089409001989,1.77343130681156,0.99905005783162,1,"ok",NA,NA,NA,NA,NA,NA,NA,NA,NA,NA,NA,NA,NA,NA,NA,NA,NA,NA,NA,NA,NA,NA,NA,NA,NA,NA,NA,NA,NA,NA,NA,NA,NA,NA,NA,NA,NA,NA,NA,NA,NA,NA,NA,NA,NA,NA,NA,NA,NA,NA,NA,NA,NA,NA,NA,NA,NA,NA,NA,NA,NA,NA,NA,NA,NA,NA,NA,NA,NA,NA,NA,NA,NA,NA,NA,NA,NA
"identification","English","h1a",NA,NA,10,NA,NA,NA,NA,NA,NA,NA,NA,NA,NA,NA,NA,NA,NA,NA,0.0657144027433243,1.59725642904536,-7.01990406444378,10.1011435426732,0.332,0.105,0,0.0378187205476433,3.7827691736552,TRUE,3.87881268509624,2.72999369378082,5.29125324227646,0.293775218681471,0.64640936088658,0.290245621768227,0.864916065481235,0.630375841460108,0.638888888888889,0.554739937164821,0.717195323090672,0.679942329957946,0.659722222222222,0.576178820905574,0.736541929932078,TRUE,TRUE,NA,NA,NA,NA,NA,NA,NA,NA,NA,NA,NA,NA,NA,NA,NA,NA,NA,NA,NA,NA,NA,NA,NA,NA,NA,NA,NA,NA,NA,NA,NA,NA,NA,NA,NA,NA,NA,NA,NA,NA,NA,NA,NA,NA,NA,NA,NA,NA,NA,NA
"identification","English","h1a",NA,NA,6,NA,NA,NA,NA,NA,NA,NA,NA,NA,NA,NA,NA,NA,NA,NA,0.0972202614210942,-1.19617866415884,-11.159719876752,7.89760308814055,0.627,0.042,0,0.0378187205476433,3.63376138911745,TRUE,3.62649532222111,2.41510889081815,5.12928964224077,0.288357264648226,0.733569789985735,1.12743640867934,0.569089135434608,0.716918311603174,0.743055555555556,0.6636457765471,0.812188444042555,0.757936262992957,0.729166666666667,0.648862098490324,0.799790740748874,TRUE,TRUE,NA,NA,NA,NA,NA,NA,NA,NA,NA,NA,NA,NA,NA,NA,NA,NA,NA,NA,NA,NA,NA,NA,NA,NA,NA,NA,NA,NA,NA,NA,NA,NA,NA,NA,NA,NA,NA,NA,NA,NA,NA,NA,NA,NA,NA,NA,NA,NA,NA,NA
"identification","English","h1a",NA,NA,3,NA,NA,NA,NA,NA,NA,NA,NA,NA,NA,NA,NA,NA,NA,NA,-0.00781507502205448,6.793837319995,-2.57195088826876,16.7369037863894,0.073,0.56,0,0.0378187205476433,3.79431588948537,TRUE,3.02998761675046,1.71998231827755,4.68657360832739,0.275124636768545,0.843042852797257,1.03369390657763,0.596398057410716,0.812850806559949,0.826388888888889,0.75447481583727,0.88438407575018,0.842910035559309,0.881944444444444,0.817720341461005,0.929702643331803,TRUE,TRUE,NA,NA,NA,NA,NA,NA,NA,NA,NA,NA,NA,NA,NA,NA,NA,NA,NA,NA,NA,NA,NA,NA,NA,NA,NA,NA,NA,NA,NA,NA,NA,NA,NA,NA,NA,NA,NA,NA,NA,NA,NA,NA,NA,NA,NA,NA,NA,NA,NA,NA
"identification","English","h1b",NA,NA,10,NA,NA,NA,NA,NA,NA,NA,NA,NA,NA,NA,NA,NA,NA,NA,-0.0125144585073019,10.9417958599985,-0.775050093523178,24.2061861966244,0.036,0.567,0,0.0426962659964052,3.55442045459411,TRUE,6.54452270174315,5.00866323068499,8.34700576380724,0.352849542678171,0.832466869631747,6.59724147084211,0.0369340741464607,0.888512467270601,0.763888888888889,0.685994074810987,0.830607824418119,0.915842962204674,0.854166666666667,0.785756449688825,0.907403553862032,FALSE,FALSE,NA,NA,NA,NA,NA,NA,NA,NA,NA,NA,NA,NA,NA,NA,NA,NA,NA,NA,NA,NA,NA,NA,NA,NA,NA,NA,NA,NA,NA,NA,NA,NA,NA,NA,NA,NA,NA,NA,NA,NA,NA,NA,NA,NA,NA,NA,NA,NA,NA,NA
"identification","English","h1b",NA,NA,6,NA,NA,NA,NA,NA,NA,NA,NA,NA,NA,NA,NA,NA,NA,NA,0.0888991577385282,1.00650733185407,-11.6896799093366,14.0680363664411,0.436,0.135,0,0.0426962659964052,1.80167396942009,TRUE,4.97298037167623,3.39704112997479,6.83426706551389,0.323818653944392,0.908186928477451,6.31529719301371,0.0425256184963202,0.954626705315992,0.881944444444444,0.817720341461005,0.929702643331803,0.963350291546832,0.895833333333333,0.834017085665883,0.940515903198585,FALSE,FALSE,NA,NA,NA,NA,NA,NA,NA,NA,NA,NA,NA,NA,NA,NA,NA,NA,NA,NA,NA,NA,NA,NA,NA,NA,NA,NA,NA,NA,NA,NA,NA,NA,NA,NA,NA,NA,NA,NA,NA,NA,NA,NA,NA,NA,NA,NA,NA,NA,NA,NA
"identification","English","h1b",NA,NA,3,NA,NA,NA,NA,NA,NA,NA,NA,NA,NA,NA,NA,NA,NA,NA,0.051056547584934,2.94904914809032,-12.4194937178978,18.3251448597936,0.374,0.292,0,0.0426962659964052,1.07880747805426,TRUE,3.88075760195199,1.9917356031201,6.16724351502841,0.302002874192954,0.960248854948978,2.81498397321368,0.244756366266401,0.982256437725195,0.944444444444444,0.89346905666515,0.97571283683012,0.984793751397209,0.958333333333333,0.911517103470269,0.984557890863913,FALSE,FALSE,NA,NA,NA,NA,NA,NA,NA,NA,NA,NA,NA,NA,NA,NA,NA,NA,NA,NA,NA,NA,NA,NA,NA,NA,NA,NA,NA,NA,NA,NA,NA,NA,NA,NA,NA,NA,NA,NA,NA,NA,NA,NA,NA,NA,NA,NA,NA,NA,NA,NA
"identification","Turkish","h1a",NA,NA,10,NA,NA,NA,NA,NA,NA,NA,NA,NA,NA,NA,NA,NA,NA,NA,0.00589140654897577,1.81253966446822,-1.31023209823521,5.71204350516251,0.132,0.408,0,0.022538917801651,0.224850811623394,TRUE,0.478029036878177,0.0627034019339123,0.978689817723665,0.168861720832841,0.724887001269258,1.23919696444314,0.538160475218746,0.746723862201685,0.6875,0.605018046044786,0.762079723793544,0.754630692872575,0.75,0.67107156385569,0.818352511428668,TRUE,TRUE,NA,NA,NA,NA,NA,NA,NA,NA,NA,NA,NA,NA,NA,NA,NA,NA,NA,NA,NA,NA,NA,NA,NA,NA,NA,NA,NA,NA,NA,NA,NA,NA,NA,NA,NA,NA,NA,NA,NA,NA,NA,NA,NA,NA,NA,NA,NA,NA,NA,NA
"identification","Turkish","h1a",NA,NA,6,NA,NA,NA,NA,NA,NA,NA,NA,NA,NA,NA,NA,NA,NA,NA,0.0160445363193049,0.909086898921226,-2.86880761404247,4.51083447463939,0.294,0.233,0,0.022538917801651,0.105780633885887,TRUE,0.398944740493179,1e-04,0.955673920598512,0.165908791381939,0.792794994199622,0.687741888251137,0.709020425396238,0.815403161908291,0.770833333333333,0.693492155129134,0.836697615507871,0.818441469156553,0.798611111111111,0.72374845638366,0.860784470232041,TRUE,TRUE,NA,NA,NA,NA,NA,NA,NA,NA,NA,NA,NA,NA,NA,NA,NA,NA,NA,NA,NA,NA,NA,NA,NA,NA,NA,NA,NA,NA,NA,NA,NA,NA,NA,NA,NA,NA,NA,NA,NA,NA,NA,NA,NA,NA,NA,NA,NA,NA,NA,NA
"identification","Turkish","h1a",NA,NA,3,NA,NA,NA,NA,NA,NA,NA,NA,NA,NA,NA,NA,NA,NA,NA,-0.0158336958510525,3.3171571275767,-0.731084204489363,7.64788879371526,0.052,0.747,0,0.022538917801651,0.213730450624216,TRUE,0.23256489753405,1e-04,0.895281723947277,0.159517958301963,0.873972930794294,2.36299525712133,0.306818893610561,0.873336211992046,0.847222222222222,0.777877984828389,0.901709659608999,0.877339857253031,0.909722222222222,0.850570171031796,0.951051886581995,TRUE,TRUE,NA,NA,NA,NA,NA,NA,NA,NA,NA,NA,NA,NA,NA,NA,NA,NA,NA,NA,NA,NA,NA,NA,NA,NA,NA,NA,NA,NA,NA,NA,NA,NA,NA,NA,NA,NA,NA,NA,NA,NA,NA,NA,NA,NA,NA,NA,NA,NA,NA,NA
"identification","Turkish","h1b",NA,NA,10,NA,NA,NA,NA,NA,NA,NA,NA,NA,NA,NA,NA,NA,NA,NA,0.0512043673493709,-1.22535384427673,-6.83048061828436,3.61308055459825,0.699,0.042,0,0.0225527893329628,0.921353079984318,TRUE,1.08860020064338,0.479368270474412,1.86186380248003,0.190158596547737,0.554272089890469,1.03801093795093,0.595112111215114,0.556855240089162,0.5625,0.477431413075424,0.644943795642778,0.581149429528799,0.534722222222222,0.449801413635695,0.618185214206254,TRUE,TRUE,NA,NA,NA,NA,NA,NA,NA,NA,NA,NA,NA,NA,NA,NA,NA,NA,NA,NA,NA,NA,NA,NA,NA,NA,NA,NA,NA,NA,NA,NA,NA,NA,NA,NA,NA,NA,NA,NA,NA,NA,NA,NA,NA,NA,NA,NA,NA,NA,NA,NA
"identification","Turkish","h1b",NA,NA,6,NA,NA,NA,NA,NA,NA,NA,NA,NA,NA,NA,NA,NA,NA,NA,0.0256567368317782,0.894726547590952,-4.88314541426473,6.42948078513145,0.378,0.213,0,0.0225527893329628,0.910655404453075,TRUE,1.15567321881576,0.470966459514652,2.03960160639369,0.192350473272513,0.62602715477437,0.189504199628624,0.909598396132385,0.63322536955173,0.611111111111111,0.526396782834434,0.691154999814733,0.654037863110539,0.631944444444444,0.547628622471157,0.710711042605091,TRUE,TRUE,NA,NA,NA,NA,NA,NA,NA,NA,NA,NA,NA,NA,NA,NA,NA,NA,NA,NA,NA,NA,NA,NA,NA,NA,NA,NA,NA,NA,NA,NA,NA,NA,NA,NA,NA,NA,NA,NA,NA,NA,NA,NA,NA,NA,NA,NA,NA,NA,NA,NA
"identification","Turkish","h1b",NA,NA,3,NA,NA,NA,NA,NA,NA,NA,NA,NA,NA,NA,NA,NA,NA,NA,-0.000868079392236057,2.86990087753363,-3.83591829097974,9.16172678733319,0.187,0.505,0,0.0225527893329628,0.893416744539554,TRUE,0.972403166358872,0.194642995471164,2.0066267741453,0.186300372818867,0.737813844484231,0.402630554567285,0.817654602990062,0.735476746948218,0.715277777777778,0.634165371506768,0.787304101782589,0.750656386055787,0.763888888888889,0.685994074810987,0.830607824418119,TRUE,TRUE,NA,NA,NA,NA,NA,NA,NA,NA,NA,NA,NA,NA,NA,NA,NA,NA,NA,NA,NA,NA,NA,NA,NA,NA,NA,NA,NA,NA,NA,NA,NA,NA,NA,NA,NA,NA,NA,NA,NA,NA,NA,NA,NA,NA,NA,NA,NA,NA,NA,NA
"identification","Norwegian","h1a",NA,NA,10,NA,NA,NA,NA,NA,NA,NA,NA,NA,NA,NA,NA,NA,NA,NA,-0.0225678165590515,5.57007651075762,1.29523634633701,9.88036013140921,0.008,0.807,0,0.0266552110161626,2.40150129771714,TRUE,1.49222579242153,0.868774030789907,2.23855416680767,0.212856837854535,0.744584775001735,6.07339846848287,0.047993042128315,0.673657381818699,0.715277777777778,0.634165371506768,0.787304101782589,0.718650798213929,0.833333333333333,0.762239098577472,0.890197792407813,TRUE,FALSE,NA,NA,NA,NA,NA,NA,NA,NA,NA,NA,NA,NA,NA,NA,NA,NA,NA,NA,NA,NA,NA,NA,NA,NA,NA,NA,NA,NA,NA,NA,NA,NA,NA,NA,NA,NA,NA,NA,NA,NA,NA,NA,NA,NA,NA,NA,NA,NA,NA,NA
"identification","Norwegian","h1a",NA,NA,6,NA,NA,NA,NA,NA,NA,NA,NA,NA,NA,NA,NA,NA,NA,NA,-0.0145899217617688,5.26732380696048,0.133719367960566,10.3982484245817,0.023,0.691,0,0.0266552110161626,3.08511945432603,TRUE,1.80803742883522,1.05906742415729,2.72060720500682,0.221936204519684,0.790148479689938,5.03524225208765,0.0806512378553057,0.715891948607538,0.777777777777778,0.701015778797128,0.842761096077449,0.759579366877495,0.861111111111111,0.793677207356404,0.913052826436989,TRUE,FALSE,NA,NA,NA,NA,NA,NA,NA,NA,NA,NA,NA,NA,NA,NA,NA,NA,NA,NA,NA,NA,NA,NA,NA,NA,NA,NA,NA,NA,NA,NA,NA,NA,NA,NA,NA,NA,NA,NA,NA,NA,NA,NA,NA,NA,NA,NA,NA,NA,NA,NA
"identification","Norwegian","h1a",NA,NA,3,NA,NA,NA,NA,NA,NA,NA,NA,NA,NA,NA,NA,NA,NA,NA,0.000226245779414991,3.9744415728324,-2.33534687219681,10.4366416587035,0.113,0.5,0,0.0266552110161626,2.61122446341796,TRUE,1.77815566110253,0.868523011398594,2.91756303622848,0.221093095278763,0.867976531494694,1.45434360060224,0.483273854095083,0.830526355645667,0.861111111111111,0.793677207356404,0.913052826436989,0.857933864703976,0.902777777777778,0.842258796248542,0.945821779619453,TRUE,TRUE,NA,NA,NA,NA,NA,NA,NA,NA,NA,NA,NA,NA,NA,NA,NA,NA,NA,NA,NA,NA,NA,NA,NA,NA,NA,NA,NA,NA,NA,NA,NA,NA,NA,NA,NA,NA,NA,NA,NA,NA,NA,NA,NA,NA,NA,NA,NA,NA,NA,NA
"identification","Norwegian","h1b",NA,NA,10,NA,NA,NA,NA,NA,NA,NA,NA,NA,NA,NA,NA,NA,NA,NA,-0.00146501808887482,1.84367037541598,-0.828586911156528,4.99427903126848,0.083,0.553,0,0.00707102870630379,0.985743344553,TRUE,1.17165576300057,0.816953905296694,1.57736209233755,0.1473659585651,0.957340889259811,0.648766640484979,0.722973059049937,0.959681590316436,0.9375,0.884672243648408,0.971025468352238,0.975507767224675,0.972222222222222,0.930406633423776,0.992380710284378,TRUE,TRUE,NA,NA,NA,NA,NA,NA,NA,NA,NA,NA,NA,NA,NA,NA,NA,NA,NA,NA,NA,NA,NA,NA,NA,NA,NA,NA,NA,NA,NA,NA,NA,NA,NA,NA,NA,NA,NA,NA,NA,NA,NA,NA,NA,NA,NA,NA,NA,NA,NA,NA
"identification","Norwegian","h1b",NA,NA,6,NA,NA,NA,NA,NA,NA,NA,NA,NA,NA,NA,NA,NA,NA,NA,-0.00265233922033566,1.88624026171429,-1.38363663964804,6.69704357930367,0.122,0.583,0,0.00707102870630379,1.10715616831694,TRUE,1.11048207624013,0.683543391862688,1.6038283369501,0.14474824579008,0.974888642625782,0.237069346822325,0.888221017470326,0.969483532047166,0.965277777777778,0.920831941424681,0.988631393345349,0.981919703409266,0.986111111111111,0.950730538004738,0.998313543059382,TRUE,TRUE,NA,NA,NA,NA,NA,NA,NA,NA,NA,NA,NA,NA,NA,NA,NA,NA,NA,NA,NA,NA,NA,NA,NA,NA,NA,NA,NA,NA,NA,NA,NA,NA,NA,NA,NA,NA,NA,NA,NA,NA,NA,NA,NA,NA,NA,NA,NA,NA,NA,NA
"identification","Norwegian","h1b",NA,NA,3,NA,NA,NA,NA,NA,NA,NA,NA,NA,NA,NA,NA,NA,NA,NA,0.0028228443792582,1.85970692052936,-3.2219404830556,8.19186559113556,0.208,0.473,0,0.00707102870630379,1.36262605105501,TRUE,1.52996331962219,0.92470884369722,2.25337885686087,0.161850456290927,0.979962535510052,0.124746868092203,0.939531968048394,0.97938828523632,0.972222222222222,0.930406633423776,0.992380710284378,0.988230863593068,0.986111111111111,0.950730538004738,0.998313543059382,TRUE,TRUE,NA,NA,NA,NA,NA,NA,NA,NA,NA,NA,NA,NA,NA,NA,NA,NA,NA,NA,NA,NA,NA,NA,NA,NA,NA,NA,NA,NA,NA,NA,NA,NA,NA,NA,NA,NA,NA,NA,NA,NA,NA,NA,NA,NA,NA,NA,NA,NA,NA,NA
"decomposition","English","h1a",NA,NA,10,NA,NA,NA,NA,NA,NA,NA,NA,NA,NA,NA,NA,NA,NA,NA,NA,NA,NA,NA,NA,NA,NA,NA,NA,NA,NA,NA,NA,NA,NA,NA,NA,NA,NA,NA,NA,NA,NA,NA,NA,NA,NA,0.82505421562125,17.9994047619048,0.0378187205476433,0.477933151334021,0.389589199869183,0.867522351203204,0.702208957415642,0.449082607876149,0.220596350689859,0.215861836634776,0.291724759350888,0.978537659212054,0.945580900839933,1.10882162582425,0.783568668118456,70,0.193687928020232,0.224080112891357,0.218747061882331,0.303081309505039,NA,NA,NA,NA,NA,NA,NA,NA,NA,NA,NA,NA,NA,NA,NA,NA,NA,NA,NA,NA,NA,NA,NA,NA,NA,NA,NA,NA,NA,NA
"decomposition","English","h1b",NA,NA,10,NA,NA,NA,NA,NA,NA,NA,NA,NA,NA,NA,NA,NA,NA,NA,NA,NA,NA,NA,NA,NA,NA,NA,NA,NA,NA,NA,NA,NA,NA,NA,NA,NA,NA,NA,NA,NA,NA,NA,NA,NA,NA,0.8766455232825,17.9994047619048,0.0426962659964052,1.06903202399299,1.34234615087867,2.41137817487167,1.88664292189432,0.556671767567157,0.2698860744505,0.257447669478836,0.295172020487768,0.953912386932193,0.942884176709284,1.40089605698258,0.925249915968099,70,0.238354613104943,0.277749033549046,0.263909658288121,0.305734690642124,NA,NA,NA,NA,NA,NA,NA,NA,NA,NA,NA,NA,NA,NA,NA,NA,NA,NA,NA,NA,NA,NA,NA,NA,NA,NA,NA,NA,NA,NA
"decomposition","Turkish","h1a",NA,NA,10,NA,NA,NA,NA,NA,NA,NA,NA,NA,NA,NA,NA,NA,NA,NA,NA,NA,NA,NA,NA,NA,NA,NA,NA,NA,NA,NA,NA,NA,NA,NA,NA,NA,NA,NA,NA,NA,NA,NA,NA,NA,NA,0.63693571450125,17.9994047619048,0.022538917801651,0.132436270436461,0.259620573584964,0.392056844021425,0.269004632678644,0.662201355604384,0.16564911213743,0.160939354137309,0.159215429362055,0.971567864509809,0.982446118649233,1.18051314734682,0.733233087570254,70,0.155554153719786,0.167749008518977,0.162424878407317,0.160471406342108,NA,NA,NA,NA,NA,NA,NA,NA,NA,NA,NA,NA,NA,NA,NA,NA,NA,NA,NA,NA,NA,NA,NA,NA,NA,NA,NA,NA,NA,NA
"decomposition","Turkish","h1b",NA,NA,10,NA,NA,NA,NA,NA,NA,NA,NA,NA,NA,NA,NA,NA,NA,NA,NA,NA,NA,NA,NA,NA,NA,NA,NA,NA,NA,NA,NA,NA,NA,NA,NA,NA,NA,NA,NA,NA,NA,NA,NA,NA,NA,0.63713168475125,17.9994047619048,0.0225527893329628,0.0315566371917223,1.05328094031784,1.08483757750956,0.569310266837427,0.970911187217384,0.190034889038388,0.172247402501259,0.184579800717107,0.906398837460127,0.91616571767851,4.02980175698269,0.554543491802534,70,0.176403177006922,0.1950652942265,0.175173608585672,0.188984063322497,NA,NA,NA,NA,NA,NA,NA,NA,NA,NA,NA,NA,NA,NA,NA,NA,NA,NA,NA,NA,NA,NA,NA,NA,NA,NA,NA,NA,NA,NA
"decomposition","Norwegian","h1a",NA,NA,10,NA,NA,NA,NA,NA,NA,NA,NA,NA,NA,NA,NA,NA,NA,NA,NA,NA,NA,NA,NA,NA,NA,NA,NA,NA,NA,NA,NA,NA,NA,NA,NA,NA,NA,NA,NA,NA,NA,NA,NA,NA,NA,0.6631604289775,16.4989035087719,0.0266552110161626,0.319951706074989,0.341951240563498,0.661902946638487,0.506519891884449,0.51661839896637,0.186893011771826,0.1816224371181,0.238062969059925,0.971798974163036,0.935765898570356,1.38998571959605,0.799796931387016,57,0.17812264296744,0.195620917627254,0.188524600275063,0.262272401770561,NA,NA,NA,NA,NA,NA,NA,NA,NA,NA,NA,NA,NA,NA,NA,NA,NA,NA,NA,NA,NA,NA,NA,NA,NA,NA,NA,NA,NA,NA
"decomposition","Norwegian","h1b",NA,NA,10,NA,NA,NA,NA,NA,NA,NA,NA,NA,NA,NA,NA,NA,NA,NA,NA,NA,NA,NA,NA,NA,NA,NA,NA,NA,NA,NA,NA,NA,NA,NA,NA,NA,NA,NA,NA,NA,NA,NA,NA,NA,NA,0.3415614444475,16.4989035087719,0.00707102870630379,0.128442831422331,0.681026269750132,0.809469101172463,0.48491023973453,0.841324602463158,0.131108323423647,0.11459671331668,0.139258107531362,0.874061312998314,0.863274593956418,1.54180105537014,0.974628463572662,57,0.12798670822865,0.145850063447278,0.12481276334826,0.156092189404847,NA,NA,NA,NA,NA,NA,NA,NA,NA,NA,NA,NA,NA,NA,NA,NA,NA,NA,NA,NA,NA,NA,NA,NA,NA,NA,NA,NA,NA,NA
"grid","English","h1a",NA,NA,10,80,0.7,NA,0.65,0.0435411682587104,NA,NA,NA,NA,NA,0.194470359046419,NA,NA,NA,NA,NA,NA,NA,NA,NA,NA,NA,NA,NA,NA,NA,NA,NA,NA,NA,NA,NA,NA,NA,NA,NA,NA,NA,NA,NA,NA,NA,NA,NA,NA,NA,NA,NA,NA,NA,NA,NA,NA,NA,NA,NA,NA,NA,NA,NA,NA,NA,0.291724759350888,0.204207331545621,"ok",0.65,0.814881450346994,16.4881450346993,4.35411682587104,3.78679435901467,974.459881618114,894.459881618114,Inf,Inf,0.293775218681471,0.64640936088658,0.812169668405575,16.5760307518995,787.708346616037,3200,19489.1976323623,NA,NA,NA,NA,NA,NA,NA,NA,NA,NA,NA
"grid","English","h1a",NA,NA,10,80,0.71,NA,0.65,0.0435411682587104,NA,NA,NA,NA,NA,0.194470359046419,NA,NA,NA,NA,NA,NA,NA,NA,NA,NA,NA,NA,NA,NA,NA,NA,NA,NA,NA,NA,NA,NA,NA,NA,NA,NA,NA,NA,NA,NA,NA,NA,NA,NA,NA,NA,NA,NA,NA,NA,NA,NA,NA,NA,NA,NA,NA,NA,NA,NA,NA,0.291724759350888,0.20712457913913,"ok",0.65,0.809362168489663,15.9362168489663,4.35411682587104,3.66003428164292,744.365484725673,664.365484725673,Inf,Inf,0.293775218681471,0.64640936088658,0.806597027506675,16.0187666620095,602.041218950784,3200,14887.3096945135,NA,NA,NA,NA,NA,NA,NA,NA,NA,NA,NA
"grid","English","h1a",NA,NA,10,80,0.72,NA,0.65,0.0435411682587104,NA,NA,NA,NA,NA,0.194470359046419,NA,NA,NA,NA,NA,NA,NA,NA,NA,NA,NA,NA,NA,NA,NA,NA,NA,NA,NA,NA,NA,NA,NA,NA,NA,NA,NA,NA,NA,NA,NA,NA,NA,NA,NA,NA,NA,NA,NA,NA,NA,NA,NA,NA,NA,NA,NA,NA,NA,NA,NA,0.291724759350888,0.210041826732639,"ok",0.65,0.803814688356963,15.3814688356963,4.35411682587104,3.53262658096437,600.549325161495,520.549325161495,Inf,Inf,0.293775218681471,0.64640936088658,0.800997776715209,15.4588415828629,480.424040026745,3200,12010.9865032299,NA,NA,NA,NA,NA,NA,NA,NA,NA,NA,NA
"grid","English","h1a",NA,NA,10,80,0.73,NA,0.65,0.0435411682587104,NA,NA,NA,NA,NA,0.194470359046419,NA,NA,NA,NA,NA,NA,NA,NA,NA,NA,NA,NA,NA,NA,NA,NA,NA,NA,NA,NA,NA,NA,NA,NA,NA,NA,NA,NA,NA,NA,NA,NA,NA,NA,NA,NA,NA,NA,NA,NA,NA,NA,NA,NA,NA,NA,NA,NA,NA,NA,NA,0.291724759350888,0.212959074326148,"ok",0.65,0.798242914238424,14.8242914238424,4.35411682587104,3.40466092589897,502.169933759067,422.169933759067,Inf,Inf,0.293775218681471,0.64640936088658,0.795375860197356,14.8966499310777,394.610869483524,3200,10043.3986751813,NA,NA,NA,NA,NA,NA,NA,NA,NA,NA,NA
"grid","English","h1a",NA,NA,10,80,0.74,NA,0.65,0.0435411682587104,NA,NA,NA,NA,NA,0.194470359046419,NA,NA,NA,NA,NA,NA,NA,NA,NA,NA,NA,NA,NA,NA,NA,NA,NA,NA,NA,NA,NA,NA,NA,NA,NA,NA,NA,NA,NA,NA,NA,NA,NA,NA,NA,NA,NA,NA,NA,NA,NA,NA,NA,NA,NA,NA,NA,NA,NA,NA,NA,0.291724759350888,0.215876321919657,"ok",0.65,0.792650664787718,14.2650664787718,4.35411682587104,3.27622501858757,430.649699354432,350.649699354432,Inf,Inf,0.293775218681471,0.64640936088658,0.789735130364978,14.3325769478399,330.835308773278,3200,8612.99398708863,NA,NA,NA,NA,NA,NA,NA,NA,NA,NA,NA
"grid","English","h1a",NA,NA,10,80,0.75,NA,0.65,0.0435411682587104,NA,NA,NA,NA,NA,0.194470359046419,NA,NA,NA,NA,NA,NA,NA,NA,NA,NA,NA,NA,NA,NA,NA,NA,NA,NA,NA,NA,NA,NA,NA,NA,NA,NA,NA,NA,NA,NA,NA,NA,NA,NA,NA,NA,NA,NA,NA,NA,NA,NA,NA,NA,NA,NA,NA,NA,NA,NA,NA,0.291724759350888,0.218793569513166,"ok",0.65,0.787041666159546,13.7041666159546,4.35411682587104,3.14740443676843,376.323590476203,296.323590476203,Inf,Inf,0.293775218681471,0.64640936088658,0.784079341237586,13.7669980351006,281.586298757656,3200,7526.47180952405,NA,NA,NA,NA,NA,NA,NA,NA,NA,NA,NA
"grid","English","h1a",NA,NA,10,80,0.76,NA,0.65,0.0435411682587104,NA,NA,NA,NA,NA,0.194470359046419,NA,NA,NA,NA,NA,NA,NA,NA,NA,NA,NA,NA,NA,NA,NA,NA,NA,NA,NA,NA,NA,NA,NA,NA,NA,NA,NA,NA,NA,NA,NA,NA,NA,NA,NA,NA,NA,NA,NA,NA,NA,NA,NA,NA,NA,NA,NA,NA,NA,NA,NA,0.291724759350888,0.221710817106675,"ok",0.65,0.78141954602772,13.141954602772,4.35411682587104,3.01828249639189,333.666804288001,253.666804288001,Inf,Inf,0.293775218681471,0.64640936088658,0.778412142703154,13.2002781816574,242.417598447956,3200,6673.33608576003,NA,NA,NA,NA,NA,NA,NA,NA,NA,NA,NA
"grid","English","h1a",NA,NA,10,80,0.77,NA,0.65,0.0435411682587104,NA,NA,NA,NA,NA,0.194470359046419,NA,NA,NA,NA,NA,NA,NA,NA,NA,NA,NA,NA,NA,NA,NA,NA,NA,NA,NA,NA,NA,NA,NA,NA,NA,NA,NA,NA,NA,NA,NA,NA,NA,NA,NA,NA,NA,NA,NA,NA,NA,NA,NA,NA,NA,NA,NA,NA,NA,NA,NA,0.291724759350888,0.224628064700183,"ok",0.65,0.775787828445954,12.5787828445954,4.35411682587104,2.88894013358932,299.292280707146,219.292280707146,Inf,Inf,0.293775218681471,0.64640936088658,0.772737075635684,12.6327714749104,210.52928210251,3200,5985.84561414292,NA,NA,NA,NA,NA,NA,NA,NA,NA,NA,NA
"grid","English","h1a",NA,NA,10,80,0.78,NA,0.65,0.0435411682587104,NA,NA,NA,NA,NA,0.194470359046419,NA,NA,NA,NA,NA,NA,NA,NA,NA,NA,NA,NA,NA,NA,NA,NA,NA,NA,NA,NA,NA,NA,NA,NA,NA,NA,NA,NA,NA,NA,NA,NA,NA,NA,NA,NA,NA,NA,NA,NA,NA,NA,NA,NA,NA,NA,NA,NA,NA,NA,NA,0.291724759350888,0.227545312293692,"ok",0.65,0.770149929509974,12.0149929509974,4.35411682587104,2.75945580504579,271.007945414375,191.007945414375,Inf,Inf,0.293775218681471,0.64640936088658,0.767057567824739,12.0648206938159,184.070325215977,3200,5420.1589082875,NA,NA,NA,NA,NA,NA,NA,NA,NA,NA,NA
"grid","English","h1a",NA,NA,10,80,0.79,NA,0.65,0.0435411682587104,NA,NA,NA,NA,NA,0.194470359046419,NA,NA,NA,NA,NA,NA,NA,NA,NA,NA,NA,NA,NA,NA,NA,NA,NA,NA,NA,NA,NA,NA,NA,NA,NA,NA,NA,NA,NA,NA,NA,NA,NA,NA,NA,NA,NA,NA,NA,NA,NA,NA,NA,NA,NA,NA,NA,NA,NA,NA,NA,0.291724759350888,0.230462559887201,"ok",0.65,0.764509153777378,11.4509153777378,4.35411682587104,2.62990540577583,247.332428137602,167.332428137602,Inf,Inf,0.293775218681471,0.64640936088658,0.76137693067035,11.4967569783771,161.768026550227,3200,4946.64856275205,NA,NA,NA,NA,NA,NA,NA,NA,NA,NA,NA
"grid","English","h1a",NA,NA,10,80,0.8,NA,0.65,0.0435411682587104,NA,NA,NA,NA,NA,0.194470359046419,NA,NA,NA,NA,NA,NA,NA,NA,NA,NA,NA,NA,NA,NA,NA,NA,NA,NA,NA,NA,NA,NA,NA,NA,NA,NA,NA,NA,NA,NA,NA,NA,NA,NA,NA,NA,NA,NA,NA,NA,NA,NA,NA,NA,NA,NA,NA,NA,NA,NA,NA,0.291724759350888,0.23337980748071,"ok",0.65,0.758868691400278,10.8868691400278,4.35411682587104,2.50036220326952,227.228635958268,147.228635958268,Inf,Inf,0.293775218681471,0.64640936088658,0.755698356595505,10.9288995708925,142.718515932457,3200,4544.57271916536,NA,NA,NA,NA,NA,NA,NA,NA,NA,NA,NA
"grid","English","h1a",NA,NA,10,80,0.81,NA,0.65,0.0435411682587104,NA,NA,NA,NA,NA,0.194470359046419,NA,NA,NA,NA,NA,NA,NA,NA,NA,NA,NA,NA,NA,NA,NA,NA,NA,NA,NA,NA,NA,NA,NA,NA,NA,NA,NA,NA,NA,NA,NA,NA,NA,NA,NA,NA,NA,NA,NA,NA,NA,NA,NA,NA,NA,NA,NA,NA,NA,NA,NA,0.291724759350888,0.236297055074219,"ok",0.65,0.753231615924925,10.3231615924925,4.35411682587104,2.37089678695687,209.948819920591,129.948819920591,Inf,Inf,0.293775218681471,0.64640936088658,0.750024917127907,10.3615556241327,126.26217408546,3200,4198.97639841182,NA,NA,NA,NA,NA,NA,NA,NA,NA,NA,NA
"grid","English","h1a",NA,NA,10,80,0.82,NA,0.65,0.0435411682587104,NA,NA,NA,NA,NA,0.194470359046419,NA,NA,NA,NA,NA,NA,NA,NA,NA,NA,NA,NA,NA,NA,NA,NA,NA,NA,NA,NA,NA,NA,NA,NA,NA,NA,NA,NA,NA,NA,NA,NA,NA,NA,NA,NA,NA,NA,NA,NA,NA,NA,NA,NA,NA,NA,NA,NA,NA,NA,NA,0.291724759350888,0.239214302667728,"ok",0.65,0.747600882712257,9.76008827122564,4.35411682587104,2.24157703193302,194.94025040304,114.94025040304,Inf,Inf,0.293775218681471,0.64640936088658,0.744359561602721,9.79502007161414,111.906352394271,3200,3898.8050080608,NA,NA,NA,NA,NA,NA,NA,NA,NA,NA,NA
"grid","English","h1a",NA,NA,10,80,0.83,NA,0.65,0.0435411682587104,NA,NA,NA,NA,NA,0.194470359046419,NA,NA,NA,NA,NA,NA,NA,NA,NA,NA,NA,NA,NA,NA,NA,NA,NA,NA,NA,NA,NA,NA,NA,NA,NA,NA,NA,NA,NA,NA,NA,NA,NA,NA,NA,NA,NA,NA,NA,NA,NA,NA,NA,NA,NA,NA,NA,NA,NA,NA,NA,0.291724759350888,0.242131550261237,"ok",0.65,0.741979327933528,9.19793279335279,4.35411682587104,2.11246807589108,181.785533051053,101.785533051053,Inf,Inf,0.293775218681471,0.64640936088658,0.738705116438447,9.2295755551867,99.2756878293914,3200,3635.71066102106,NA,NA,NA,NA,NA,NA,NA,NA,NA,NA,NA
"grid","English","h1a",NA,NA,10,80,0.84,NA,0.65,0.0435411682587104,NA,NA,NA,NA,NA,0.194470359046419,NA,NA,NA,NA,NA,NA,NA,NA,NA,NA,NA,NA,NA,NA,NA,NA,NA,NA,NA,NA,NA,NA,NA,NA,NA,NA,NA,NA,NA,NA,NA,NA,NA,NA,NA,NA,NA,NA,NA,NA,NA,NA,NA,NA,NA,NA,NA,NA,NA,NA,NA,0.291724759350888,0.245048797854746,"ok",0.65,0.736369668095797,8.63696680957963,4.35411682587104,1.98363230822402,170.163579357167,90.163579357167,Inf,Inf,0.293775218681471,0.64640936088658,0.733064284938961,8.66549240523814,88.0791628314787,3200,3403.27158714334,NA,NA,NA,NA,NA,NA,NA,NA,NA,NA,NA
"grid","English","h1a",NA,NA,10,80,0.85,NA,0.65,0.0435411682587104,NA,NA,NA,NA,NA,0.194470359046419,NA,NA,NA,NA,NA,NA,NA,NA,NA,NA,NA,NA,NA,NA,NA,NA,NA,NA,NA,NA,NA,NA,NA,NA,NA,NA,NA,NA,NA,NA,NA,NA,NA,NA,NA,NA,NA,NA,NA,NA,NA,NA,NA,NA,NA,NA,NA,NA,NA,NA,NA,0.291724759350888,0.247966045448254,"ok",0.65,0.730774500052972,8.07745000529714,4.35411682587104,1.85512937027849,159.823347457129,79.8233474571295,Inf,Inf,0.293775218681471,0.64640936088658,0.727439647575933,8.10302866893529,78.0876763281748,3200,3196.46694914259,NA,NA,NA,NA,NA,NA,NA,NA,NA,NA,NA
"grid","English","h1a",NA,NA,10,80,0.86,NA,0.65,0.0435411682587104,NA,NA,NA,NA,NA,0.194470359046419,NA,NA,NA,NA,NA,NA,NA,NA,NA,NA,NA,NA,NA,NA,NA,NA,NA,NA,NA,NA,NA,NA,NA,NA,NA,NA,NA,NA,NA,NA,NA,NA,NA,NA,NA,NA,NA,NA,NA,NA,NA,NA,NA,NA,NA,NA,NA,NA,NA,NA,NA,0.291724759350888,0.250883293041763,"ok",0.65,0.725196301459404,7.51963014594041,4.35411682587104,1.72701616577229,150.565730492868,70.5657304928684,Inf,Inf,0.293775218681471,0.64640936088658,0.721833662707274,7.54243018206939,69.1184103901769,3200,3011.31460985737,NA,NA,NA,NA,NA,NA,NA,NA,NA,NA,NA
"grid","English","h1a",NA,NA,10,80,0.87,NA,0.65,0.0435411682587104,NA,NA,NA,NA,NA,0.194470359046419,NA,NA,NA,NA,NA,NA,NA,NA,NA,NA,NA,NA,NA,NA,NA,NA,NA,NA,NA,NA,NA,NA,NA,NA,NA,NA,NA,NA,NA,NA,NA,NA,NA,NA,NA,NA,NA,NA,NA,NA,NA,NA,NA,NA,NA,NA,NA,NA,NA,NA,NA,0.291724759350888,0.253800540635272,"ok",0.65,0.719637431624431,6.96374316244308,4.35411682587104,1.59934688042046,142.230788247622,62.2307882476221,Inf,Inf,0.293775218681471,0.64640936088658,0.716248667688966,6.98393068023858,61.0237058627854,3200,2844.61576495244,NA,NA,NA,NA,NA,NA,NA,NA,NA,NA,NA
"grid","English","h1a",NA,NA,10,80,0.88,NA,0.65,0.0435411682587104,NA,NA,NA,NA,NA,0.194470359046419,NA,NA,NA,NA,NA,NA,NA,NA,NA,NA,NA,NA,NA,NA,NA,NA,NA,NA,NA,NA,NA,NA,NA,NA,NA,NA,NA,NA,NA,NA,NA,NA,NA,NA,NA,NA,NA,NA,NA,NA,NA,NA,NA,NA,NA,NA,NA,NA,NA,NA,NA,0.291724759350888,0.256717788228781,"ok",0.65,0.714100132727951,6.4100132727951,4.35411682587104,1.47217300985322,134.688569152578,54.6885691525783,Inf,Inf,0.293775218681471,0.64640936088658,0.710686880339424,6.42775194528441,53.6829993361004,3200,2693.77138305157,NA,NA,NA,NA,NA,NA,NA,NA,NA,NA,NA
"grid","English","h1a",NA,NA,10,80,0.89,NA,0.65,0.0435411682587104,NA,NA,NA,NA,NA,0.194470359046419,NA,NA,NA,NA,NA,NA,NA,NA,NA,NA,NA,NA,NA,NA,NA,NA,NA,NA,NA,NA,NA,NA,NA,NA,NA,NA,NA,NA,NA,NA,NA,NA,NA,NA,NA,NA,NA,NA,NA,NA,NA,NA,NA,NA,NA,NA,NA,NA,NA,NA,NA,0.291724759350888,0.25963503582229,"ok",0.65,0.708586531358902,5.8586531358902,4.35411682587104,1.34554339494972,127.832397545634,47.8323975456344,1193.2190285937,1113.2190285937,0.293775218681471,0.64640936088658,0.705150400717532,5.87410398309527,46.9968816928074,3200,2556.64795091269,NA,NA,NA,NA,NA,NA,NA,NA,NA,NA,NA
"grid","English","h1a",NA,NA,10,80,0.9,NA,0.65,0.0435411682587104,NA,NA,NA,NA,NA,0.194470359046419,NA,NA,NA,NA,NA,NA,NA,NA,NA,NA,NA,NA,NA,NA,NA,NA,NA,NA,NA,NA,NA,NA,NA,NA,NA,NA,NA,NA,NA,NA,NA,NA,NA,NA,NA,NA,NA,NA,NA,NA,NA,NA,NA,NA,NA,NA,NA,NA,NA,NA,NA,0.291724759350888,0.262552283415799,"ok",0.65,0.70309864034038,5.30986403403798,4.35411682587104,1.2195042637552,121.573886745524,41.5738867455238,542.843754809231,462.843754809231,0.293775218681471,0.64640936088658,0.699641213177524,5.32318522909445,40.8826543186665,3200,2431.47773491048,NA,NA,NA,NA,NA,NA,NA,NA,NA,NA,NA
"grid","English","h1a",NA,NA,10,80,0.91,NA,0.65,0.0435411682587104,NA,NA,NA,NA,NA,0.194470359046419,NA,NA,NA,NA,NA,NA,NA,NA,NA,NA,NA,NA,NA,NA,NA,NA,NA,NA,NA,NA,NA,NA,NA,NA,NA,NA,NA,NA,NA,NA,NA,NA,NA,NA,NA,NA,NA,NA,NA,NA,NA,NA,NA,NA,NA,NA,NA,NA,NA,NA,NA,0.291724759350888,0.265469531009308,"ok",0.65,0.697638360807121,4.76383608071204,4.35411682587104,1.09409927919401,115.839181563186,35.8391815631858,349.962247283441,269.962247283441,0.293775218681471,0.64640936088658,0.694161188665983,4.77518277794037,35.2709602992959,3200,2316.78363126372,NA,NA,NA,NA,NA,NA,NA,NA,NA,NA,NA
"grid","English","h1a",NA,NA,10,80,0.92,NA,0.65,0.0435411682587104,NA,NA,NA,NA,NA,0.194470359046419,NA,NA,NA,NA,NA,NA,NA,NA,NA,NA,NA,NA,NA,NA,NA,NA,NA,NA,NA,NA,NA,NA,NA,NA,NA,NA,NA,NA,NA,NA,NA,NA,NA,NA,NA,NA,NA,NA,NA,NA,NA,NA,NA,NA,NA,NA,NA,NA,NA,NA,NA,0.291724759350888,0.268386778602817,"ok",0.65,0.692207484503053,4.22074845030528,4.35411682587104,0.969369591837012,110.566090596085,30.5660905960853,257.468501744992,177.468501744992,0.293775218681471,0.64640936088658,0.688712087228375,4.2302726341795,30.1031989740309,3200,2211.32181192171,NA,NA,NA,NA,NA,NA,NA,NA,NA,NA,NA
"grid","English","h1a",NA,NA,10,80,0.93,NA,0.65,0.0435411682587104,NA,NA,NA,NA,NA,0.194470359046419,NA,NA,NA,NA,NA,NA,NA,NA,NA,NA,NA,NA,NA,NA,NA,NA,NA,NA,NA,NA,NA,NA,NA,NA,NA,NA,NA,NA,NA,NA,NA,NA,NA,NA,NA,NA,NA,NA,NA,NA,NA,NA,NA,NA,NA,NA,NA,NA,NA,NA,NA,0.291724759350888,0.271304026196325,"ok",0.65,0.68680769626865,3.68076962686493,4.35411682587104,0.845353897027922,105.701871820106,25.7018718201055,203.181488714874,123.181488714874,0.293775218681471,0.64640936088658,0.683295560694634,3.68861998080546,25.329519261381,3200,2114.03743640211,NA,NA,NA,NA,NA,NA,NA,NA,NA,NA,NA
"grid","English","h1a",NA,NA,10,80,0.94,NA,0.65,0.0435411682587104,NA,NA,NA,NA,NA,0.194470359046419,NA,NA,NA,NA,NA,NA,NA,NA,NA,NA,NA,NA,NA,NA,NA,NA,NA,NA,NA,NA,NA,NA,NA,NA,NA,NA,NA,NA,NA,NA,NA,NA,NA,NA,NA,NA,NA,NA,NA,NA,NA,NA,NA,NA,NA,NA,NA,NA,NA,NA,NA,0.291724759350888,0.274221273789834,"ok",0.65,0.681440576689807,3.14405766898068,4.35411682587104,0.722088495719614,101.201504197762,21.2015041977615,167.485532693747,87.4855326937467,0.293775218681471,0.64640936088658,0.677913155515466,3.15037946288859,20.9072460377718,3200,2024.03008395523,NA,NA,NA,NA,NA,NA,NA,NA,NA,NA,NA
"grid","English","h1a",NA,NA,10,80,0.95,NA,0.65,0.0435411682587104,NA,NA,NA,NA,NA,0.194470359046419,NA,NA,NA,NA,NA,NA,NA,NA,NA,NA,NA,NA,NA,NA,NA,NA,NA,NA,NA,NA,NA,NA,NA,NA,NA,NA,NA,NA,NA,NA,NA,NA,NA,NA,NA,NA,NA,NA,NA,NA,NA,NA,NA,NA,NA,NA,NA,NA,NA,NA,NA,0.291724759350888,0.277138521383343,"ok",0.65,0.676107604881981,2.61076048819808,4.35411682587104,0.599607358416663,97.0263252465221,17.0263252465221,142.230505968896,62.230505968896,0.293775218681471,0.64640936088658,0.672566315723057,2.61569548364773,16.7996343243477,3200,1940.52650493044,NA,NA,NA,NA,NA,NA,NA,NA,NA,NA,NA
"grid","English","h1a",NA,NA,10,80,0.96,NA,0.65,0.0435411682587104,NA,NA,NA,NA,NA,0.194470359046419,NA,NA,NA,NA,NA,NA,NA,NA,NA,NA,NA,NA,NA,NA,NA,NA,NA,NA,NA,NA,NA,NA,NA,NA,NA,NA,NA,NA,NA,NA,NA,NA,NA,NA,NA,NA,NA,NA,NA,NA,NA,NA,NA,NA,NA,NA,NA,NA,NA,NA,NA,0.291724759350888,0.280055768976852,"ok",0.65,0.670810161385235,2.08101613852348,4.35411682587104,0.477942191665281,93.1429472487418,13.1429472487418,123.42273744059,43.4227374405899,0.293775218681471,0.64640936088658,0.667256385991967,2.08470251053868,12.9748742875261,3200,1862.85894497484,NA,NA,NA,NA,NA,NA,NA,NA,NA,NA,NA
"grid","English","h1a",NA,NA,10,80,0.97,NA,0.65,0.0435411682587104,NA,NA,NA,NA,NA,0.194470359046419,NA,NA,NA,NA,NA,NA,NA,NA,NA,NA,NA,NA,NA,NA,NA,NA,NA,NA,NA,NA,NA,NA,NA,NA,NA,NA,NA,NA,NA,NA,NA,NA,NA,NA,NA,NA,NA,NA,NA,NA,NA,NA,NA,NA,NA,NA,NA,NA,NA,NA,NA,0.291724759350888,0.282973016570361,"ok",0.65,0.665549531147764,1.55495311477638,4.35411682587104,0.357122506575214,89.5223878104324,9.52238781043245,108.874965376895,28.874965376895,0.293775218681471,0.64640936088658,0.66198461477787,1.55752538912902,9.40529005556843,3200,1790.44775620865,NA,NA,NA,NA,NA,NA,NA,NA,NA,NA,NA
"grid","English","h1a",NA,NA,10,80,0.98,NA,0.65,0.0435411682587104,NA,NA,NA,NA,NA,0.194470359046419,NA,NA,NA,NA,NA,NA,NA,NA,NA,NA,NA,NA,NA,NA,NA,NA,NA,NA,NA,NA,NA,NA,NA,NA,NA,NA,NA,NA,NA,NA,NA,NA,NA,NA,NA,NA,NA,NA,NA,NA,NA,NA,NA,NA,NA,NA,NA,NA,NA,NA,NA,0.291724759350888,0.28589026416387,"ok",0.65,0.660326906577282,1.03269065772814,4.35411682587104,0.237175688900252,86.1393668889837,6.13936688898373,97.2887585407503,17.2887585407503,0.293775218681471,0.64640936088658,0.656752157513769,1.03427966271893,6.0666896911392,3200,1722.78733777967,NA,NA,NA,NA,NA,NA,NA,NA,NA,NA,NA
"grid","English","h1a",NA,NA,10,80,0.99,NA,0.65,0.0435411682587104,NA,NA,NA,NA,NA,0.194470359046419,NA,NA,NA,NA,NA,NA,NA,NA,NA,NA,NA,NA,NA,NA,NA,NA,NA,NA,NA,NA,NA,NA,NA,NA,NA,NA,NA,NA,NA,NA,NA,NA,NA,NA,NA,NA,NA,NA,NA,NA,NA,NA,NA,NA,NA,NA,NA,NA,NA,NA,NA,0.291724759350888,0.288807511757379,"ok",0.65,0.655143390641423,0.514339064142277,4.35411682587104,0.118127070244465,82.9717342549174,2.97173425491744,87.8446655279098,7.84466552790984,0.293775218681471,0.64640936088658,0.651560079845058,0.51507189584783,2.93783406376389,3200,1659.43468509835,NA,NA,NA,NA,NA,NA,NA,NA,NA,NA,NA
"grid","English","h1a",NA,NA,10,80,1,NA,0.65,0.0435411682587104,NA,NA,NA,NA,NA,0.194470359046419,NA,NA,NA,NA,NA,NA,NA,NA,NA,NA,NA,NA,NA,NA,NA,NA,NA,NA,NA,NA,NA,NA,NA,NA,NA,NA,NA,NA,NA,NA,NA,NA,NA,NA,NA,NA,NA,NA,NA,NA,NA,NA,NA,NA,NA,NA,NA,NA,NA,NA,NA,0.291724759350888,0.291724759350888,"ok",0.65,0.65,0,4.35411682587104,0,80,0,80,0,0.293775218681471,0.64640936088658,0.64640936088658,0,0,3200,1600,NA,NA,NA,NA,NA,NA,NA,NA,NA,NA,NA
"grid","English","h1b",NA,NA,10,80,0.7,NA,0.9,0.0273861278752583,NA,NA,NA,NA,NA,0.20663074794523,NA,NA,NA,NA,NA,NA,NA,NA,NA,NA,NA,NA,NA,NA,NA,NA,NA,NA,NA,NA,NA,NA,NA,NA,NA,NA,NA,NA,NA,NA,NA,NA,NA,NA,NA,NA,NA,NA,NA,NA,NA,NA,NA,NA,NA,NA,NA,NA,NA,NA,NA,0.295172020487768,0.206620414341438,"ok",0.899999999999903,0.971293451926512,7.12934519266085,2.73861278752583,2.60326878817424,Inf,Inf,Inf,Inf,0.352849542678171,0.832466869631747,0.944914826383987,11.244795675224,277.426807963671,3200,Inf,NA,NA,NA,NA,NA,NA,NA,NA,NA,NA,NA
"grid","English","h1b",NA,NA,10,80,0.71,NA,0.9,0.0273861278752583,NA,NA,NA,NA,NA,0.20663074794523,NA,NA,NA,NA,NA,NA,NA,NA,NA,NA,NA,NA,NA,NA,NA,NA,NA,NA,NA,NA,NA,NA,NA,NA,NA,NA,NA,NA,NA,NA,NA,NA,NA,NA,NA,NA,NA,NA,NA,NA,NA,NA,NA,NA,NA,NA,NA,NA,NA,NA,NA,0.295172020487768,0.209572134546316,"ok",0.899999999999903,0.969728979591754,6.97289795918505,2.73861278752583,2.54614233561826,2903.43164555942,2823.43164555942,Inf,Inf,0.352849542678171,0.832466869631747,0.942098568551483,10.9631698919736,246.15641759579,3200,58068.6329111885,NA,NA,NA,NA,NA,NA,NA,NA,NA,NA,NA
"grid","English","h1b",NA,NA,10,80,0.72,NA,0.9,0.0273861278752583,NA,NA,NA,NA,NA,0.20663074794523,NA,NA,NA,NA,NA,NA,NA,NA,NA,NA,NA,NA,NA,NA,NA,NA,NA,NA,NA,NA,NA,NA,NA,NA,NA,NA,NA,NA,NA,NA,NA,NA,NA,NA,NA,NA,NA,NA,NA,NA,NA,NA,NA,NA,NA,NA,NA,NA,NA,NA,NA,0.295172020487768,0.212523854751193,"ok",0.899999999999903,0.968108071604353,6.81080716044502,2.73861278752583,2.48695514439563,1438.96505643359,1358.96505643359,Inf,Inf,0.352849542678171,0.832466869631747,0.939202303245408,10.6735433613661,219.575532112025,3200,28779.3011286719,NA,NA,NA,NA,NA,NA,NA,NA,NA,NA,NA
"grid","English","h1b",NA,NA,10,80,0.73,NA,0.9,0.0273861278752583,NA,NA,NA,NA,NA,0.20663074794523,NA,NA,NA,NA,NA,NA,NA,NA,NA,NA,NA,NA,NA,NA,NA,NA,NA,NA,NA,NA,NA,NA,NA,NA,NA,NA,NA,NA,NA,NA,NA,NA,NA,NA,NA,NA,NA,NA,NA,NA,NA,NA,NA,NA,NA,NA,NA,NA,NA,NA,NA,0.295172020487768,0.215475574956071,"ok",0.899999999999903,0.966430272111323,6.64302721114202,2.73861278752583,2.42569056910874,952.045267383902,872.045267383902,Inf,Inf,0.352849542678171,0.832466869631747,0.936227039642589,10.3760170010842,196.709074881413,3200,19040.905347678,NA,NA,NA,NA,NA,NA,NA,NA,NA,NA,NA
"grid","English","h1b",NA,NA,10,80,0.74,NA,0.9,0.0273861278752583,NA,NA,NA,NA,NA,0.20663074794523,NA,NA,NA,NA,NA,NA,NA,NA,NA,NA,NA,NA,NA,NA,NA,NA,NA,NA,NA,NA,NA,NA,NA,NA,NA,NA,NA,NA,NA,NA,NA,NA,NA,NA,NA,NA,NA,NA,NA,NA,NA,NA,NA,NA,NA,NA,NA,NA,NA,NA,NA,0.295172020487768,0.218427295160949,"ok",0.899999999999903,0.964695198568187,6.4695198568284,2.73861278752583,2.36233464120834,708.868455375962,628.868455375962,Inf,Inf,0.352849542678171,0.832466869631747,0.933173923047112,10.0707053415365,176.834610876521,3200,14177.3691075192,NA,NA,NA,NA,NA,NA,NA,NA,NA,NA,NA
"grid","English","h1b",NA,NA,10,80,0.75,NA,0.9,0.0273861278752583,NA,NA,NA,NA,NA,0.20663074794523,NA,NA,NA,NA,NA,NA,NA,NA,NA,NA,NA,NA,NA,NA,NA,NA,NA,NA,NA,NA,NA,NA,NA,NA,NA,NA,NA,NA,NA,NA,NA,NA,NA,NA,NA,NA,NA,NA,NA,NA,NA,NA,NA,NA,NA,NA,NA,NA,NA,NA,NA,0.295172020487768,0.221379015365826,"ok",0.899999999999903,0.962902543211421,6.29025432115179,2.73861278752583,2.29687612275945,563.085209460217,483.085209460217,Inf,Inf,0.352849542678171,0.832466869631747,0.930044229093518,9.75773594617709,159.405505722163,3200,11261.7041892043,NA,NA,NA,NA,NA,NA,NA,NA,NA,NA,NA
"grid","English","h1b",NA,NA,10,80,0.76,NA,0.9,0.0273861278752583,NA,NA,NA,NA,NA,0.20663074794523,NA,NA,NA,NA,NA,NA,NA,NA,NA,NA,NA,NA,NA,NA,NA,NA,NA,NA,NA,NA,NA,NA,NA,NA,NA,NA,NA,NA,NA,NA,NA,NA,NA,NA,NA,NA,NA,NA,NA,NA,NA,NA,NA,NA,NA,NA,NA,NA,NA,NA,NA,0.295172020487768,0.224330735570704,"ok",0.899999999999903,0.961052074218374,6.10520742184713,2.73861278752583,2.22930654879575,465.96938015282,385.96938015282,Inf,Inf,0.352849542678171,0.832466869631747,0.926839357470442,9.43724878386951,144.00052176622,3200,9319.3876030564,NA,NA,NA,NA,NA,NA,NA,NA,NA,NA,NA
"grid","English","h1b",NA,NA,10,80,0.77,NA,0.9,0.0273861278752583,NA,NA,NA,NA,NA,0.20663074794523,NA,NA,NA,NA,NA,NA,NA,NA,NA,NA,NA,NA,NA,NA,NA,NA,NA,NA,NA,NA,NA,NA,NA,NA,NA,NA,NA,NA,NA,NA,NA,NA,NA,NA,NA,NA,NA,NA,NA,NA,NA,NA,NA,NA,NA,NA,NA,NA,NA,NA,NA,0.295172020487768,0.227282455775582,"ok",0.899999999999903,0.959143636552136,5.91436365522328,2.73861278752583,2.15962025816966,396.652286001731,316.652286001731,4924.42995811182,4844.42995811182,0.352849542678171,0.832466869631747,0.923560825230699,9.10939555989518,130.289815108004,3200,7933.04572003462,NA,NA,NA,NA,NA,NA,NA,NA,NA,NA,NA
"grid","English","h1b",NA,NA,10,80,0.78,NA,0.9,0.0273861278752583,NA,NA,NA,NA,NA,0.20663074794523,NA,NA,NA,NA,NA,NA,NA,NA,NA,NA,NA,NA,NA,NA,NA,NA,NA,NA,NA,NA,NA,NA,NA,NA,NA,NA,NA,NA,NA,NA,NA,NA,NA,NA,NA,NA,NA,NA,NA,NA,NA,NA,NA,NA,NA,NA,NA,NA,NA,NA,NA,0.295172020487768,0.230234175980459,"ok",0.899999999999903,0.957177152491315,5.71771524914122,2.73861278752583,2.08781441289728,344.704172904771,264.704172904771,1489.7250982372,1409.7250982372,0.352849542678171,0.832466869631747,0.920210259754031,8.77433901222839,118.011427711194,3200,6894.08345809542,NA,NA,NA,NA,NA,NA,NA,NA,NA,NA,NA
"grid","English","h1b",NA,NA,10,80,0.79,NA,0.9,0.0273861278752583,NA,NA,NA,NA,NA,0.20663074794523,NA,NA,NA,NA,NA,NA,NA,NA,NA,NA,NA,NA,NA,NA,NA,NA,NA,NA,NA,NA,NA,NA,NA,NA,NA,NA,NA,NA,NA,NA,NA,NA,NA,NA,NA,NA,NA,NA,NA,NA,NA,NA,NA,NA,NA,NA,NA,NA,NA,NA,NA,0.295172020487768,0.233185896185337,"ok",0.899999999999903,0.955152621847126,5.51526218472228,2.73861278752583,2.01388900608508,304.332552710229,224.332552710229,872.979998546724,792.979998546724,0.352849542678171,0.832466869631747,0.916789391428081,8.43225217963342,106.954680290592,3200,6086.65105420459,NA,NA,NA,NA,NA,NA,NA,NA,NA,NA,NA
"grid","English","h1b",NA,NA,10,80,0.8,NA,0.9,0.0273861278752583,NA,NA,NA,NA,NA,0.20663074794523,NA,NA,NA,NA,NA,NA,NA,NA,NA,NA,NA,NA,NA,NA,NA,NA,NA,NA,NA,NA,NA,NA,NA,NA,NA,NA,NA,NA,NA,NA,NA,NA,NA,NA,NA,NA,NA,NA,NA,NA,NA,NA,NA,NA,NA,NA,NA,NA,NA,NA,NA,0.295172020487768,0.236137616390215,"ok",0.899999999999903,0.95307012187245,5.30701218725472,2.73861278752583,1.9378468586095,272.062757757232,192.062757757232,615.08949311911,535.08949311911,0.352849542678171,0.832466869631747,0.913300046111723,8.08331764799765,96.9482128592219,3200,5441.25515514464,NA,NA,NA,NA,NA,NA,NA,NA,NA,NA,NA
"grid","English","h1b",NA,NA,10,80,0.81,NA,0.9,0.0273861278752583,NA,NA,NA,NA,NA,0.20663074794523,NA,NA,NA,NA,NA,NA,NA,NA,NA,NA,NA,NA,NA,NA,NA,NA,NA,NA,NA,NA,NA,NA,NA,NA,NA,NA,NA,NA,NA,NA,NA,NA,NA,NA,NA,NA,NA,NA,NA,NA,NA,NA,NA,NA,NA,NA,NA,NA,NA,NA,NA,0.295172020487768,0.239089336595092,"ok",0.899999999999903,0.950929806869751,5.09298068698483,2.73861278752583,1.85969360479983,245.684050279405,165.684050279405,473.462659688673,393.462659688673,0.352849542678171,0.832466869631747,0.909744137442796,7.72772678110493,87.8512230921787,3200,4913.6810055881,NA,NA,NA,NA,NA,NA,NA,NA,NA,NA,NA
"grid","English","h1b",NA,NA,10,80,0.82,NA,0.9,0.0273861278752583,NA,NA,NA,NA,NA,0.20663074794523,NA,NA,NA,NA,NA,NA,NA,NA,NA,NA,NA,NA,NA,NA,NA,NA,NA,NA,NA,NA,NA,NA,NA,NA,NA,NA,NA,NA,NA,NA,NA,NA,NA,NA,NA,NA,NA,NA,NA,NA,NA,NA,NA,NA,NA,NA,NA,NA,NA,NA,NA,0.295172020487768,0.24204105679997,"ok",0.899999999999903,0.948731907506717,4.8731907506814,2.73861278752583,1.77943766744916,223.722830897397,143.722830897397,383.956823371779,303.956823371779,0.352849542678171,0.832466869631747,0.9061236590496,7.36567894178528,79.5469475031958,3200,4474.45661794795,NA,NA,NA,NA,NA,NA,NA,NA,NA,NA,NA
"grid","English","h1b",NA,NA,10,80,0.83,NA,0.9,0.0273861278752583,NA,NA,NA,NA,NA,0.20663074794523,NA,NA,NA,NA,NA,NA,NA,NA,NA,NA,NA,NA,NA,NA,NA,NA,NA,NA,NA,NA,NA,NA,NA,NA,NA,NA,NA,NA,NA,NA,NA,NA,NA,NA,NA,NA,NA,NA,NA,NA,NA,NA,NA,NA,NA,NA,NA,NA,NA,NA,NA,0.295172020487768,0.244992777004848,"ok",0.899999999999903,0.946476729850408,4.64767298505049,2.73861278752583,1.69709022254635,205.159047159857,125.159047159857,322.283180441171,242.283180441171,0.352849542678171,0.832466869631747,0.902440676722346,6.9973807090599,71.9377430409827,3200,4103.18094319715,NA,NA,NA,NA,NA,NA,NA,NA,NA,NA,NA
"grid","English","h1b",NA,NA,10,80,0.84,NA,0.9,0.0273861278752583,NA,NA,NA,NA,NA,0.20663074794523,NA,NA,NA,NA,NA,NA,NA,NA,NA,NA,NA,NA,NA,NA,NA,NA,NA,NA,NA,NA,NA,NA,NA,NA,NA,NA,NA,NA,NA,NA,NA,NA,NA,NA,NA,NA,NA,NA,NA,NA,NA,NA,NA,NA,NA,NA,NA,NA,NA,NA,NA,0.295172020487768,0.247944497209725,"ok",0.899999999999903,0.944164654132371,4.41646541324682,2.73861278752583,1.61266515418444,189.264171692859,109.264171692859,277.215317709845,197.215317709845,0.352849542678171,0.832466869631747,0.898697320597187,6.623045096544,64.9413287274335,3200,3785.28343385718,NA,NA,NA,NA,NA,NA,NA,NA,NA,NA,NA
"grid","English","h1b",NA,NA,10,80,0.85,NA,0.9,0.0273861278752583,NA,NA,NA,NA,NA,0.20663074794523,NA,NA,NA,NA,NA,NA,NA,NA,NA,NA,NA,NA,NA,NA,NA,NA,NA,NA,NA,NA,NA,NA,NA,NA,NA,NA,NA,NA,NA,NA,NA,NA,NA,NA,NA,NA,NA,NA,NA,NA,NA,NA,NA,NA,NA,NA,NA,NA,NA,NA,NA,0.295172020487768,0.250896217414603,"ok",0.899999999999903,0.941796133258708,4.17961332588045,2.73861278752583,1.52617900015594,175.504004229364,95.504004229364,242.848800752105,162.848800752105,0.352849542678171,0.832466869631747,0.894895777401581,6.2428907769834,58.4878802087314,3200,3510.08008458728,NA,NA,NA,NA,NA,NA,NA,NA,NA,NA,NA
"grid","English","h1b",NA,NA,10,80,0.86,NA,0.9,0.0273861278752583,NA,NA,NA,NA,NA,0.20663074794523,NA,NA,NA,NA,NA,NA,NA,NA,NA,NA,NA,NA,NA,NA,NA,NA,NA,NA,NA,NA,NA,NA,NA,NA,NA,NA,NA,NA,NA,NA,NA,NA,NA,NA,NA,NA,NA,NA,NA,NA,NA,NA,NA,NA,NA,NA,NA,NA,NA,NA,NA,0.295172020487768,0.253847937619481,"ok",0.899999999999903,0.939371691080396,3.93716910804928,2.73861278752583,1.43765088879406,163.477930864003,83.4779308640035,215.781668357155,135.781668357155,0.352849542678171,0.832466869631747,0.891038282805666,5.85714131739192,52.5177596342969,3200,3269.55861728007,NA,NA,NA,NA,NA,NA,NA,NA,NA,NA,NA
"grid","English","h1b",NA,NA,10,80,0.87,NA,0.9,0.0273861278752583,NA,NA,NA,NA,NA,0.20663074794523,NA,NA,NA,NA,NA,NA,NA,NA,NA,NA,NA,NA,NA,NA,NA,NA,NA,NA,NA,NA,NA,NA,NA,NA,NA,NA,NA,NA,NA,NA,NA,NA,NA,NA,NA,NA,NA,NA,NA,NA,NA,NA,NA,NA,NA,NA,NA,NA,NA,NA,NA,0.295172020487768,0.256799657824359,"ok",0.899999999999903,0.936891920440303,3.68919204404,2.73861278752583,1.34710246765953,152.879625642056,72.8796256420556,193.915675846764,113.915675846764,0.352849542678171,0.832466869631747,0.887127113920099,5.46602442883517,46.9797244851666,3200,3057.59251284111,NA,NA,NA,NA,NA,NA,NA,NA,NA,NA,NA
"grid","English","h1b",NA,NA,10,80,0.88,NA,0.9,0.0273861278752583,NA,NA,NA,NA,NA,0.20663074794523,NA,NA,NA,NA,NA,NA,NA,NA,NA,NA,NA,NA,NA,NA,NA,NA,NA,NA,NA,NA,NA,NA,NA,NA,NA,NA,NA,NA,NA,NA,NA,NA,NA,NA,NA,NA,NA,NA,NA,NA,NA,NA,NA,NA,NA,NA,NA,NA,NA,NA,NA,0.295172020487768,0.259751378029236,"ok",0.899999999999903,0.934357481014225,3.43574810143218,2.73861278752583,1.25455782470663,143.470854174612,63.4708541746115,175.88637851941,95.8863785194102,0.352849542678171,0.832466869631747,0.883164581976524,5.06977123447772,41.8295014683971,3200,2869.41708349223,NA,NA,NA,NA,NA,NA,NA,NA,NA,NA,NA
"grid","English","h1b",NA,NA,10,80,0.89,NA,0.9,0.0273861278752583,NA,NA,NA,NA,NA,0.20663074794523,NA,NA,NA,NA,NA,NA,NA,NA,NA,NA,NA,NA,NA,NA,NA,NA,NA,NA,NA,NA,NA,NA,NA,NA,NA,NA,NA,NA,NA,NA,NA,NA,NA,NA,NA,NA,NA,NA,NA,NA,NA,NA,NA,NA,NA,NA,NA,NA,NA,NA,NA,0.295172020487768,0.262703098234114,"ok",0.899999999999903,0.931769096964012,3.17690969641085,2.73861278752583,1.16004340258741,135.063551327751,55.0635513277514,160.768143350176,80.768143350176,0.352849542678171,0.832466869631747,0.879153025222578,4.66861555908315,37.0286415246233,3200,2701.27102655503,NA,NA,NA,NA,NA,NA,NA,NA,NA,NA,NA
"grid","English","h1b",NA,NA,10,80,0.9,NA,0.9,0.0273861278752583,NA,NA,NA,NA,NA,0.20663074794523,NA,NA,NA,NA,NA,NA,NA,NA,NA,NA,NA,NA,NA,NA,NA,NA,NA,NA,NA,NA,NA,NA,NA,NA,NA,NA,NA,NA,NA,NA,NA,NA,NA,NA,NA,NA,NA,NA,NA,NA,NA,NA,NA,NA,NA,NA,NA,NA,NA,NA,NA,0.295172020487768,0.265654818438992,"ok",0.899999999999903,0.92912755442135,2.91275544214464,2.73861278752583,1.06358790677237,127.50727655254,47.5072765525401,147.910873577518,67.9108735775183,0.352849542678171,0.832466869631747,0.875094802059094,4.2627932427347,32.5435933583746,3200,2550.1455310508,NA,NA,NA,NA,NA,NA,NA,NA,NA,NA,NA
"grid","English","h1b",NA,NA,10,80,0.91,NA,0.9,0.0273861278752583,NA,NA,NA,NA,NA,0.20663074794523,NA,NA,NA,NA,NA,NA,NA,NA,NA,NA,NA,NA,NA,NA,NA,NA,NA,NA,NA,NA,NA,NA,NA,NA,NA,NA,NA,NA,NA,NA,NA,NA,NA,NA,NA,NA,NA,NA,NA,NA,NA,NA,NA,NA,NA,NA,NA,NA,NA,NA,NA,0.295172020487768,0.268606538643869,"ok",0.899999999999903,0.926433698821078,2.64336988211749,2.73861278752583,0.965222208177013,120.680254009759,40.6802540097591,136.844586657809,56.844586657809,0.352849542678171,0.832466869631747,0.870992284443083,3.85254148113359,28.3449483364136,3200,2413.60508019518,NA,NA,NA,NA,NA,NA,NA,NA,NA,NA,NA
"grid","English","h1b",NA,NA,10,80,0.92,NA,0.9,0.0273861278752583,NA,NA,NA,NA,NA,0.20663074794523,NA,NA,NA,NA,NA,NA,NA,NA,NA,NA,NA,NA,NA,NA,NA,NA,NA,NA,NA,NA,NA,NA,NA,NA,NA,NA,NA,NA,NA,NA,NA,NA,NA,NA,NA,NA,NA,NA,NA,NA,NA,NA,NA,NA,NA,NA,NA,NA,NA,NA,NA,0.295172020487768,0.271558258848747,"ok",0.899999999999903,0.923688432103052,2.36884321031486,2.73861278752583,0.86497924098827,114.482856691099,34.4828566910994,127.221078642836,47.2210786428359,0.352849542678171,0.832466869631747,0.866847851576116,3.43809819443694,24.4068208806185,3200,2289.65713382199,NA,NA,NA,NA,NA,NA,NA,NA,NA,NA,NA
"grid","English","h1b",NA,NA,10,80,0.93,NA,0.9,0.0273861278752583,NA,NA,NA,NA,NA,0.20663074794523,NA,NA,NA,NA,NA,NA,NA,NA,NA,NA,NA,NA,NA,NA,NA,NA,NA,NA,NA,NA,NA,NA,NA,NA,NA,NA,NA,NA,NA,NA,NA,NA,NA,NA,NA,NA,NA,NA,NA,NA,NA,NA,NA,NA,NA,NA,NA,NA,NA,NA,NA,0.295172020487768,0.274509979053625,"ok",0.899999999999903,0.920892709801509,2.08927098016061,2.73861278752583,0.762893896383262,108.832790598353,28.8327905983531,118.776881799304,38.7768817993038,0.352849542678171,0.832466869631747,0.862663883893949,3.01970142622018,20.7063368150676,3200,2176.65581196706,NA,NA,NA,NA,NA,NA,NA,NA,NA,NA,NA
"grid","English","h1b",NA,NA,10,80,0.94,NA,0.9,0.0273861278752583,NA,NA,NA,NA,NA,0.20663074794523,NA,NA,NA,NA,NA,NA,NA,NA,NA,NA,NA,NA,NA,NA,NA,NA,NA,NA,NA,NA,NA,NA,NA,NA,NA,NA,NA,NA,NA,NA,NA,NA,NA,NA,NA,NA,NA,NA,NA,NA,NA,NA,NA,NA,NA,NA,NA,NA,NA,NA,NA,0.295172020487768,0.277461699258502,"ok",0.899999999999903,0.918047538040692,1.80475380407892,2.73861278752583,0.659002912824855,103.661483057822,23.661483057822,111.308967786705,31.3089677867054,0.352849542678171,0.832466869631747,0.858442757369684,2.59758877379367,17.2232083438864,3200,2073.22966115644,NA,NA,NA,NA,NA,NA,NA,NA,NA,NA,NA
"grid","English","h1b",NA,NA,10,80,0.95,NA,0.9,0.0273861278752583,NA,NA,NA,NA,NA,0.20663074794523,NA,NA,NA,NA,NA,NA,NA,NA,NA,NA,NA,NA,NA,NA,NA,NA,NA,NA,NA,NA,NA,NA,NA,NA,NA,NA,NA,NA,NA,NA,NA,NA,NA,NA,NA,NA,NA,NA,NA,NA,NA,NA,NA,NA,NA,NA,NA,NA,NA,NA,NA,0.295172020487768,0.28041341946338,"ok",0.899999999999903,0.915153970455101,1.51539704551974,2.73861278752583,0.55334476360523,98.9113379646808,18.9113379646808,104.658357477402,24.658357477402,0.352849542678171,0.832466869631747,0.854186838139452,2.17199685077049,13.9393790178321,3200,1978.22675929362,NA,NA,NA,NA,NA,NA,NA,NA,NA,NA,NA
"grid","English","h1b",NA,NA,10,80,0.96,NA,0.9,0.0273861278752583,NA,NA,NA,NA,NA,0.20663074794523,NA,NA,NA,NA,NA,NA,NA,NA,NA,NA,NA,NA,NA,NA,NA,NA,NA,NA,NA,NA,NA,NA,NA,NA,NA,NA,NA,NA,NA,NA,NA,NA,NA,NA,NA,NA,NA,NA,NA,NA,NA,NA,NA,NA,NA,NA,NA,NA,NA,NA,NA,0.295172020487768,0.283365139668258,"ok",0.899999999999903,0.912213105052262,1.22131050523588,2.73861278752583,0.445959542290483,94.5336245214854,14.5336245214854,98.698790052879,18.698790052879,0.352849542678171,0.832466869631747,0.849898477456497,1.74316078247504,10.8387256036519,3200,1890.67249042971,NA,NA,NA,NA,NA,NA,NA,NA,NA,NA,NA
"grid","English","h1b",NA,NA,10,80,0.97,NA,0.9,0.0273861278752583,NA,NA,NA,NA,NA,0.20663074794523,NA,NA,NA,NA,NA,NA,NA,NA,NA,NA,NA,NA,NA,NA,NA,NA,NA,NA,NA,NA,NA,NA,NA,NA,NA,NA,NA,NA,NA,NA,NA,NA,NA,NA,NA,NA,NA,NA,NA,NA,NA,NA,NA,NA,NA,NA,NA,NA,NA,NA,NA,0.295172020487768,0.286316859873135,"ok",0.899999999999903,0.909226081035285,0.922608103538158,2.73861278752583,0.336888846696608,90.4868352101525,10.4868352101525,93.3287185597232,13.3287185597232,0.352849542678171,0.832466869631747,0.84558000697674,1.3113137344993,7.90680649370654,3200,1809.73670420305,NA,NA,NA,NA,NA,NA,NA,NA,NA,NA,NA
"grid","English","h1b",NA,NA,10,80,0.98,NA,0.9,0.0273861278752583,NA,NA,NA,NA,NA,0.20663074794523,NA,NA,NA,NA,NA,NA,NA,NA,NA,NA,NA,NA,NA,NA,NA,NA,NA,NA,NA,NA,NA,NA,NA,NA,NA,NA,NA,NA,NA,NA,NA,NA,NA,NA,NA,NA,NA,NA,NA,NA,NA,NA,NA,NA,NA,NA,NA,NA,NA,NA,NA,0.295172020487768,0.289268580078013,"ok",0.899999999999903,0.906194075601732,0.619407560182883,2.73861278752583,0.226175662000936,86.7353956742386,6.7353956742386,88.4655457488887,8.46554574888874,0.352849542678171,0.832466869631747,0.841233734376318,0.876686474457145,5.13064839532679,3200,1734.70791348477,NA,NA,NA,NA,NA,NA,NA,NA,NA,NA,NA
"grid","English","h1b",NA,NA,10,80,0.99,NA,0.9,0.0273861278752583,NA,NA,NA,NA,NA,0.20663074794523,NA,NA,NA,NA,NA,NA,NA,NA,NA,NA,NA,NA,NA,NA,NA,NA,NA,NA,NA,NA,NA,NA,NA,NA,NA,NA,NA,NA,NA,NA,NA,NA,NA,NA,NA,NA,NA,NA,NA,NA,NA,NA,NA,NA,NA,NA,NA,NA,NA,NA,NA,0.295172020487768,0.292220300282891,"ok",0.899999999999903,0.90311830073455,0.311830073464714,2.73861278752583,0.113864243563411,83.2486415572713,3.24864155727133,84.041401288669,4.04140128866902,0.352849542678171,0.832466869631747,0.836861939299308,0.439506966756109,2.49856467353297,3200,1664.97283114543,NA,NA,NA,NA,NA,NA,NA,NA,NA,NA,NA
"grid","English","h1b",NA,NA,10,80,1,NA,0.9,0.0273861278752583,NA,NA,NA,NA,NA,0.20663074794523,NA,NA,NA,NA,NA,NA,NA,NA,NA,NA,NA,NA,NA,NA,NA,NA,NA,NA,NA,NA,NA,NA,NA,NA,NA,NA,NA,NA,NA,NA,NA,NA,NA,NA,NA,NA,NA,NA,NA,NA,NA,NA,NA,NA,NA,NA,NA,NA,NA,NA,NA,0.295172020487768,0.295172020487768,"ok",0.899999999999903,0.899999999999903,0,2.73861278752583,0,80,0,80,0,0.352849542678171,0.832466869631747,0.832466869631747,0,0,3200,1600,NA,NA,NA,NA,NA,NA,NA,NA,NA,NA,NA
"grid","English","joint",NA,NA,10,80,0.7,NA,0.6,0.0447213595499958,NA,NA,NA,NA,NA,NA,NA,NA,NA,NA,NA,NA,NA,NA,NA,NA,NA,NA,NA,NA,NA,NA,NA,NA,NA,NA,NA,NA,NA,NA,NA,NA,NA,NA,NA,NA,NA,NA,NA,NA,NA,NA,NA,NA,NA,NA,NA,NA,NA,NA,NA,NA,NA,NA,NA,NA,NA,NA,NA,NA,0.591695283451491,0.794451944926617,20.2756661475126,4.47213595499958,NA,NA,NA,NA,NA,NA,NA,NA,NA,NA,NA,NA,0.607701357617417,0.798390383537697,19.068902592028,"indep = independent given the pilot draw; corr = DGP-implied correlation of the two estimates",NA,NA,NA,NA,NA,NA,NA
"grid","English","joint",NA,NA,10,80,0.71,NA,0.6,0.0447213595499958,NA,NA,NA,NA,NA,NA,NA,NA,NA,NA,NA,NA,NA,NA,NA,NA,NA,NA,NA,NA,NA,NA,NA,NA,NA,NA,NA,NA,NA,NA,NA,NA,NA,NA,NA,NA,NA,NA,NA,NA,NA,NA,NA,NA,NA,NA,NA,NA,NA,NA,NA,NA,NA,NA,NA,NA,NA,NA,NA,NA,0.591695283451491,0.787960357094632,19.6265073643141,4.47213595499958,NA,NA,NA,NA,NA,NA,NA,NA,NA,NA,NA,NA,0.607701357617417,0.792163082948794,18.4461725331376,"indep = independent given the pilot draw; corr = DGP-implied correlation of the two estimates",NA,NA,NA,NA,NA,NA,NA
"grid","English","joint",NA,NA,10,80,0.72,NA,0.6,0.0447213595499958,NA,NA,NA,NA,NA,NA,NA,NA,NA,NA,NA,NA,NA,NA,NA,NA,NA,NA,NA,NA,NA,NA,NA,NA,NA,NA,NA,NA,NA,NA,NA,NA,NA,NA,NA,NA,NA,NA,NA,NA,NA,NA,NA,NA,NA,NA,NA,NA,NA,NA,NA,NA,NA,NA,NA,NA,NA,NA,NA,NA,0.591695283451491,0.781414630577976,18.9719347126485,4.47213595499958,NA,NA,NA,NA,NA,NA,NA,NA,NA,NA,NA,NA,0.607701357617417,0.785892597216561,17.8191239599144,"indep = independent given the pilot draw; corr = DGP-implied correlation of the two estimates",NA,NA,NA,NA,NA,NA,NA
"grid","English","joint",NA,NA,10,80,0.73,NA,0.6,0.0447213595499958,NA,NA,NA,NA,NA,NA,NA,NA,NA,NA,NA,NA,NA,NA,NA,NA,NA,NA,NA,NA,NA,NA,NA,NA,NA,NA,NA,NA,NA,NA,NA,NA,NA,NA,NA,NA,NA,NA,NA,NA,NA,NA,NA,NA,NA,NA,NA,NA,NA,NA,NA,NA,NA,NA,NA,NA,NA,NA,NA,NA,0.591695283451491,0.774819018020231,18.312373456874,4.47213595499958,NA,NA,NA,NA,NA,NA,NA,NA,NA,NA,NA,NA,0.607701357617417,0.779583192268798,17.1881834651381,"indep = independent given the pilot draw; corr = DGP-implied correlation of the two estimates",NA,NA,NA,NA,NA,NA,NA
"grid","English","joint",NA,NA,10,80,0.74,NA,0.6,0.0447213595499958,NA,NA,NA,NA,NA,NA,NA,NA,NA,NA,NA,NA,NA,NA,NA,NA,NA,NA,NA,NA,NA,NA,NA,NA,NA,NA,NA,NA,NA,NA,NA,NA,NA,NA,NA,NA,NA,NA,NA,NA,NA,NA,NA,NA,NA,NA,NA,NA,NA,NA,NA,NA,NA,NA,NA,NA,NA,NA,NA,NA,0.591695283451491,0.768177738117929,17.6482454666438,4.47213595499958,NA,NA,NA,NA,NA,NA,NA,NA,NA,NA,NA,NA,0.607701357617417,0.773239073349886,16.5537715732469,"indep = independent given the pilot draw; corr = DGP-implied correlation of the two estimates",NA,NA,NA,NA,NA,NA,NA
"grid","English","joint",NA,NA,10,80,0.75,NA,0.6,0.0447213595499958,NA,NA,NA,NA,NA,NA,NA,NA,NA,NA,NA,NA,NA,NA,NA,NA,NA,NA,NA,NA,NA,NA,NA,NA,NA,NA,NA,NA,NA,NA,NA,NA,NA,NA,NA,NA,NA,NA,NA,NA,NA,NA,NA,NA,NA,NA,NA,NA,NA,NA,NA,NA,NA,NA,NA,NA,NA,NA,NA,NA,0.591695283451491,0.761494967815573,16.9799684364083,4.47213595499958,NA,NA,NA,NA,NA,NA,NA,NA,NA,NA,NA,NA,0.607701357617417,0.766864376990607,15.916301937319,"indep = independent given the pilot draw; corr = DGP-implied correlation of the two estimates",NA,NA,NA,NA,NA,NA,NA
"grid","English","joint",NA,NA,10,80,0.76,NA,0.6,0.0447213595499958,NA,NA,NA,NA,NA,NA,NA,NA,NA,NA,NA,NA,NA,NA,NA,NA,NA,NA,NA,NA,NA,NA,NA,NA,NA,NA,NA,NA,NA,NA,NA,NA,NA,NA,NA,NA,NA,NA,NA,NA,NA,NA,NA,NA,NA,NA,NA,NA,NA,NA,NA,NA,NA,NA,NA,NA,NA,NA,NA,NA,0.591695283451491,0.754774835123376,16.3079551671885,4.47213595499958,NA,NA,NA,NA,NA,NA,NA,NA,NA,NA,NA,NA,0.607701357617417,0.760463163766205,15.2761806148787,"indep = independent given the pilot draw; corr = DGP-implied correlation of the two estimates",NA,NA,NA,NA,NA,NA,NA
"grid","English","joint",NA,NA,10,80,0.77,NA,0.6,0.0447213595499958,NA,NA,NA,NA,NA,NA,NA,NA,NA,NA,NA,NA,NA,NA,NA,NA,NA,NA,NA,NA,NA,NA,NA,NA,NA,NA,NA,NA,NA,NA,NA,NA,NA,NA,NA,NA,NA,NA,NA,NA,NA,NA,NA,NA,NA,NA,NA,NA,NA,NA,NA,NA,NA,NA,NA,NA,NA,NA,NA,NA,0.591695283451491,0.748021412533279,15.6326129081788,4.47213595499958,NA,NA,NA,NA,NA,NA,NA,NA,NA,NA,NA,NA,0.607701357617417,0.754039411815061,14.6338054197644,"indep = independent given the pilot draw; corr = DGP-implied correlation of the two estimates",NA,NA,NA,NA,NA,NA,NA
"grid","English","joint",NA,NA,10,80,0.78,NA,0.6,0.0447213595499958,NA,NA,NA,NA,NA,NA,NA,NA,NA,NA,NA,NA,NA,NA,NA,NA,NA,NA,NA,NA,NA,NA,NA,NA,NA,NA,NA,NA,NA,NA,NA,NA,NA,NA,NA,NA,NA,NA,NA,NA,NA,NA,NA,NA,NA,NA,NA,NA,NA,NA,NA,NA,NA,NA,NA,NA,NA,NA,NA,NA,0.591695283451491,0.741238711007633,14.9543427556142,4.47213595499958,NA,NA,NA,NA,NA,NA,NA,NA,NA,NA,NA,NA,0.607701357617417,0.747597011087655,13.9895653470238,"indep = independent given the pilot draw; corr = DGP-implied correlation of the two estimates",NA,NA,NA,NA,NA,NA,NA
"grid","English","joint",NA,NA,10,80,0.79,NA,0.6,0.0447213595499958,NA,NA,NA,NA,NA,NA,NA,NA,NA,NA,NA,NA,NA,NA,NA,NA,NA,NA,NA,NA,NA,NA,NA,NA,NA,NA,NA,NA,NA,NA,NA,NA,NA,NA,NA,NA,NA,NA,NA,NA,NA,NA,NA,NA,NA,NA,NA,NA,NA,NA,NA,NA,NA,NA,NA,NA,NA,NA,NA,NA,0.591695283451491,0.734430674514153,14.2735391062662,4.47213595499958,NA,NA,NA,NA,NA,NA,NA,NA,NA,NA,NA,NA,0.607701357617417,0.741139758293432,13.3438400676014,"indep = independent given the pilot draw; corr = DGP-implied correlation of the two estimates",NA,NA,NA,NA,NA,NA,NA
"grid","English","joint",NA,NA,10,80,0.8,NA,0.6,0.0447213595499958,NA,NA,NA,NA,NA,NA,NA,NA,NA,NA,NA,NA,NA,NA,NA,NA,NA,NA,NA,NA,NA,NA,NA,NA,NA,NA,NA,NA,NA,NA,NA,NA,NA,NA,NA,NA,NA,NA,NA,NA,NA,NA,NA,NA,NA,NA,NA,NA,NA,NA,NA,NA,NA,NA,NA,NA,NA,NA,NA,NA,0.591695283451491,0.727601175080503,13.5905891629013,4.47213595499958,NA,NA,NA,NA,NA,NA,NA,NA,NA,NA,NA,NA,0.607701357617417,0.734671352511715,12.6969994894297,"indep = independent given the pilot draw; corr = DGP-implied correlation of the two estimates",NA,NA,NA,NA,NA,NA,NA
"grid","English","joint",NA,NA,10,80,0.81,NA,0.6,0.0447213595499958,NA,NA,NA,NA,NA,NA,NA,NA,NA,NA,NA,NA,NA,NA,NA,NA,NA,NA,NA,NA,NA,NA,NA,NA,NA,NA,NA,NA,NA,NA,NA,NA,NA,NA,NA,NA,NA,NA,NA,NA,NA,NA,NA,NA,NA,NA,NA,NA,NA,NA,NA,NA,NA,NA,NA,NA,NA,NA,NA,NA,0.591695283451491,0.720754008341902,12.9058724890411,4.47213595499958,NA,NA,NA,NA,NA,NA,NA,NA,NA,NA,NA,NA,0.607701357617417,0.728195391431765,12.0494033814348,"indep = independent given the pilot draw; corr = DGP-implied correlation of the two estimates",NA,NA,NA,NA,NA,NA,NA
"grid","English","joint",NA,NA,10,80,0.82,NA,0.6,0.0447213595499958,NA,NA,NA,NA,NA,NA,NA,NA,NA,NA,NA,NA,NA,NA,NA,NA,NA,NA,NA,NA,NA,NA,NA,NA,NA,NA,NA,NA,NA,NA,NA,NA,NA,NA,NA,NA,NA,NA,NA,NA,NA,NA,NA,NA,NA,NA,NA,NA,NA,NA,NA,NA,NA,NA,NA,NA,NA,NA,NA,NA,0.591695283451491,0.71389288955552,12.219760610403,4.47213595499958,NA,NA,NA,NA,NA,NA,NA,NA,NA,NA,NA,NA,0.607701357617417,0.721715368186517,11.4014010569099,"indep = independent given the pilot draw; corr = DGP-implied correlation of the two estimates",NA,NA,NA,NA,NA,NA,NA
"grid","English","joint",NA,NA,10,80,0.83,NA,0.6,0.0447213595499958,NA,NA,NA,NA,NA,NA,NA,NA,NA,NA,NA,NA,NA,NA,NA,NA,NA,NA,NA,NA,NA,NA,NA,NA,NA,NA,NA,NA,NA,NA,NA,NA,NA,NA,NA,NA,NA,NA,NA,NA,NA,NA,NA,NA,NA,NA,NA,NA,NA,NA,NA,NA,NA,NA,NA,NA,NA,NA,NA,NA,0.591695283451491,0.707021450056071,11.532616660458,4.47213595499958,NA,NA,NA,NA,NA,NA,NA,NA,NA,NA,NA,NA,0.607701357617417,0.715234668744307,10.753331112689,"indep = independent given the pilot draw; corr = DGP-implied correlation of the two estimates",NA,NA,NA,NA,NA,NA,NA
"grid","English","joint",NA,NA,10,80,0.84,NA,0.6,0.0447213595499958,NA,NA,NA,NA,NA,NA,NA,NA,NA,NA,NA,NA,NA,NA,NA,NA,NA,NA,NA,NA,NA,NA,NA,NA,NA,NA,NA,NA,NA,NA,NA,NA,NA,NA,NA,NA,NA,NA,NA,NA,NA,NA,NA,NA,NA,NA,NA,NA,NA,NA,NA,NA,NA,NA,NA,NA,NA,NA,NA,NA,0.591695283451491,0.700143234127767,10.8447950676277,4.47213595499958,NA,NA,NA,NA,NA,NA,NA,NA,NA,NA,NA,NA,0.607701357617417,0.70875656982312,10.1055212205702,"indep = independent given the pilot draw; corr = DGP-implied correlation of the two estimates",NA,NA,NA,NA,NA,NA,NA
"grid","English","joint",NA,NA,10,80,0.85,NA,0.6,0.0447213595499958,NA,NA,NA,NA,NA,NA,NA,NA,NA,NA,NA,NA,NA,NA,NA,NA,NA,NA,NA,NA,NA,NA,NA,NA,NA,NA,NA,NA,NA,NA,NA,NA,NA,NA,NA,NA,NA,NA,NA,NA,NA,NA,NA,NA,NA,NA,NA,NA,NA,NA,NA,NA,NA,NA,NA,NA,NA,NA,NA,NA,0.591695283451491,0.693261696268811,10.156641281732,4.47213595499958,NA,NA,NA,NA,NA,NA,NA,NA,NA,NA,NA,NA,0.607701357617417,0.702284237292283,9.45828796748652,"indep = independent given the pilot draw; corr = DGP-implied correlation of the two estimates",NA,NA,NA,NA,NA,NA,NA
"grid","English","joint",NA,NA,10,80,0.86,NA,0.6,0.0447213595499958,NA,NA,NA,NA,NA,NA,NA,NA,NA,NA,NA,NA,NA,NA,NA,NA,NA,NA,NA,NA,NA,NA,NA,NA,NA,NA,NA,NA,NA,NA,NA,NA,NA,NA,NA,NA,NA,NA,NA,NA,NA,NA,NA,NA,NA,NA,NA,NA,NA,NA,NA,NA,NA,NA,NA,NA,NA,NA,NA,NA,0.591695283451491,0.686380198825571,9.46849153740801,4.47213595499958,NA,NA,NA,NA,NA,NA,NA,NA,NA,NA,NA,NA,0.607701357617417,0.695820725027339,8.8119367409922,"indep = independent given the pilot draw; corr = DGP-implied correlation of the two estimates",NA,NA,NA,NA,NA,NA,NA
"grid","English","joint",NA,NA,10,80,0.87,NA,0.6,0.0447213595499958,NA,NA,NA,NA,NA,NA,NA,NA,NA,NA,NA,NA,NA,NA,NA,NA,NA,NA,NA,NA,NA,NA,NA,NA,NA,NA,NA,NA,NA,NA,NA,NA,NA,NA,NA,NA,NA,NA,NA,NA,NA,NA,NA,NA,NA,NA,NA,NA,NA,NA,NA,NA,NA,NA,NA,NA,NA,NA,NA,NA,0.591695283451491,0.679502009974753,8.78067265232625,4.47213595499958,NA,NA,NA,NA,NA,NA,NA,NA,NA,NA,NA,NA,0.607701357617417,0.689368974184727,8.16676165673101,"indep = independent given the pilot draw; corr = DGP-implied correlation of the two estimates",NA,NA,NA,NA,NA,NA,NA
"grid","English","joint",NA,NA,10,80,0.88,NA,0.6,0.0447213595499958,NA,NA,NA,NA,NA,NA,NA,NA,NA,NA,NA,NA,NA,NA,NA,NA,NA,NA,NA,NA,NA,NA,NA,NA,NA,NA,NA,NA,NA,NA,NA,NA,NA,NA,NA,NA,NA,NA,NA,NA,NA,NA,NA,NA,NA,NA,NA,NA,NA,NA,NA,NA,NA,NA,NA,NA,NA,NA,NA,NA,0.591695283451491,0.672630302032937,8.09350185814459,4.47213595499958,NA,NA,NA,NA,NA,NA,NA,NA,NA,NA,NA,NA,0.607701357617417,0.682931812864013,7.52304552465962,"indep = independent given the pilot draw; corr = DGP-implied correlation of the two estimates",NA,NA,NA,NA,NA,NA,NA
"grid","English","joint",NA,NA,10,80,0.89,NA,0.6,0.0447213595499958,NA,NA,NA,NA,NA,NA,NA,NA,NA,NA,NA,NA,NA,NA,NA,NA,NA,NA,NA,NA,NA,NA,NA,NA,NA,NA,NA,NA,NA,NA,NA,NA,NA,NA,NA,NA,NA,NA,NA,NA,NA,NA,NA,NA,NA,NA,NA,NA,NA,NA,NA,NA,NA,NA,NA,NA,NA,NA,NA,NA,0.591695283451491,0.665768150073987,7.40728666224962,4.47213595499958,NA,NA,NA,NA,NA,NA,NA,NA,NA,NA,NA,NA,0.607701357617417,0.676511956126657,6.88105985092399,"indep = independent given the pilot draw; corr = DGP-implied correlation of the two estimates",NA,NA,NA,NA,NA,NA,NA
"grid","English","joint",NA,NA,10,80,0.9,NA,0.6,0.0447213595499958,NA,NA,NA,NA,NA,NA,NA,NA,NA,NA,NA,NA,NA,NA,NA,NA,NA,NA,NA,NA,NA,NA,NA,NA,NA,NA,NA,NA,NA,NA,NA,NA,NA,NA,NA,NA,NA,NA,NA,NA,NA,NA,NA,NA,NA,NA,NA,NA,NA,NA,NA,NA,NA,NA,NA,NA,NA,NA,NA,NA,0.591695283451491,0.658918530835929,6.72232473844381,4.47213595499958,NA,NA,NA,NA,NA,NA,NA,NA,NA,NA,NA,NA,0.607701357617417,0.670112006341581,6.24106487241636,"indep = independent given the pilot draw; corr = DGP-implied correlation of the two estimates",NA,NA,NA,NA,NA,NA,NA
"grid","English","joint",NA,NA,10,80,0.91,NA,0.6,0.0447213595499958,NA,NA,NA,NA,NA,NA,NA,NA,NA,NA,NA,NA,NA,NA,NA,NA,NA,NA,NA,NA,NA,NA,NA,NA,NA,NA,NA,NA,NA,NA,NA,NA,NA,NA,NA,NA,NA,NA,NA,NA,NA,NA,NA,NA,NA,NA,NA,NA,NA,NA,NA,NA,NA,NA,NA,NA,NA,NA,NA,NA,0.591695283451491,0.652084321899887,6.03890384483965,4.47213595499958,NA,NA,NA,NA,NA,NA,NA,NA,NA,NA,NA,NA,0.607701357617417,0.663734453829181,5.60330962117637,"indep = independent given the pilot draw; corr = DGP-implied correlation of the two estimates",NA,NA,NA,NA,NA,NA,NA
"grid","English","joint",NA,NA,10,80,0.92,NA,0.6,0.0447213595499958,NA,NA,NA,NA,NA,NA,NA,NA,NA,NA,NA,NA,NA,NA,NA,NA,NA,NA,NA,NA,NA,NA,NA,NA,NA,NA,NA,NA,NA,NA,NA,NA,NA,NA,NA,NA,NA,NA,NA,NA,NA,NA,NA,NA,NA,NA,NA,NA,NA,NA,NA,NA,NA,NA,NA,NA,NA,NA,NA,NA,0.591695283451491,0.645268301124684,5.3573017673193,4.47213595499958,NA,NA,NA,NA,NA,NA,NA,NA,NA,NA,NA,NA,0.607701357617417,0.657381677776797,4.96803201593801,"indep = independent given the pilot draw; corr = DGP-implied correlation of the two estimates",NA,NA,NA,NA,NA,NA,NA
"grid","English","joint",NA,NA,10,80,0.93,NA,0.6,0.0447213595499958,NA,NA,NA,NA,NA,NA,NA,NA,NA,NA,NA,NA,NA,NA,NA,NA,NA,NA,NA,NA,NA,NA,NA,NA,NA,NA,NA,NA,NA,NA,NA,NA,NA,NA,NA,NA,NA,NA,NA,NA,NA,NA,NA,NA,NA,NA,NA,NA,NA,NA,NA,NA,NA,NA,NA,NA,NA,NA,NA,NA,0.591695283451491,0.638473146321581,4.67778628700903,4.47213595499958,NA,NA,NA,NA,NA,NA,NA,NA,NA,NA,NA,NA,0.607701357617417,0.65105594740005,4.33545897826325,"indep = independent given the pilot draw; corr = DGP-implied correlation of the two estimates",NA,NA,NA,NA,NA,NA,NA
"grid","English","joint",NA,NA,10,80,0.94,NA,0.6,0.0447213595499958,NA,NA,NA,NA,NA,NA,NA,NA,NA,NA,NA,NA,NA,NA,NA,NA,NA,NA,NA,NA,NA,NA,NA,NA,NA,NA,NA,NA,NA,NA,NA,NA,NA,NA,NA,NA,NA,NA,NA,NA,NA,NA,NA,NA,NA,NA,NA,NA,NA,NA,NA,NA,NA,NA,NA,NA,NA,NA,NA,NA,0.591695283451491,0.631701435154495,4.00061517030048,4.47213595499958,NA,NA,NA,NA,NA,NA,NA,NA,NA,NA,NA,NA,0.607701357617417,0.644759423325823,3.70580657084061,"indep = independent given the pilot draw; corr = DGP-implied correlation of the two estimates",NA,NA,NA,NA,NA,NA,NA
"grid","English","joint",NA,NA,10,80,0.95,NA,0.6,0.0447213595499958,NA,NA,NA,NA,NA,NA,NA,NA,NA,NA,NA,NA,NA,NA,NA,NA,NA,NA,NA,NA,NA,NA,NA,NA,NA,NA,NA,NA,NA,NA,NA,NA,NA,NA,NA,NA,NA,NA,NA,NA,NA,NA,NA,NA,NA,NA,NA,NA,NA,NA,NA,NA,NA,NA,NA,NA,NA,NA,NA,NA,0.591695283451491,0.62495564525177,3.32603618002792,4.47213595499958,NA,NA,NA,NA,NA,NA,NA,NA,NA,NA,NA,NA,0.607701357617417,0.638494159174048,3.07928015566306,"indep = independent given the pilot draw; corr = DGP-implied correlation of the two estimates",NA,NA,NA,NA,NA,NA,NA
"grid","English","joint",NA,NA,10,80,0.96,NA,0.6,0.0447213595499958,NA,NA,NA,NA,NA,NA,NA,NA,NA,NA,NA,NA,NA,NA,NA,NA,NA,NA,NA,NA,NA,NA,NA,NA,NA,NA,NA,NA,NA,NA,NA,NA,NA,NA,NA,NA,NA,NA,NA,NA,NA,NA,NA,NA,NA,NA,NA,NA,NA,NA,NA,NA,NA,NA,NA,NA,NA,NA,NA,NA,0.591695283451491,0.618238154516279,2.65428710647886,4.47213595499958,NA,NA,NA,NA,NA,NA,NA,NA,NA,NA,NA,NA,0.607701357617417,0.632262103316735,2.45607456993181,"indep = independent given the pilot draw; corr = DGP-implied correlation of the two estimates",NA,NA,NA,NA,NA,NA,NA
"grid","English","joint",NA,NA,10,80,0.97,NA,0.6,0.0447213595499958,NA,NA,NA,NA,NA,NA,NA,NA,NA,NA,NA,NA,NA,NA,NA,NA,NA,NA,NA,NA,NA,NA,NA,NA,NA,NA,NA,NA,NA,NA,NA,NA,NA,NA,NA,NA,NA,NA,NA,NA,NA,NA,NA,NA,NA,NA,NA,NA,NA,NA,NA,NA,NA,NA,NA,NA,NA,NA,NA,NA,0.591695283451491,0.611551241621271,1.98559581697807,4.47213595499958,NA,NA,NA,NA,NA,NA,NA,NA,NA,NA,NA,NA,0.607701357617417,0.626065100794032,1.83637431766149,"indep = independent given the pilot draw; corr = DGP-implied correlation of the two estimates",NA,NA,NA,NA,NA,NA,NA
"grid","English","joint",NA,NA,10,80,0.98,NA,0.6,0.0447213595499958,NA,NA,NA,NA,NA,NA,NA,NA,NA,NA,NA,NA,NA,NA,NA,NA,NA,NA,NA,NA,NA,NA,NA,NA,NA,NA,NA,NA,NA,NA,NA,NA,NA,NA,NA,NA,NA,NA,NA,NA,NA,NA,NA,NA,NA,NA,NA,NA,NA,NA,NA,NA,NA,NA,NA,NA,NA,NA,NA,NA,0.591695283451491,0.604897086679902,1.32018032284118,4.47213595499958,NA,NA,NA,NA,NA,NA,NA,NA,NA,NA,NA,NA,0.607701357617417,0.619904895368288,1.22035377508708,"indep = independent given the pilot draw; corr = DGP-implied correlation of the two estimates",NA,NA,NA,NA,NA,NA,NA
"grid","English","joint",NA,NA,10,80,0.99,NA,0.6,0.0447213595499958,NA,NA,NA,NA,NA,NA,NA,NA,NA,NA,NA,NA,NA,NA,NA,NA,NA,NA,NA,NA,NA,NA,NA,NA,NA,NA,NA,NA,NA,NA,NA,NA,NA,NA,NA,NA,NA,NA,NA,NA,NA,NA,NA,NA,NA,NA,NA,NA,NA,NA,NA,NA,NA,NA,NA,NA,NA,NA,NA,NA,0.591695283451491,0.598277772076932,0.658248862544097,4.47213595499958,NA,NA,NA,NA,NA,NA,NA,NA,NA,NA,NA,NA,0.607701357617417,0.613783131698345,0.608177408092814,"indep = independent given the pilot draw; corr = DGP-implied correlation of the two estimates",NA,NA,NA,NA,NA,NA,NA
"grid","English","joint",NA,NA,10,80,1,NA,0.6,0.0447213595499958,NA,NA,NA,NA,NA,NA,NA,NA,NA,NA,NA,NA,NA,NA,NA,NA,NA,NA,NA,NA,NA,NA,NA,NA,NA,NA,NA,NA,NA,NA,NA,NA,NA,NA,NA,NA,NA,NA,NA,NA,NA,NA,NA,NA,NA,NA,NA,NA,NA,NA,NA,NA,NA,NA,NA,NA,NA,NA,NA,NA,0.591695283451491,0.591695283451491,0,4.47213595499958,NA,NA,NA,NA,NA,NA,NA,NA,NA,NA,NA,NA,0.607701357617417,0.607701357617417,0,"indep = independent given the pilot draw; corr = DGP-implied correlation of the two estimates",NA,NA,NA,NA,NA,NA,NA
"grid","English","h1a",NA,NA,6,80,0.7,NA,0.733333333333333,0.0403686713879666,NA,NA,NA,NA,NA,0.194470359046419,NA,NA,NA,NA,NA,NA,NA,NA,NA,NA,NA,NA,NA,NA,NA,NA,NA,NA,NA,NA,NA,NA,NA,NA,NA,NA,NA,NA,NA,NA,NA,NA,NA,NA,NA,NA,NA,NA,NA,NA,NA,NA,NA,NA,NA,NA,NA,NA,NA,NA,NA,0.288514710043719,0.201960297030604,"ok",0.733333333333333,0.865304017153334,13.1970683820001,4.03686713879666,3.2691361712573,1223.80142048778,1143.80142048778,Inf,Inf,0.288357264648226,0.733569789985735,0.865462992426153,13.1893202440418,1159.93921649813,3200,24476.0284097555,NA,NA,NA,NA,NA,NA,NA,NA,NA,NA,NA
"grid","English","h1a",NA,NA,6,80,0.71,NA,0.733333333333333,0.0403686713879666,NA,NA,NA,NA,NA,0.194470359046419,NA,NA,NA,NA,NA,NA,NA,NA,NA,NA,NA,NA,NA,NA,NA,NA,NA,NA,NA,NA,NA,NA,NA,NA,NA,NA,NA,NA,NA,NA,NA,NA,NA,NA,NA,NA,NA,NA,NA,NA,NA,NA,NA,NA,NA,NA,NA,NA,NA,NA,NA,0.288514710043719,0.204845444131041,"ok",0.733333333333333,0.861121938243402,12.7788604910068,4.03686713879666,3.16553903104576,877.098242865897,797.098242865897,Inf,Inf,0.288357264648226,0.733569789985735,0.861284689309396,12.7714899323661,805.126296946849,3200,17541.9648573179,NA,NA,NA,NA,NA,NA,NA,NA,NA,NA,NA
"grid","English","h1a",NA,NA,6,80,0.72,NA,0.733333333333333,0.0403686713879666,NA,NA,NA,NA,NA,0.194470359046419,NA,NA,NA,NA,NA,NA,NA,NA,NA,NA,NA,NA,NA,NA,NA,NA,NA,NA,NA,NA,NA,NA,NA,NA,NA,NA,NA,NA,NA,NA,NA,NA,NA,NA,NA,NA,NA,NA,NA,NA,NA,NA,NA,NA,NA,NA,NA,NA,NA,NA,NA,0.288514710043719,0.207730591231478,"ok",0.733333333333333,0.85690241875258,12.3569085419247,4.03686713879666,3.06101442456888,681.33733115656,601.33733115656,Inf,Inf,0.288357264648226,0.733569789985735,0.857068881741442,12.3499091755707,606.031464199603,3200,13626.7466231312,NA,NA,NA,NA,NA,NA,NA,NA,NA,NA,NA
"grid","English","h1a",NA,NA,6,80,0.73,NA,0.733333333333333,0.0403686713879666,NA,NA,NA,NA,NA,0.194470359046419,NA,NA,NA,NA,NA,NA,NA,NA,NA,NA,NA,NA,NA,NA,NA,NA,NA,NA,NA,NA,NA,NA,NA,NA,NA,NA,NA,NA,NA,NA,NA,NA,NA,NA,NA,NA,NA,NA,NA,NA,NA,NA,NA,NA,NA,NA,NA,NA,NA,NA,NA,0.288514710043719,0.210615738331915,"ok",0.733333333333333,0.852648156508756,11.9314823175422,4.03686713879666,2.95562918156848,555.598181646411,475.598181646411,Inf,Inf,0.288357264648226,0.733569789985735,0.852818263778773,11.9248473793039,478.621270049683,3200,11111.9636329282,NA,NA,NA,NA,NA,NA,NA,NA,NA,NA,NA
"grid","English","h1a",NA,NA,6,80,0.74,NA,0.733333333333333,0.0403686713879666,NA,NA,NA,NA,NA,0.194470359046419,NA,NA,NA,NA,NA,NA,NA,NA,NA,NA,NA,NA,NA,NA,NA,NA,NA,NA,NA,NA,NA,NA,NA,NA,NA,NA,NA,NA,NA,NA,NA,NA,NA,NA,NA,NA,NA,NA,NA,NA,NA,NA,NA,NA,NA,NA,NA,NA,NA,NA,NA,0.288514710043719,0.213500885432352,"ok",0.733333333333333,0.848361829405846,11.5028496072513,4.03686713879666,2.84944963798838,468.032543379347,388.032543379347,Inf,Inf,0.288357264648226,0.733569789985735,0.848535509844851,11.4965719859116,390.108217578892,3200,9360.65086758694,NA,NA,NA,NA,NA,NA,NA,NA,NA,NA,NA
"grid","English","h1a",NA,NA,6,80,0.75,NA,0.733333333333333,0.0403686713879666,NA,NA,NA,NA,NA,0.194470359046419,NA,NA,NA,NA,NA,NA,NA,NA,NA,NA,NA,NA,NA,NA,NA,NA,NA,NA,NA,NA,NA,NA,NA,NA,NA,NA,NA,NA,NA,NA,NA,NA,NA,NA,NA,NA,NA,NA,NA,NA,NA,NA,NA,NA,NA,NA,NA,NA,NA,NA,NA,0.288514710043719,0.216386032532789,"ok",0.733333333333333,0.844046089093454,11.0712755760121,4.03686713879666,2.74254147965651,403.563181355502,323.563181355502,Inf,Inf,0.288357264648226,0.733569789985735,0.844223268417298,11.0653478431563,325.054483817428,3200,8071.26362711004,NA,NA,NA,NA,NA,NA,NA,NA,NA,NA,NA
"grid","English","h1a",NA,NA,6,80,0.76,NA,0.733333333333333,0.0403686713879666,NA,NA,NA,NA,NA,0.194470359046419,NA,NA,NA,NA,NA,NA,NA,NA,NA,NA,NA,NA,NA,NA,NA,NA,NA,NA,NA,NA,NA,NA,NA,NA,NA,NA,NA,NA,NA,NA,NA,NA,NA,NA,NA,NA,NA,NA,NA,NA,NA,NA,NA,NA,NA,NA,NA,NA,NA,NA,NA,0.288514710043719,0.219271179633227,"ok",0.733333333333333,0.839703555163506,10.6370221830173,4.03686713879666,2.63496959827815,354.128785615552,274.128785615552,Inf,Inf,0.288357264648226,0.733569789985735,0.839884156210586,10.6314366224851,275.236852176835,3200,7082.57571231104,NA,NA,NA,NA,NA,NA,NA,NA,NA,NA,NA
"grid","English","h1a",NA,NA,6,80,0.77,NA,0.733333333333333,0.0403686713879666,NA,NA,NA,NA,NA,0.194470359046419,NA,NA,NA,NA,NA,NA,NA,NA,NA,NA,NA,NA,NA,NA,NA,NA,NA,NA,NA,NA,NA,NA,NA,NA,NA,NA,NA,NA,NA,NA,NA,NA,NA,NA,NA,NA,NA,NA,NA,NA,NA,NA,NA,NA,NA,NA,NA,NA,NA,NA,NA,0.288514710043719,0.222156326733664,"ok",0.733333333333333,0.835336809828559,10.2003476495226,4.03686713879666,2.52679795960864,315.028332449275,235.028332449275,Inf,Inf,0.288357264648226,0.733569789985735,0.83552075284906,10.1950962863326,235.873078219425,3200,6300.5666489855,NA,NA,NA,NA,NA,NA,NA,NA,NA,NA,NA
"grid","English","h1a",NA,NA,6,80,0.78,NA,0.733333333333333,0.0403686713879666,NA,NA,NA,NA,NA,0.194470359046419,NA,NA,NA,NA,NA,NA,NA,NA,NA,NA,NA,NA,NA,NA,NA,NA,NA,NA,NA,NA,NA,NA,NA,NA,NA,NA,NA,NA,NA,NA,NA,NA,NA,NA,NA,NA,NA,NA,NA,NA,NA,NA,NA,NA,NA,NA,NA,NA,NA,NA,NA,0.288514710043719,0.225041473834101,"ok",0.733333333333333,0.830948393083159,9.76150597498261,4.03686713879666,2.41808948359207,283.335449761961,203.335449761961,Inf,Inf,0.288357264648226,0.733569789985735,0.831135596021848,9.75658060361134,203.992522122707,3200,5666.70899523922,NA,NA,NA,NA,NA,NA,NA,NA,NA,NA,NA
"grid","English","h1a",NA,NA,6,80,0.79,NA,0.733333333333333,0.0403686713879666,NA,NA,NA,NA,NA,0.194470359046419,NA,NA,NA,NA,NA,NA,NA,NA,NA,NA,NA,NA,NA,NA,NA,NA,NA,NA,NA,NA,NA,NA,NA,NA,NA,NA,NA,NA,NA,NA,NA,NA,NA,NA,NA,NA,NA,NA,NA,NA,NA,NA,NA,NA,NA,NA,NA,NA,NA,NA,NA,0.288514710043719,0.227926620934538,"ok",0.733333333333333,0.826540798336794,9.32074650034603,4.03686713879666,2.3089059361821,257.133218860524,177.133218860524,Inf,Inf,0.288357264648226,0.733569789985735,0.826731177108343,9.31613871226085,177.65252997776,3200,5142.66437721049,NA,NA,NA,NA,NA,NA,NA,NA,NA,NA,NA
"grid","English","h1a",NA,NA,6,80,0.8,NA,0.733333333333333,0.0403686713879666,NA,NA,NA,NA,NA,0.194470359046419,NA,NA,NA,NA,NA,NA,NA,NA,NA,NA,NA,NA,NA,NA,NA,NA,NA,NA,NA,NA,NA,NA,NA,NA,NA,NA,NA,NA,NA,NA,NA,NA,NA,NA,NA,NA,NA,NA,NA,NA,NA,NA,NA,NA,NA,NA,NA,NA,NA,NA,NA,0.288514710043719,0.230811768034975,"ok",0.733333333333333,0.822116468504567,8.87831351712339,4.03686713879666,2.1993078325015,235.113471109523,155.113471109523,Inf,Inf,0.288357264648226,0.733569789985735,0.822309937260545,8.87401472748101,155.529178195345,3200,4702.26942219046,NA,NA,NA,NA,NA,NA,NA,NA,NA,NA,NA
"grid","English","h1a",NA,NA,6,80,0.81,NA,0.733333333333333,0.0403686713879666,NA,NA,NA,NA,NA,0.194470359046419,NA,NA,NA,NA,NA,NA,NA,NA,NA,NA,NA,NA,NA,NA,NA,NA,NA,NA,NA,NA,NA,NA,NA,NA,NA,NA,NA,NA,NA,NA,NA,NA,NA,NA,NA,NA,NA,NA,NA,NA,NA,NA,NA,NA,NA,NA,NA,NA,NA,NA,NA,0.288514710043719,0.233696915135413,"ok",0.733333333333333,0.81767779253976,8.43444592064265,4.03686713879666,2.08935435094772,216.352917067468,136.352917067468,Inf,Inf,0.288357264648226,0.733569789985735,0.817874263926538,8.43044739408035,136.689114755646,3200,4327.05834134936,NA,NA,NA,NA,NA,NA,NA,NA,NA,NA,NA
"grid","English","h1a",NA,NA,6,80,0.82,NA,0.733333333333333,0.0403686713879666,NA,NA,NA,NA,NA,0.194470359046419,NA,NA,NA,NA,NA,NA,NA,NA,NA,NA,NA,NA,NA,NA,NA,NA,NA,NA,NA,NA,NA,NA,NA,NA,NA,NA,NA,NA,NA,NA,NA,NA,NA,NA,NA,NA,NA,NA,NA,NA,NA,NA,NA,NA,NA,NA,NA,NA,NA,NA,NA,0.288514710043719,0.23658206223585,"ok",0.733333333333333,0.813227102390785,7.98937690574523,4.03686713879666,1.97910325781164,200.181302365707,120.181302365707,Inf,Inf,0.288357264648226,0.733569789985735,0.81342648779777,7.98566978120353,120.45542690721,3200,4003.62604731415,NA,NA,NA,NA,NA,NA,NA,NA,NA,NA,NA
"grid","English","h1a",NA,NA,6,80,0.83,NA,0.733333333333333,0.0403686713879666,NA,NA,NA,NA,NA,0.194470359046419,NA,NA,NA,NA,NA,NA,NA,NA,NA,NA,NA,NA,NA,NA,NA,NA,NA,NA,NA,NA,NA,NA,NA,NA,NA,NA,NA,NA,NA,NA,NA,NA,NA,NA,NA,NA,NA,NA,NA,NA,NA,NA,NA,NA,NA,NA,NA,NA,NA,NA,NA,0.288514710043719,0.239467209336287,"ok",0.733333333333333,0.808766670363816,7.54333370304825,4.03686713879666,1.86861084194533,186.100285775376,106.100285775376,Inf,Inf,0.288357264648226,0.733569789985735,0.808968880161498,7.53990901757634,106.32523340518,3200,3722.00571550752,NA,NA,NA,NA,NA,NA,NA,NA,NA,NA,NA
"grid","English","h1a",NA,NA,6,80,0.84,NA,0.733333333333333,0.0403686713879666,NA,NA,NA,NA,NA,0.194470359046419,NA,NA,NA,NA,NA,NA,NA,NA,NA,NA,NA,NA,NA,NA,NA,NA,NA,NA,NA,NA,NA,NA,NA,NA,NA,NA,NA,NA,NA,NA,NA,NA,NA,NA,NA,NA,NA,NA,NA,NA,NA,NA,NA,NA,NA,NA,NA,NA,NA,NA,NA,0.288514710043719,0.242352356436724,"ok",0.733333333333333,0.804298706871371,7.09653735380376,4.03686713879666,1.75793185899082,173.731645475097,93.7316454750974,Inf,Inf,0.288357264648226,0.733569789985735,0.804503650638833,7.09338606530986,93.9171360341853,3200,3474.63290950195,NA,NA,NA,NA,NA,NA,NA,NA,NA,NA,NA
"grid","English","h1a",NA,NA,6,80,0.85,NA,0.733333333333333,0.0403686713879666,NA,NA,NA,NA,NA,0.194470359046419,NA,NA,NA,NA,NA,NA,NA,NA,NA,NA,NA,NA,NA,NA,NA,NA,NA,NA,NA,NA,NA,NA,NA,NA,NA,NA,NA,NA,NA,NA,NA,NA,NA,NA,NA,NA,NA,NA,NA,NA,NA,NA,NA,NA,NA,NA,NA,NA,NA,NA,NA,0.288514710043719,0.245237503537161,"ok",0.733333333333333,0.799825358546509,6.64920252131759,4.03686713879666,1.64711948466544,162.783146264052,82.7831462640521,Inf,Inf,0.288357264648226,0.733569789985735,0.800032945288101,6.64631553023668,82.9366269896555,3200,3255.66292528104,NA,NA,NA,NA,NA,NA,NA,NA,NA,NA,NA
"grid","English","h1a",NA,NA,6,80,0.86,NA,0.733333333333333,0.0403686713879666,NA,NA,NA,NA,NA,0.194470359046419,NA,NA,NA,NA,NA,NA,NA,NA,NA,NA,NA,NA,NA,NA,NA,NA,NA,NA,NA,NA,NA,NA,NA,NA,NA,NA,NA,NA,NA,NA,NA,NA,NA,NA,NA,NA,NA,NA,NA,NA,NA,NA,NA,NA,NA,NA,NA,NA,NA,NA,NA,0.288514710043719,0.248122650637599,"ok",0.733333333333333,0.795348706701828,6.20153733684946,4.03686713879666,1.53622527658863,153.025419709841,73.0254197098414,Inf,Inf,0.288357264648226,0.733569789985735,0.795558845052834,6.19890550670995,73.1526796913123,3200,3060.50839419683,NA,NA,NA,NA,NA,NA,NA,NA,NA,NA,NA
"grid","English","h1a",NA,NA,6,80,0.87,NA,0.733333333333333,0.0403686713879666,NA,NA,NA,NA,NA,0.194470359046419,NA,NA,NA,NA,NA,NA,NA,NA,NA,NA,NA,NA,NA,NA,NA,NA,NA,NA,NA,NA,NA,NA,NA,NA,NA,NA,NA,NA,NA,NA,NA,NA,NA,NA,NA,NA,NA,NA,NA,NA,NA,NA,NA,NA,NA,NA,NA,NA,NA,NA,NA,0.288514710043719,0.251007797738036,"ok",0.733333333333333,0.790870766112287,5.7537432778954,4.03686713879666,1.4252991441305,144.275923243553,64.2759232435531,Inf,Inf,0.288357264648226,0.733569789985735,0.791083364533485,5.75135745477502,64.3815206201262,3200,2885.51846487106,NA,NA,NA,NA,NA,NA,NA,NA,NA,NA,NA
"grid","English","h1a",NA,NA,6,80,0.88,NA,0.733333333333333,0.0403686713879666,NA,NA,NA,NA,NA,0.194470359046419,NA,NA,NA,NA,NA,NA,NA,NA,NA,NA,NA,NA,NA,NA,NA,NA,NA,NA,NA,NA,NA,NA,NA,NA,NA,NA,NA,NA,NA,NA,NA,NA,NA,NA,NA,NA,NA,NA,NA,NA,NA,NA,NA,NA,NA,NA,NA,NA,NA,NA,NA,0.288514710043719,0.253892944838473,"ok",0.733333333333333,0.786393484100874,5.3060150767541,4.03686713879666,1.3143893257621,136.387572270882,56.3875722708819,Inf,Inf,0.288357264648226,0.733569789985735,0.786608451061961,5.30386610762267,56.4751371858335,3200,2727.75144541764,NA,NA,NA,NA,NA,NA,NA,NA,NA,NA,NA
"grid","English","h1a",NA,NA,6,80,0.89,NA,0.733333333333333,0.0403686713879666,NA,NA,NA,NA,NA,0.194470359046419,NA,NA,NA,NA,NA,NA,NA,NA,NA,NA,NA,NA,NA,NA,NA,NA,NA,NA,NA,NA,NA,NA,NA,NA,NA,NA,NA,NA,NA,NA,NA,NA,NA,NA,NA,NA,NA,NA,NA,NA,NA,NA,NA,NA,NA,NA,NA,NA,NA,NA,NA,0.288514710043719,0.25677809193891,"ok",0.733333333333333,0.78191873990629,4.85854065729564,4.03686713879666,1.20354237339203,129.240530617448,49.2405306174479,1193.2190285937,1113.2190285937,0.288357264648226,0.733569789985735,0.782135984058227,4.85661940724926,49.3129838975065,3200,2584.81061234896,NA,NA,NA,NA,NA,NA,NA,NA,NA,NA,NA
"grid","English","h1a",NA,NA,6,80,0.9,NA,0.733333333333333,0.0403686713879666,NA,NA,NA,NA,NA,0.194470359046419,NA,NA,NA,NA,NA,NA,NA,NA,NA,NA,NA,NA,NA,NA,NA,NA,NA,NA,NA,NA,NA,NA,NA,NA,NA,NA,NA,NA,NA,NA,NA,NA,NA,NA,NA,NA,NA,NA,NA,NA,NA,NA,NA,NA,NA,NA,NA,NA,NA,NA,NA,0.288514710043719,0.259663239039347,"ok",0.733333333333333,0.777448344312156,4.41150109788224,4.03686713879666,1.09280314318129,122.736180891172,42.7361808911719,542.843754809231,462.843754809231,0.288357264648226,0.733569789985735,0.77766777464853,4.40979846627958,42.7958944217396,3200,2454.72361782344,NA,NA,NA,NA,NA,NA,NA,NA,NA,NA,NA
"grid","English","h1a",NA,NA,6,80,0.91,NA,0.733333333333333,0.0403686713879666,NA,NA,NA,NA,NA,0.194470359046419,NA,NA,NA,NA,NA,NA,NA,NA,NA,NA,NA,NA,NA,NA,NA,NA,NA,NA,NA,NA,NA,NA,NA,NA,NA,NA,NA,NA,NA,NA,NA,NA,NA,NA,NA,NA,NA,NA,NA,NA,NA,NA,NA,NA,NA,NA,NA,NA,NA,NA,NA,0.288514710043719,0.262548386139785,"ok",0.733333333333333,0.772984039517686,3.96507061843525,4.03686713879666,0.982214792339486,116.79262806716,36.7926280671596,349.962247283441,269.962247283441,0.288357264648226,0.733569789985735,0.773205565525252,3.96357755395171,36.8415441072068,3200,2335.85256134319,NA,NA,NA,NA,NA,NA,NA,NA,NA,NA,NA
"grid","English","h1a",NA,NA,6,80,0.92,NA,0.733333333333333,0.0403686713879666,NA,NA,NA,NA,NA,0.194470359046419,NA,NA,NA,NA,NA,NA,NA,NA,NA,NA,NA,NA,NA,NA,NA,NA,NA,NA,NA,NA,NA,NA,NA,NA,NA,NA,NA,NA,NA,NA,NA,NA,NA,NA,NA,NA,NA,NA,NA,NA,NA,NA,NA,NA,NA,NA,NA,NA,NA,NA,NA,0.288514710043719,0.265433533240222,"ok",0.733333333333333,0.768527499230296,3.51941658969626,4.03686713879666,0.871818781419037,111.341299941651,31.3412999416513,257.468501744992,177.468501744992,0.288357264648226,0.733569789985735,0.768751031028901,3.51812410431662,31.3810210533165,3200,2226.82599883303,NA,NA,NA,NA,NA,NA,NA,NA,NA,NA,NA
"grid","English","h1a",NA,NA,6,80,0.93,NA,0.733333333333333,0.0403686713879666,NA,NA,NA,NA,NA,0.194470359046419,NA,NA,NA,NA,NA,NA,NA,NA,NA,NA,NA,NA,NA,NA,NA,NA,NA,NA,NA,NA,NA,NA,NA,NA,NA,NA,NA,NA,NA,NA,NA,NA,NA,NA,NA,NA,NA,NA,NA,NA,NA,NA,NA,NA,NA,NA,NA,NA,NA,NA,NA,0.288514710043719,0.268318680340659,"ok",0.733333333333333,0.764080328961267,3.07469956279335,4.03686713879666,0.761654881639201,106.324344483186,26.3243444831862,203.181488714874,123.181488714874,0.288357264648226,0.733569789985735,0.764305777433409,3.0735987447674,26.3562021216972,3200,2126.48688966372,NA,NA,NA,NA,NA,NA,NA,NA,NA,NA,NA
"grid","English","h1a",NA,NA,6,80,0.94,NA,0.733333333333333,0.0403686713879666,NA,NA,NA,NA,NA,0.194470359046419,NA,NA,NA,NA,NA,NA,NA,NA,NA,NA,NA,NA,NA,NA,NA,NA,NA,NA,NA,NA,NA,NA,NA,NA,NA,NA,NA,NA,NA,NA,NA,NA,NA,NA,NA,NA,NA,NA,NA,NA,NA,NA,NA,NA,NA,NA,NA,NA,NA,NA,NA,0.288514710043719,0.271203827441096,"ok",0.733333333333333,0.759644066506264,2.6310733172931,4.03686713879666,0.651761186789365,101.692614339698,21.6926143396977,167.485532693747,87.4855326937467,0.288357264648226,0.733569789985735,0.759871343416554,2.63015534308199,21.717721738073,3200,2033.85228679395,NA,NA,NA,NA,NA,NA,NA,NA,NA,NA,NA
"grid","English","h1a",NA,NA,6,80,0.95,NA,0.733333333333333,0.0403686713879666,NA,NA,NA,NA,NA,0.194470359046419,NA,NA,NA,NA,NA,NA,NA,NA,NA,NA,NA,NA,NA,NA,NA,NA,NA,NA,NA,NA,NA,NA,NA,NA,NA,NA,NA,NA,NA,NA,NA,NA,NA,NA,NA,NA,NA,NA,NA,NA,NA,NA,NA,NA,NA,NA,NA,NA,NA,NA,NA,0.288514710043719,0.274088974541533,"ok",0.733333333333333,0.755220182593268,2.18868492599344,4.03686713879666,0.542174129279337,97.4040895635778,17.4040895635778,142.230505968896,62.230505968896,0.288357264648226,0.733569789985735,0.75544920069811,2.18794107123758,17.423382916531,3200,1948.08179127156,NA,NA,NA,NA,NA,NA,NA,NA,NA,NA,NA
"grid","English","h1a",NA,NA,6,80,0.96,NA,0.733333333333333,0.0403686713879666,NA,NA,NA,NA,NA,0.194470359046419,NA,NA,NA,NA,NA,NA,NA,NA,NA,NA,NA,NA,NA,NA,NA,NA,NA,NA,NA,NA,NA,NA,NA,NA,NA,NA,NA,NA,NA,NA,NA,NA,NA,NA,NA,NA,NA,NA,NA,NA,NA,NA,NA,NA,NA,NA,NA,NA,NA,NA,NA,0.288514710043719,0.276974121641971,"ok",0.733333333333333,0.750810081681253,1.74767483479198,4.03686713879666,0.432928499924063,93.4226312835068,13.4226312835068,123.42273744059,43.4227374405899,0.288357264648226,0.733569789985735,0.75104075482907,1.7470964843335,13.436902115238,3200,1868.45262567014,NA,NA,NA,NA,NA,NA,NA,NA,NA,NA,NA
"grid","English","h1a",NA,NA,6,80,0.97,NA,0.733333333333333,0.0403686713879666,NA,NA,NA,NA,NA,0.194470359046419,NA,NA,NA,NA,NA,NA,NA,NA,NA,NA,NA,NA,NA,NA,NA,NA,NA,NA,NA,NA,NA,NA,NA,NA,NA,NA,NA,NA,NA,NA,NA,NA,NA,NA,NA,NA,NA,NA,NA,NA,NA,NA,NA,NA,NA,NA,NA,NA,NA,NA,NA,0.288514710043719,0.279859268742408,"ok",0.733333333333333,0.746415102893785,1.30817695604517,4.03686713879666,0.324057471070282,89.7169880479543,9.71698804795426,108.874965376895,28.874965376895,0.288357264648226,0.733569789985735,0.746647346116132,1.3077556130397,9.72690886792752,3200,1794.33976095909,NA,NA,NA,NA,NA,NA,NA,NA,NA,NA,NA
"grid","English","h1a",NA,NA,6,80,0.98,NA,0.733333333333333,0.0403686713879666,NA,NA,NA,NA,NA,0.194470359046419,NA,NA,NA,NA,NA,NA,NA,NA,NA,NA,NA,NA,NA,NA,NA,NA,NA,NA,NA,NA,NA,NA,NA,NA,NA,NA,NA,NA,NA,NA,NA,NA,NA,NA,NA,NA,NA,NA,NA,NA,NA,NA,NA,NA,NA,NA,NA,NA,NA,NA,NA,0.288514710043719,0.282744415842845,"ok",0.733333333333333,0.742036521072511,0.870318773917811,4.03686713879666,0.21559262269336,86.2599970319979,6.25999703199793,97.2887585407503,17.2887585407503,0.288357264648226,0.733569789985735,0.742270250666454,0.870046068071972,6.2661418312085,3200,1725.19994063996,NA,NA,NA,NA,NA,NA,NA,NA,NA,NA,NA
"grid","English","h1a",NA,NA,6,80,0.99,NA,0.733333333333333,0.0403686713879666,NA,NA,NA,NA,NA,0.194470359046419,NA,NA,NA,NA,NA,NA,NA,NA,NA,NA,NA,NA,NA,NA,NA,NA,NA,NA,NA,NA,NA,NA,NA,NA,NA,NA,NA,NA,NA,NA,NA,NA,NA,NA,NA,NA,NA,NA,NA,NA,NA,NA,NA,NA,NA,NA,NA,NA,NA,NA,NA,0.288514710043719,0.285629562943282,"ok",0.733333333333333,0.737675547936392,0.434221460305872,4.03686713879666,0.107563971113329,83.0279369359738,3.02793693597377,87.8446655279098,7.84466552790984,0.288357264648226,0.733569789985735,0.737910681538511,0.434089155277639,3.03079768151599,3200,1660.55873871948,NA,NA,NA,NA,NA,NA,NA,NA,NA,NA,NA
"grid","English","h1a",NA,NA,6,80,1,NA,0.733333333333333,0.0403686713879666,NA,NA,NA,NA,NA,0.194470359046419,NA,NA,NA,NA,NA,NA,NA,NA,NA,NA,NA,NA,NA,NA,NA,NA,NA,NA,NA,NA,NA,NA,NA,NA,NA,NA,NA,NA,NA,NA,NA,NA,NA,NA,NA,NA,NA,NA,NA,NA,NA,NA,NA,NA,NA,NA,NA,NA,NA,NA,NA,0.288514710043719,0.288514710043719,"ok",0.733333333333333,0.733333333333333,0,4.03686713879666,0,80,0,80,0,0.288357264648226,0.733569789985735,0.733569789985735,0,0,3200,1600,NA,NA,NA,NA,NA,NA,NA,NA,NA,NA,NA
"grid","English","h1b",NA,NA,6,80,0.7,NA,0.958333333333333,0.0182415632452274,NA,NA,NA,NA,NA,0.20663074794523,NA,NA,NA,NA,NA,NA,NA,NA,NA,NA,NA,NA,NA,NA,NA,NA,NA,NA,NA,NA,NA,NA,NA,NA,NA,NA,NA,NA,NA,NA,NA,NA,NA,NA,NA,NA,NA,NA,NA,NA,NA,NA,NA,NA,NA,NA,NA,NA,NA,NA,NA,0.255376566297999,0.178763596408599,"near ceiling: MC interval reaches the verb floor",0.958333333333333,0.988964480032371,3.06311466990373,1.82415632452274,1.67919526891707,Inf,Inf,Inf,Inf,0.323818653944392,0.908186928477451,0.972999098259504,6.48121697820528,492.633129543411,3200,Inf,NA,NA,NA,NA,NA,NA,NA,NA,NA,NA,NA
"grid","English","h1b",NA,NA,6,80,0.71,NA,0.958333333333333,0.0182415632452274,NA,NA,NA,NA,NA,0.20663074794523,NA,NA,NA,NA,NA,NA,NA,NA,NA,NA,NA,NA,NA,NA,NA,NA,NA,NA,NA,NA,NA,NA,NA,NA,NA,NA,NA,NA,NA,NA,NA,NA,NA,NA,NA,NA,NA,NA,NA,NA,NA,NA,NA,NA,NA,NA,NA,NA,NA,NA,NA,0.255376566297999,0.181317362071579,"near ceiling: MC interval reaches the verb floor",0.958333333333333,0.98835508080671,3.00217474733765,1.82415632452274,1.64578808678753,Inf,Inf,Inf,Inf,0.323818653944392,0.908186928477451,0.971544559060583,6.33576305831326,409.32621536907,3200,Inf,NA,NA,NA,NA,NA,NA,NA,NA,NA,NA,NA
"grid","English","h1b",NA,NA,6,80,0.72,NA,0.958333333333333,0.0182415632452274,NA,NA,NA,NA,NA,0.20663074794523,NA,NA,NA,NA,NA,NA,NA,NA,NA,NA,NA,NA,NA,NA,NA,NA,NA,NA,NA,NA,NA,NA,NA,NA,NA,NA,NA,NA,NA,NA,NA,NA,NA,NA,NA,NA,NA,NA,NA,NA,NA,NA,NA,NA,NA,NA,NA,NA,NA,NA,NA,0.255376566297999,0.183871127734559,"near ceiling: MC interval reaches the verb floor",0.958333333333333,0.987721011765078,2.93876784317442,1.82415632452274,1.61102850872351,Inf,Inf,Inf,Inf,0.323818653944392,0.908186928477451,0.970039496720731,6.18525682432801,346.411730414154,3200,Inf,NA,NA,NA,NA,NA,NA,NA,NA,NA,NA,NA
"grid","English","h1b",NA,NA,6,80,0.73,NA,0.958333333333333,0.0182415632452274,NA,NA,NA,NA,NA,0.20663074794523,NA,NA,NA,NA,NA,NA,NA,NA,NA,NA,NA,NA,NA,NA,NA,NA,NA,NA,NA,NA,NA,NA,NA,NA,NA,NA,NA,NA,NA,NA,NA,NA,NA,NA,NA,NA,NA,NA,NA,NA,NA,NA,NA,NA,NA,NA,NA,NA,NA,NA,NA,0.255376566297999,0.186424893397539,"near ceiling: MC interval reaches the verb floor",0.958333333333333,0.98706175986243,2.87284265290962,1.82415632452274,1.57488840966591,Inf,Inf,Inf,Inf,0.323818653944392,0.908186928477451,0.96848366246162,6.0296733984169,297.231347891138,3200,Inf,NA,NA,NA,NA,NA,NA,NA,NA,NA,NA,NA
"grid","English","h1b",NA,NA,6,80,0.74,NA,0.958333333333333,0.0182415632452274,NA,NA,NA,NA,NA,0.20663074794523,NA,NA,NA,NA,NA,NA,NA,NA,NA,NA,NA,NA,NA,NA,NA,NA,NA,NA,NA,NA,NA,NA,NA,NA,NA,NA,NA,NA,NA,NA,NA,NA,NA,NA,NA,NA,NA,NA,NA,NA,NA,NA,NA,NA,NA,NA,NA,NA,NA,NA,NA,0.255376566297999,0.188978659060519,"near ceiling: MC interval reaches the verb floor",0.958333333333333,0.986376823630384,2.80434902970507,1.82415632452274,1.53734029918669,Inf,Inf,Inf,Inf,0.323818653944392,0.908186928477451,0.96687687680953,5.8689948332079,257.740599729146,3200,Inf,NA,NA,NA,NA,NA,NA,NA,NA,NA,NA,NA
"grid","English","h1b",NA,NA,6,80,0.75,NA,0.958333333333333,0.0182415632452274,NA,NA,NA,NA,NA,0.20663074794523,NA,NA,NA,NA,NA,NA,NA,NA,NA,NA,NA,NA,NA,NA,NA,NA,NA,NA,NA,NA,NA,NA,NA,NA,NA,NA,NA,NA,NA,NA,NA,NA,NA,NA,NA,NA,NA,NA,NA,NA,NA,NA,NA,NA,NA,NA,NA,NA,NA,NA,NA,0.255376566297999,0.191532424723499,"near ceiling: MC interval reaches the verb floor",0.958333333333333,0.985665714341621,2.73323810082881,1.82415632452274,1.49835738532108,Inf,Inf,Inf,Inf,0.323818653944392,0.908186928477451,0.965219030068029,5.70321015905783,225.340865201842,3200,Inf,NA,NA,NA,NA,NA,NA,NA,NA,NA,NA,NA
"grid","English","h1b",NA,NA,6,80,0.76,NA,0.958333333333333,0.0182415632452274,NA,NA,NA,NA,NA,0.20663074794523,NA,NA,NA,NA,NA,NA,NA,NA,NA,NA,NA,NA,NA,NA,NA,NA,NA,NA,NA,NA,NA,NA,NA,NA,NA,NA,NA,NA,NA,NA,NA,NA,NA,NA,NA,NA,NA,NA,NA,NA,NA,NA,NA,NA,NA,NA,NA,NA,NA,NA,NA,0.255376566297999,0.194086190386479,"near ceiling: MC interval reaches the verb floor",0.958333333333333,0.984927957163239,2.65946238299061,1.82415632452274,1.4579136377944,Inf,Inf,Inf,Inf,0.323818653944392,0.908186928477451,0.963510082493656,5.53231540162056,198.286292715752,3200,Inf,NA,NA,NA,NA,NA,NA,NA,NA,NA,NA,NA
"grid","English","h1b",NA,NA,6,80,0.77,NA,0.958333333333333,0.0182415632452274,NA,NA,NA,NA,NA,0.20663074794523,NA,NA,NA,NA,NA,NA,NA,NA,NA,NA,NA,NA,NA,NA,NA,NA,NA,NA,NA,NA,NA,NA,NA,NA,NA,NA,NA,NA,NA,NA,NA,NA,NA,NA,NA,NA,NA,NA,NA,NA,NA,NA,NA,NA,NA,NA,NA,NA,NA,NA,NA,0.255376566297999,0.196639956049459,"near ceiling: MC interval reaches the verb floor",0.958333333333333,0.984163092292511,2.58297589591774,1.82415632452274,1.41598385028407,Inf,Inf,4924.42995811182,4844.42995811182,0.323818653944392,0.908186928477451,0.961750064180181,5.35631357027302,175.36052005741,3200,Inf,NA,NA,NA,NA,NA,NA,NA,NA,NA,NA,NA
"grid","English","h1b",NA,NA,6,80,0.78,NA,0.958333333333333,0.0182415632452274,NA,NA,NA,NA,NA,0.20663074794523,NA,NA,NA,NA,NA,NA,NA,NA,NA,NA,NA,NA,NA,NA,NA,NA,NA,NA,NA,NA,NA,NA,NA,NA,NA,NA,NA,NA,NA,NA,NA,NA,NA,NA,NA,NA,NA,NA,NA,NA,NA,NA,NA,NA,NA,NA,NA,NA,NA,NA,NA,0.255376566297999,0.199193721712439,"near ceiling: MC interval reaches the verb floor",0.958333333333333,0.983370676068722,2.50373427353883,1.82415632452274,1.37254370137049,Inf,Inf,1489.7250982372,1409.7250982372,0.323818653944392,0.908186928477451,0.959939074659201,5.17521461817497,155.690094149246,3200,Inf,NA,NA,NA,NA,NA,NA,NA,NA,NA,NA,NA
"grid","English","h1b",NA,NA,6,80,0.79,NA,0.958333333333333,0.0182415632452274,NA,NA,NA,NA,NA,0.20663074794523,NA,NA,NA,NA,NA,NA,NA,NA,NA,NA,NA,NA,NA,NA,NA,NA,NA,NA,NA,NA,NA,NA,NA,NA,NA,NA,NA,NA,NA,NA,NA,NA,NA,NA,NA,NA,NA,NA,NA,NA,NA,NA,NA,NA,NA,NA,NA,NA,NA,NA,NA,0.255376566297999,0.201747487375419,"near ceiling: MC interval reaches the verb floor",0.958333333333333,0.98255028205505,2.42169487217169,1.82415632452274,1.32756981384547,Inf,Inf,872.979998546724,792.979998546724,0.323818653944392,0.908186928477451,0.958077282226839,4.98903537493883,138.631592503212,3200,Inf,NA,NA,NA,NA,NA,NA,NA,NA,NA,NA,NA
"grid","English","h1b",NA,NA,6,80,0.8,NA,0.958333333333333,0.0182415632452274,NA,NA,NA,NA,NA,0.20663074794523,NA,NA,NA,NA,NA,NA,NA,NA,NA,NA,NA,NA,NA,NA,NA,NA,NA,NA,NA,NA,NA,NA,NA,NA,NA,NA,NA,NA,NA,NA,NA,NA,NA,NA,NA,NA,NA,NA,NA,NA,NA,NA,NA,NA,NA,NA,NA,NA,NA,NA,NA,0.255376566297999,0.204301253038399,"near ceiling: MC interval reaches the verb floor",0.958333333333333,0.981701502084773,2.33681687514401,1.82415632452274,1.28103981206512,Inf,Inf,615.08949311911,535.08949311911,0.323818653944392,0.908186928477451,0.956164923008123,4.79779945306724,123.700579033,3200,Inf,NA,NA,NA,NA,NA,NA,NA,NA,NA,NA,NA
"grid","English","h1b",NA,NA,6,80,0.81,NA,0.958333333333333,0.0182415632452274,NA,NA,NA,NA,NA,0.20663074794523,NA,NA,NA,NA,NA,NA,NA,NA,NA,NA,NA,NA,NA,NA,NA,NA,NA,NA,NA,NA,NA,NA,NA,NA,NA,NA,NA,NA,NA,NA,NA,NA,NA,NA,NA,NA,NA,NA,NA,NA,NA,NA,NA,NA,NA,NA,NA,NA,NA,NA,NA,0.255376566297999,0.206855018701379,"near ceiling: MC interval reaches the verb floor",0.958333333333333,0.980823947266455,2.24906139331214,1.82415632452274,1.23293237705413,19428.6664360218,19348.6664360218,473.462659688673,393.462659688673,0.323818653944392,0.908186928477451,0.954202299772217,4.60153712947665,110.525358076605,3200,388573.328720436,NA,NA,NA,NA,NA,NA,NA,NA,NA,NA,NA
"grid","English","h1b",NA,NA,6,80,0.82,NA,0.958333333333333,0.0182415632452274,NA,NA,NA,NA,NA,0.20663074794523,NA,NA,NA,NA,NA,NA,NA,NA,NA,NA,NA,NA,NA,NA,NA,NA,NA,NA,NA,NA,NA,NA,NA,NA,NA,NA,NA,NA,NA,NA,NA,NA,NA,NA,NA,NA,NA,NA,NA,NA,NA,NA,NA,NA,NA,NA,NA,NA,NA,NA,NA,0.255376566297999,0.209408784364359,"near ceiling: MC interval reaches the verb floor",0.958333333333333,0.979917248943157,2.15839156098234,1.82415632452274,1.18322729908965,1558.84763894381,1478.84763894381,383.956823371779,303.956823371779,0.323818653944392,0.908186928477451,0.952189780513099,4.40028520356484,98.8159832772765,3200,31176.9527788763,NA,NA,NA,NA,NA,NA,NA,NA,NA,NA,NA
"grid","English","h1b",NA,NA,6,80,0.83,NA,0.958333333333333,0.0182415632452274,NA,NA,NA,NA,NA,0.20663074794523,NA,NA,NA,NA,NA,NA,NA,NA,NA,NA,NA,NA,NA,NA,NA,NA,NA,NA,NA,NA,NA,NA,NA,NA,NA,NA,NA,NA,NA,NA,NA,NA,NA,NA,NA,NA,NA,NA,NA,NA,NA,NA,NA,NA,NA,NA,NA,NA,NA,NA,NA,0.255376566297999,0.211962550027339,"near ceiling: MC interval reaches the verb floor",0.958333333333333,0.97898105960113,2.0647726267797,1.82415632452274,1.13190552751553,807.25345667017,727.25345667017,322.283180441171,242.283180441171,0.323818653944392,0.908186928477451,0.950127796811429,4.19408683339781,88.3429565719173,3200,16145.0691334034,NA,NA,NA,NA,NA,NA,NA,NA,NA,NA,NA
"grid","English","h1b",NA,NA,6,80,0.84,NA,0.958333333333333,0.0182415632452274,NA,NA,NA,NA,NA,0.20663074794523,NA,NA,NA,NA,NA,NA,NA,NA,NA,NA,NA,NA,NA,NA,NA,NA,NA,NA,NA,NA,NA,NA,NA,NA,NA,NA,NA,NA,NA,NA,NA,NA,NA,NA,NA,NA,NA,NA,NA,NA,NA,NA,NA,NA,NA,NA,NA,NA,NA,NA,NA,0.255376566297999,0.214516315690319,"near ceiling: MC interval reaches the verb floor",0.958333333333333,0.978015053723851,1.9681720390518,1.82415632452274,1.07894921756047,542.512138469164,462.512138469164,277.215317709845,197.215317709845,0.323818653944392,0.908186928477451,0.948016841994323,3.98299135168718,78.9222575589795,3200,10850.2427693833,NA,NA,NA,NA,NA,NA,NA,NA,NA,NA,NA
"grid","English","h1b",NA,NA,6,80,0.85,NA,0.958333333333333,0.0182415632452274,NA,NA,NA,NA,NA,0.20663074794523,NA,NA,NA,NA,NA,NA,NA,NA,NA,NA,NA,NA,NA,NA,NA,NA,NA,NA,NA,NA,NA,NA,NA,NA,NA,NA,NA,NA,NA,NA,NA,NA,NA,NA,NA,NA,NA,NA,NA,NA,NA,NA,NA,NA,NA,NA,NA,NA,NA,NA,NA,0.255376566297999,0.217070081353299,"near ceiling: MC interval reaches the verb floor",0.958333333333333,0.97701892858771,1.86855952543763,1.82415632452274,1.02434177395762,407.327865785782,327.327865785782,242.848800752105,162.848800752105,0.323818653944392,0.908186928477451,0.945857469110476,3.76705406330253,70.4046119763012,3200,8146.55731571565,NA,NA,NA,NA,NA,NA,NA,NA,NA,NA,NA
"grid","English","h1b",NA,NA,6,80,0.86,NA,0.958333333333333,0.0182415632452274,NA,NA,NA,NA,NA,0.20663074794523,NA,NA,NA,NA,NA,NA,NA,NA,NA,NA,NA,NA,NA,NA,NA,NA,NA,NA,NA,NA,NA,NA,NA,NA,NA,NA,NA,NA,NA,NA,NA,NA,NA,NA,NA,NA,NA,NA,NA,NA,NA,NA,NA,NA,NA,NA,NA,NA,NA,NA,NA,0.255376566297999,0.219623847016279,"near ceiling: MC interval reaches the verb floor",0.958333333333333,0.975992404996084,1.76590716627502,1.82415632452274,0.968067891186377,325.307727885015,245.307727885015,215.781668357155,135.781668357155,0.323818653944392,0.908186928477451,0.943650288738611,3.54633602611606,62.6676619912803,3200,6506.1545577003,NA,NA,NA,NA,NA,NA,NA,NA,NA,NA,NA
"grid","English","h1b",NA,NA,6,80,0.87,NA,0.958333333333333,0.0182415632452274,NA,NA,NA,NA,NA,0.20663074794523,NA,NA,NA,NA,NA,NA,NA,NA,NA,NA,NA,NA,NA,NA,NA,NA,NA,NA,NA,NA,NA,NA,NA,NA,NA,NA,NA,NA,NA,NA,NA,NA,NA,NA,NA,NA,NA,NA,NA,NA,NA,NA,NA,NA,NA,NA,NA,NA,NA,NA,NA,0.255376566297999,0.222177612679259,"near ceiling: MC interval reaches the verb floor",0.958333333333333,0.97493522794897,1.66018946156367,1.82415632452274,0.910113590181495,270.252761003087,190.252761003087,193.915675846764,113.915675846764,0.323818653944392,0.908186928477451,0.941395966647529,3.32090381700785,55.610162354457,3200,5405.05522006174,NA,NA,NA,NA,NA,NA,NA,NA,NA,NA,NA
"grid","English","h1b",NA,NA,6,80,0.88,NA,0.958333333333333,0.0182415632452274,NA,NA,NA,NA,NA,0.20663074794523,NA,NA,NA,NA,NA,NA,NA,NA,NA,NA,NA,NA,NA,NA,NA,NA,NA,NA,NA,NA,NA,NA,NA,NA,NA,NA,NA,NA,NA,NA,NA,NA,NA,NA,NA,NA,NA,NA,NA,NA,NA,NA,NA,NA,NA,NA,NA,NA,NA,NA,NA,0.255376566297999,0.224731378342239,"near ceiling: MC interval reaches the verb floor",0.958333333333333,0.973847167245777,1.55138339124433,1.82415632452274,0.850466251378006,230.749353107797,150.749353107797,175.88637851941,95.8863785194102,0.323818653944392,0.908186928477451,0.93909522132618,3.09082928487294,49.1476161648332,3200,4614.98706215594,NA,NA,NA,NA,NA,NA,NA,NA,NA,NA,NA
"grid","English","h1b",NA,NA,6,80,0.89,NA,0.958333333333333,0.0182415632452274,NA,NA,NA,NA,NA,0.20663074794523,NA,NA,NA,NA,NA,NA,NA,NA,NA,NA,NA,NA,NA,NA,NA,NA,NA,NA,NA,NA,NA,NA,NA,NA,NA,NA,NA,NA,NA,NA,NA,NA,NA,NA,NA,NA,NA,NA,NA,NA,NA,NA,NA,NA,NA,NA,NA,NA,NA,NA,NA,0.255376566297999,0.227285144005219,"near ceiling: MC interval reaches the verb floor",0.958333333333333,0.972728018019307,1.43946846859739,1.82415632452274,0.78911464398426,201.028738355084,121.028738355084,160.768143350176,80.768143350176,0.323818653944392,0.908186928477451,0.9367488214021,2.85618929246495,43.2089501855179,3200,4020.57476710167,NA,NA,NA,NA,NA,NA,NA,NA,NA,NA,NA
"grid","English","h1b",NA,NA,6,80,0.9,NA,0.958333333333333,0.0182415632452274,NA,NA,NA,NA,NA,0.20663074794523,NA,NA,NA,NA,NA,NA,NA,NA,NA,NA,NA,NA,NA,NA,NA,NA,NA,NA,NA,NA,NA,NA,NA,NA,NA,NA,NA,NA,NA,NA,NA,NA,NA,NA,NA,NA,NA,NA,NA,NA,NA,NA,NA,NA,NA,NA,NA,NA,NA,NA,NA,0.255376566297999,0.229838909668199,"near ceiling: MC interval reaches the verb floor",0.958333333333333,0.971577601199406,1.32442678660729,1.82415632452274,0.726048951398839,177.861276075342,97.8612760753417,147.910873577518,67.9108735775183,0.323818653944392,0.908186928477451,0.934357582966333,2.61706544888822,37.7339518540816,3200,3557.22552150683,NA,NA,NA,NA,NA,NA,NA,NA,NA,NA,NA
"grid","English","h1b",NA,NA,6,80,0.91,NA,0.958333333333333,0.0182415632452274,NA,NA,NA,NA,NA,0.20663074794523,NA,NA,NA,NA,NA,NA,NA,NA,NA,NA,NA,NA,NA,NA,NA,NA,NA,NA,NA,NA,NA,NA,NA,NA,NA,NA,NA,NA,NA,NA,NA,NA,NA,NA,NA,NA,NA,NA,NA,NA,NA,NA,NA,NA,NA,NA,NA,NA,NA,NA,NA,0.255376566297999,0.232392675331179,"near ceiling: MC interval reaches the verb floor",0.958333333333333,0.970395763905141,1.20624305718073,1.82415632452274,0.661260792709929,159.297940238899,79.2979402388987,136.844586657809,56.844586657809,0.323818653944392,0.908186928477451,0.931922366822579,2.3735438345128,32.6712718862299,3200,3185.95880477797,NA,NA,NA,NA,NA,NA,NA,NA,NA,NA,NA
"grid","English","h1b",NA,NA,6,80,0.92,NA,0.958333333333333,0.0182415632452274,NA,NA,NA,NA,NA,0.20663074794523,NA,NA,NA,NA,NA,NA,NA,NA,NA,NA,NA,NA,NA,NA,NA,NA,NA,NA,NA,NA,NA,NA,NA,NA,NA,NA,NA,NA,NA,NA,NA,NA,NA,NA,NA,NA,NA,NA,NA,NA,NA,NA,NA,NA,NA,NA,NA,NA,NA,NA,NA,0.255376566297999,0.234946440994159,"near ceiling: MC interval reaches the verb floor",0.958333333333333,0.969182379764815,1.08490464314813,1.82415632452274,0.594743240238461,144.092832198175,64.0928321981749,127.221078642836,47.2210786428359,0.323818653944392,0.908186928477451,0.929444075677797,2.1257147200346,27.976852024021,3200,2881.8566439635,NA,NA,NA,NA,NA,NA,NA,NA,NA,NA,NA
"grid","English","h1b",NA,NA,6,80,0.93,NA,0.958333333333333,0.0182415632452274,NA,NA,NA,NA,NA,0.20663074794523,NA,NA,NA,NA,NA,NA,NA,NA,NA,NA,NA,NA,NA,NA,NA,NA,NA,NA,NA,NA,NA,NA,NA,NA,NA,NA,NA,NA,NA,NA,NA,NA,NA,NA,NA,NA,NA,NA,NA,NA,NA,NA,NA,NA,NA,NA,NA,NA,NA,NA,NA,0.255376566297999,0.237500206657139,"near ceiling: MC interval reaches the verb floor",0.958333333333333,0.967937349163511,0.960401583017734,1.82415632452274,0.526490833108291,131.412339301452,51.4123393014524,118.776881799304,38.7768817993038,0.323818653944392,0.908186928477451,0.926923651290854,1.8736722813403,23.6126759730016,3200,2628.24678602905,NA,NA,NA,NA,NA,NA,NA,NA,NA,NA,NA
"grid","English","h1b",NA,NA,6,80,0.94,NA,0.958333333333333,0.0182415632452274,NA,NA,NA,NA,NA,0.20663074794523,NA,NA,NA,NA,NA,NA,NA,NA,NA,NA,NA,NA,NA,NA,NA,NA,NA,NA,NA,NA,NA,NA,NA,NA,NA,NA,NA,NA,NA,NA,NA,NA,NA,NA,NA,NA,NA,NA,NA,NA,NA,NA,NA,NA,NA,NA,NA,NA,NA,NA,NA,0.255376566297999,0.240053972320119,"near ceiling: MC interval reaches the verb floor",0.958333333333333,0.966660599418242,0.832726608490875,1.82415632452274,0.456499586848044,120.677627278925,40.6776272789247,111.308967786705,31.3089677867054,0.323818653944392,0.908186928477451,0.924362071595079,1.6175143117628,19.5457685902809,3200,2413.5525455785,NA,NA,NA,NA,NA,NA,NA,NA,NA,NA,NA
"grid","English","h1b",NA,NA,6,80,0.95,NA,0.958333333333333,0.0182415632452274,NA,NA,NA,NA,NA,0.20663074794523,NA,NA,NA,NA,NA,NA,NA,NA,NA,NA,NA,NA,NA,NA,NA,NA,NA,NA,NA,NA,NA,NA,NA,NA,NA,NA,NA,NA,NA,NA,NA,NA,NA,NA,NA,NA,NA,NA,NA,NA,NA,NA,NA,NA,NA,NA,NA,NA,NA,NA,NA,0.255376566297999,0.242607737983099,"near ceiling: MC interval reaches the verb floor",0.958333333333333,0.965352084881178,0.701875154784437,1.82415632452274,0.384766999049861,111.474215097969,31.4742150979695,104.658357477402,24.658357477402,0.323818653944392,0.908186928477451,0.921760347809766,1.35734193323148,15.7473876069921,3200,2229.48430195939,NA,NA,NA,NA,NA,NA,NA,NA,NA,NA,NA
"grid","English","h1b",NA,NA,6,80,0.96,NA,0.958333333333333,0.0182415632452274,NA,NA,NA,NA,NA,0.20663074794523,NA,NA,NA,NA,NA,NA,NA,NA,NA,NA,NA,NA,NA,NA,NA,NA,NA,NA,NA,NA,NA,NA,NA,NA,NA,NA,NA,NA,NA,NA,NA,NA,NA,NA,NA,NA,NA,NA,NA,NA,NA,NA,NA,NA,NA,NA,NA,NA,NA,NA,NA,0.255376566297999,0.245161503646079,"near ceiling: MC interval reaches the verb floor",0.958333333333333,0.964011786971759,0.567845363842534,1.82415632452274,0.311292051130049,103.497509348892,23.4975093488917,98.698790052879,18.698790052879,0.323818653944392,0.908186928477451,0.919119521554784,1.09325930773327,12.1923660158024,3200,2069.95018697783,NA,NA,NA,NA,NA,NA,NA,NA,NA,NA,NA
"grid","English","h1b",NA,NA,6,80,0.97,NA,0.958333333333333,0.0182415632452274,NA,NA,NA,NA,NA,0.20663074794523,NA,NA,NA,NA,NA,NA,NA,NA,NA,NA,NA,NA,NA,NA,NA,NA,NA,NA,NA,NA,NA,NA,NA,NA,NA,NA,NA,NA,NA,NA,NA,NA,NA,NA,NA,NA,NA,NA,NA,NA,NA,NA,NA,NA,NA,NA,NA,NA,NA,NA,NA,0.255376566297999,0.247715269309059,"near ceiling: MC interval reaches the verb floor",0.958333333333333,0.962639714138871,0.430638080553791,1.82415632452274,0.236075206255397,96.5186517453572,16.5186517453572,93.3287185597232,13.3287185597232,0.323818653944392,0.908186928477451,0.916440661981515,0.8253733504064,8.85857334636654,3200,1930.37303490714,NA,NA,NA,NA,NA,NA,NA,NA,NA,NA,NA
"grid","English","h1b",NA,NA,6,80,0.98,NA,0.958333333333333,0.0182415632452274,NA,NA,NA,NA,NA,0.20663074794523,NA,NA,NA,NA,NA,NA,NA,NA,NA,NA,NA,NA,NA,NA,NA,NA,NA,NA,NA,NA,NA,NA,NA,NA,NA,NA,NA,NA,NA,NA,NA,NA,NA,NA,NA,NA,NA,NA,NA,NA,NA,NA,NA,NA,NA,NA,NA,NA,NA,NA,NA,0.255376566297999,0.250269034972039,"near ceiling: MC interval reaches the verb floor",0.958333333333333,0.961235901754561,0.290256842122805,1.82415632452274,0.159118403516621,90.3623585020815,10.3623585020815,88.4655457488887,8.46554574888874,0.323818653944392,0.908186928477451,0.913724862932373,0.55379344549219,5.7264714871889,3200,1807.24717004163,NA,NA,NA,NA,NA,NA,NA,NA,NA,NA,NA
"grid","English","h1b",NA,NA,6,80,0.99,NA,0.958333333333333,0.0182415632452274,NA,NA,NA,NA,NA,0.20663074794523,NA,NA,NA,NA,NA,NA,NA,NA,NA,NA,NA,NA,NA,NA,NA,NA,NA,NA,NA,NA,NA,NA,NA,NA,NA,NA,NA,NA,NA,NA,NA,NA,NA,NA,NA,NA,NA,NA,NA,NA,NA,NA,NA,NA,NA,NA,NA,NA,NA,NA,NA,0.255376566297999,0.252822800635019,"near ceiling: MC interval reaches the verb floor",0.958333333333333,0.959800411941081,0.146707860774764,1.82415632452274,0.0804250484470667,84.8921107240441,4.89211072404406,84.041401288669,4.04140128866902,0.323818653944392,0.908186928477451,0.910973240140151,0.278631166269971,2.7787462462024,3200,1697.84221448088,NA,NA,NA,NA,NA,NA,NA,NA,NA,NA,NA
"grid","English","h1b",NA,NA,6,80,1,NA,0.958333333333333,0.0182415632452274,NA,NA,NA,NA,NA,0.20663074794523,NA,NA,NA,NA,NA,NA,NA,NA,NA,NA,NA,NA,NA,NA,NA,NA,NA,NA,NA,NA,NA,NA,NA,NA,NA,NA,NA,NA,NA,NA,NA,NA,NA,NA,NA,NA,NA,NA,NA,NA,NA,NA,NA,NA,NA,NA,NA,NA,NA,NA,NA,0.255376566297999,0.255376566297999,"near ceiling: MC interval reaches the verb floor",0.958333333333333,0.958333333333333,0,1.82415632452274,0,80,0,80,0,0.323818653944392,0.908186928477451,0.908186928477451,0,0,3200,1600,NA,NA,NA,NA,NA,NA,NA,NA,NA,NA,NA
"grid","English","joint",NA,NA,6,80,0.7,NA,0.708333333333333,0.0414926923508046,NA,NA,NA,NA,NA,NA,NA,NA,NA,NA,NA,NA,NA,NA,NA,NA,NA,NA,NA,NA,NA,NA,NA,NA,NA,NA,NA,NA,NA,NA,NA,NA,NA,NA,NA,NA,NA,NA,NA,NA,NA,NA,NA,NA,NA,NA,NA,NA,NA,NA,NA,NA,NA,NA,NA,NA,NA,NA,NA,NA,0.706186874524035,0.856889828875989,15.0702954351954,4.14926923508046,NA,NA,NA,NA,NA,NA,NA,NA,NA,NA,NA,NA,NA,NA,NA,"indep = independent given the pilot draw; corr = DGP-implied correlation of the two estimates",NA,NA,NA,NA,NA,NA,NA
"grid","English","joint",NA,NA,6,80,0.71,NA,0.708333333333333,0.0414926923508046,NA,NA,NA,NA,NA,NA,NA,NA,NA,NA,NA,NA,NA,NA,NA,NA,NA,NA,NA,NA,NA,NA,NA,NA,NA,NA,NA,NA,NA,NA,NA,NA,NA,NA,NA,NA,NA,NA,NA,NA,NA,NA,NA,NA,NA,NA,NA,NA,NA,NA,NA,NA,NA,NA,NA,NA,NA,NA,NA,NA,0.706186874524035,0.852291847578788,14.6104973054753,4.14926923508046,NA,NA,NA,NA,NA,NA,NA,NA,NA,NA,NA,NA,NA,NA,NA,"indep = independent given the pilot draw; corr = DGP-implied correlation of the two estimates",NA,NA,NA,NA,NA,NA,NA
"grid","English","joint",NA,NA,6,80,0.72,NA,0.708333333333333,0.0414926923508046,NA,NA,NA,NA,NA,NA,NA,NA,NA,NA,NA,NA,NA,NA,NA,NA,NA,NA,NA,NA,NA,NA,NA,NA,NA,NA,NA,NA,NA,NA,NA,NA,NA,NA,NA,NA,NA,NA,NA,NA,NA,NA,NA,NA,NA,NA,NA,NA,NA,NA,NA,NA,NA,NA,NA,NA,NA,NA,NA,NA,0.706186874524035,0.84764241809553,14.1455543571496,4.14926923508046,NA,NA,NA,NA,NA,NA,NA,NA,NA,NA,NA,NA,NA,NA,NA,"indep = independent given the pilot draw; corr = DGP-implied correlation of the two estimates",NA,NA,NA,NA,NA,NA,NA
"grid","English","joint",NA,NA,6,80,0.73,NA,0.708333333333333,0.0414926923508046,NA,NA,NA,NA,NA,NA,NA,NA,NA,NA,NA,NA,NA,NA,NA,NA,NA,NA,NA,NA,NA,NA,NA,NA,NA,NA,NA,NA,NA,NA,NA,NA,NA,NA,NA,NA,NA,NA,NA,NA,NA,NA,NA,NA,NA,NA,NA,NA,NA,NA,NA,NA,NA,NA,NA,NA,NA,NA,NA,NA,0.706186874524035,0.842944095310281,13.6757220786247,4.14926923508046,NA,NA,NA,NA,NA,NA,NA,NA,NA,NA,NA,NA,NA,NA,NA,"indep = independent given the pilot draw; corr = DGP-implied correlation of the two estimates",NA,NA,NA,NA,NA,NA,NA
"grid","English","joint",NA,NA,6,80,0.74,NA,0.708333333333333,0.0414926923508046,NA,NA,NA,NA,NA,NA,NA,NA,NA,NA,NA,NA,NA,NA,NA,NA,NA,NA,NA,NA,NA,NA,NA,NA,NA,NA,NA,NA,NA,NA,NA,NA,NA,NA,NA,NA,NA,NA,NA,NA,NA,NA,NA,NA,NA,NA,NA,NA,NA,NA,NA,NA,NA,NA,NA,NA,NA,NA,NA,NA,0.706186874524035,0.838199427255693,13.2012552731658,4.14926923508046,NA,NA,NA,NA,NA,NA,NA,NA,NA,NA,NA,NA,NA,NA,NA,"indep = independent given the pilot draw; corr = DGP-implied correlation of the two estimates",NA,NA,NA,NA,NA,NA,NA
"grid","English","joint",NA,NA,6,80,0.75,NA,0.708333333333333,0.0414926923508046,NA,NA,NA,NA,NA,NA,NA,NA,NA,NA,NA,NA,NA,NA,NA,NA,NA,NA,NA,NA,NA,NA,NA,NA,NA,NA,NA,NA,NA,NA,NA,NA,NA,NA,NA,NA,NA,NA,NA,NA,NA,NA,NA,NA,NA,NA,NA,NA,NA,NA,NA,NA,NA,NA,NA,NA,NA,NA,NA,NA,0.706186874524035,0.833410949401944,12.7224074877909,4.14926923508046,NA,NA,NA,NA,NA,NA,NA,NA,NA,NA,NA,NA,NA,NA,NA,"indep = independent given the pilot draw; corr = DGP-implied correlation of the two estimates",NA,NA,NA,NA,NA,NA,NA
"grid","English","joint",NA,NA,6,80,0.76,NA,0.708333333333333,0.0414926923508046,NA,NA,NA,NA,NA,NA,NA,NA,NA,NA,NA,NA,NA,NA,NA,NA,NA,NA,NA,NA,NA,NA,NA,NA,NA,NA,NA,NA,NA,NA,NA,NA,NA,NA,NA,NA,NA,NA,NA,NA,NA,NA,NA,NA,NA,NA,NA,NA,NA,NA,NA,NA,NA,NA,NA,NA,NA,NA,NA,NA,0.706186874524035,0.828581179413528,12.2394304889493,4.14926923508046,NA,NA,NA,NA,NA,NA,NA,NA,NA,NA,NA,NA,NA,NA,NA,"indep = independent given the pilot draw; corr = DGP-implied correlation of the two estimates",NA,NA,NA,NA,NA,NA,NA
"grid","English","joint",NA,NA,6,80,0.77,NA,0.708333333333333,0.0414926923508046,NA,NA,NA,NA,NA,NA,NA,NA,NA,NA,NA,NA,NA,NA,NA,NA,NA,NA,NA,NA,NA,NA,NA,NA,NA,NA,NA,NA,NA,NA,NA,NA,NA,NA,NA,NA,NA,NA,NA,NA,NA,NA,NA,NA,NA,NA,NA,NA,NA,NA,NA,NA,NA,NA,NA,NA,NA,NA,NA,NA,0.706186874524035,0.82371261236285,11.7525737838815,4.14926923508046,NA,NA,NA,NA,NA,NA,NA,NA,NA,NA,NA,NA,NA,NA,NA,"indep = independent given the pilot draw; corr = DGP-implied correlation of the two estimates",NA,NA,NA,NA,NA,NA,NA
"grid","English","joint",NA,NA,6,80,0.78,NA,0.708333333333333,0.0414926923508046,NA,NA,NA,NA,NA,NA,NA,NA,NA,NA,NA,NA,NA,NA,NA,NA,NA,NA,NA,NA,NA,NA,NA,NA,NA,NA,NA,NA,NA,NA,NA,NA,NA,NA,NA,NA,NA,NA,NA,NA,NA,NA,NA,NA,NA,NA,NA,NA,NA,NA,NA,NA,NA,NA,NA,NA,NA,NA,NA,NA,0.706186874524035,0.818807716386857,11.2620841862822,4.14926923508046,NA,NA,NA,NA,NA,NA,NA,NA,NA,NA,NA,NA,NA,NA,NA,"indep = independent given the pilot draw; corr = DGP-implied correlation of the two estimates",NA,NA,NA,NA,NA,NA,NA
"grid","English","joint",NA,NA,6,80,0.79,NA,0.708333333333333,0.0414926923508046,NA,NA,NA,NA,NA,NA,NA,NA,NA,NA,NA,NA,NA,NA,NA,NA,NA,NA,NA,NA,NA,NA,NA,NA,NA,NA,NA,NA,NA,NA,NA,NA,NA,NA,NA,NA,NA,NA,NA,NA,NA,NA,NA,NA,NA,NA,NA,NA,NA,NA,NA,NA,NA,NA,NA,NA,NA,NA,NA,NA,0.706186874524035,0.813868928770708,10.7682054246673,4.14926923508046,NA,NA,NA,NA,NA,NA,NA,NA,NA,NA,NA,NA,NA,NA,NA,"indep = independent given the pilot draw; corr = DGP-implied correlation of the two estimates",NA,NA,NA,NA,NA,NA,NA
"grid","English","joint",NA,NA,6,80,0.8,NA,0.708333333333333,0.0414926923508046,NA,NA,NA,NA,NA,NA,NA,NA,NA,NA,NA,NA,NA,NA,NA,NA,NA,NA,NA,NA,NA,NA,NA,NA,NA,NA,NA,NA,NA,NA,NA,NA,NA,NA,NA,NA,NA,NA,NA,NA,NA,NA,NA,NA,NA,NA,NA,NA,NA,NA,NA,NA,NA,NA,NA,NA,NA,NA,NA,NA,0.706186874524035,0.808898652440685,10.2711777916651,4.14926923508046,NA,NA,NA,NA,NA,NA,NA,NA,NA,NA,NA,NA,NA,NA,NA,"indep = independent given the pilot draw; corr = DGP-implied correlation of the two estimates",NA,NA,NA,NA,NA,NA,NA
"grid","English","joint",NA,NA,6,80,0.81,NA,0.708333333333333,0.0414926923508046,NA,NA,NA,NA,NA,NA,NA,NA,NA,NA,NA,NA,NA,NA,NA,NA,NA,NA,NA,NA,NA,NA,NA,NA,NA,NA,NA,NA,NA,NA,NA,NA,NA,NA,NA,NA,NA,NA,NA,NA,NA,NA,NA,NA,NA,NA,NA,NA,NA,NA,NA,NA,NA,NA,NA,NA,NA,NA,NA,NA,0.706186874524035,0.803899252847233,9.77123783231979,4.14926923508046,NA,NA,NA,NA,NA,NA,NA,NA,NA,NA,NA,NA,NA,NA,NA,"indep = independent given the pilot draw; corr = DGP-implied correlation of the two estimates",NA,NA,NA,NA,NA,NA,NA
"grid","English","joint",NA,NA,6,80,0.82,NA,0.708333333333333,0.0414926923508046,NA,NA,NA,NA,NA,NA,NA,NA,NA,NA,NA,NA,NA,NA,NA,NA,NA,NA,NA,NA,NA,NA,NA,NA,NA,NA,NA,NA,NA,NA,NA,NA,NA,NA,NA,NA,NA,NA,NA,NA,NA,NA,NA,NA,NA,NA,NA,NA,NA,NA,NA,NA,NA,NA,NA,NA,NA,NA,NA,NA,0.706186874524035,0.79887305521799,9.26861806939555,4.14926923508046,NA,NA,NA,NA,NA,NA,NA,NA,NA,NA,NA,NA,NA,NA,NA,"indep = independent given the pilot draw; corr = DGP-implied correlation of the two estimates",NA,NA,NA,NA,NA,NA,NA
"grid","English","joint",NA,NA,6,80,0.83,NA,0.708333333333333,0.0414926923508046,NA,NA,NA,NA,NA,NA,NA,NA,NA,NA,NA,NA,NA,NA,NA,NA,NA,NA,NA,NA,NA,NA,NA,NA,NA,NA,NA,NA,NA,NA,NA,NA,NA,NA,NA,NA,NA,NA,NA,NA,NA,NA,NA,NA,NA,NA,NA,NA,NA,NA,NA,NA,NA,NA,NA,NA,NA,NA,NA,NA,0.706186874524035,0.793822342160057,8.76354676360224,4.14926923508046,NA,NA,NA,NA,NA,NA,NA,NA,NA,NA,NA,NA,NA,NA,NA,"indep = independent given the pilot draw; corr = DGP-implied correlation of the two estimates",NA,NA,NA,NA,NA,NA,NA
"grid","English","joint",NA,NA,6,80,0.84,NA,0.708333333333333,0.0414926923508046,NA,NA,NA,NA,NA,NA,NA,NA,NA,NA,NA,NA,NA,NA,NA,NA,NA,NA,NA,NA,NA,NA,NA,NA,NA,NA,NA,NA,NA,NA,NA,NA,NA,NA,NA,NA,NA,NA,NA,NA,NA,NA,NA,NA,NA,NA,NA,NA,NA,NA,NA,NA,NA,NA,NA,NA,NA,NA,NA,NA,0.706186874524035,0.788749351590324,8.25624770662889,4.14926923508046,NA,NA,NA,NA,NA,NA,NA,NA,NA,NA,NA,NA,NA,NA,NA,"indep = independent given the pilot draw; corr = DGP-implied correlation of the two estimates",NA,NA,NA,NA,NA,NA,NA
"grid","English","joint",NA,NA,6,80,0.85,NA,0.708333333333333,0.0414926923508046,NA,NA,NA,NA,NA,NA,NA,NA,NA,NA,NA,NA,NA,NA,NA,NA,NA,NA,NA,NA,NA,NA,NA,NA,NA,NA,NA,NA,NA,NA,NA,NA,NA,NA,NA,NA,NA,NA,NA,NA,NA,NA,NA,NA,NA,NA,NA,NA,NA,NA,NA,NA,NA,NA,NA,NA,NA,NA,NA,NA,0.706186874524035,0.783656274972605,7.74694004485699,4.14926923508046,NA,NA,NA,NA,NA,NA,NA,NA,NA,NA,NA,NA,NA,NA,NA,"indep = independent given the pilot draw; corr = DGP-implied correlation of the two estimates",NA,NA,NA,NA,NA,NA,NA
"grid","English","joint",NA,NA,6,80,0.86,NA,0.708333333333333,0.0414926923508046,NA,NA,NA,NA,NA,NA,NA,NA,NA,NA,NA,NA,NA,NA,NA,NA,NA,NA,NA,NA,NA,NA,NA,NA,NA,NA,NA,NA,NA,NA,NA,NA,NA,NA,NA,NA,NA,NA,NA,NA,NA,NA,NA,NA,NA,NA,NA,NA,NA,NA,NA,NA,NA,NA,NA,NA,NA,NA,NA,NA,0.706186874524035,0.77854525584039,7.23583813163552,4.14926923508046,NA,NA,NA,NA,NA,NA,NA,NA,NA,NA,NA,NA,NA,NA,NA,"indep = independent given the pilot draw; corr = DGP-implied correlation of the two estimates",NA,NA,NA,NA,NA,NA,NA
"grid","English","joint",NA,NA,6,80,0.87,NA,0.708333333333333,0.0414926923508046,NA,NA,NA,NA,NA,NA,NA,NA,NA,NA,NA,NA,NA,NA,NA,NA,NA,NA,NA,NA,NA,NA,NA,NA,NA,NA,NA,NA,NA,NA,NA,NA,NA,NA,NA,NA,NA,NA,NA,NA,NA,NA,NA,NA,NA,NA,NA,NA,NA,NA,NA,NA,NA,NA,NA,NA,NA,NA,NA,NA,0.706186874524035,0.773418388584316,6.72315140602811,4.14926923508046,NA,NA,NA,NA,NA,NA,NA,NA,NA,NA,NA,NA,NA,NA,NA,"indep = independent given the pilot draw; corr = DGP-implied correlation of the two estimates",NA,NA,NA,NA,NA,NA,NA
"grid","English","joint",NA,NA,6,80,0.88,NA,0.708333333333333,0.0414926923508046,NA,NA,NA,NA,NA,NA,NA,NA,NA,NA,NA,NA,NA,NA,NA,NA,NA,NA,NA,NA,NA,NA,NA,NA,NA,NA,NA,NA,NA,NA,NA,NA,NA,NA,NA,NA,NA,NA,NA,NA,NA,NA,NA,NA,NA,NA,NA,NA,NA,NA,NA,NA,NA,NA,NA,NA,NA,NA,NA,NA,0.706186874524035,0.768277717483894,6.20908429598592,4.14926923508046,NA,NA,NA,NA,NA,NA,NA,NA,NA,NA,NA,NA,NA,NA,NA,"indep = independent given the pilot draw; corr = DGP-implied correlation of the two estimates",NA,NA,NA,NA,NA,NA,NA
"grid","English","joint",NA,NA,6,80,0.89,NA,0.708333333333333,0.0414926923508046,NA,NA,NA,NA,NA,NA,NA,NA,NA,NA,NA,NA,NA,NA,NA,NA,NA,NA,NA,NA,NA,NA,NA,NA,NA,NA,NA,NA,NA,NA,NA,NA,NA,NA,NA,NA,NA,NA,NA,NA,NA,NA,NA,NA,NA,NA,NA,NA,NA,NA,NA,NA,NA,NA,NA,NA,NA,NA,NA,NA,0.706186874524035,0.763125235963612,5.69383614395773,4.14926923508046,NA,NA,NA,NA,NA,NA,NA,NA,NA,NA,NA,NA,NA,NA,NA,"indep = independent given the pilot draw; corr = DGP-implied correlation of the two estimates",NA,NA,NA,NA,NA,NA,NA
"grid","English","joint",NA,NA,6,80,0.9,NA,0.708333333333333,0.0414926923508046,NA,NA,NA,NA,NA,NA,NA,NA,NA,NA,NA,NA,NA,NA,NA,NA,NA,NA,NA,NA,NA,NA,NA,NA,NA,NA,NA,NA,NA,NA,NA,NA,NA,NA,NA,NA,NA,NA,NA,NA,NA,NA,NA,NA,NA,NA,NA,NA,NA,NA,NA,NA,NA,NA,NA,NA,NA,NA,NA,NA,0.706186874524035,0.757962886054198,5.17760115301634,4.14926923508046,NA,NA,NA,NA,NA,NA,NA,NA,NA,NA,NA,NA,NA,NA,NA,"indep = independent given the pilot draw; corr = DGP-implied correlation of the two estimates",NA,NA,NA,NA,NA,NA,NA
"grid","English","joint",NA,NA,6,80,0.91,NA,0.708333333333333,0.0414926923508046,NA,NA,NA,NA,NA,NA,NA,NA,NA,NA,NA,NA,NA,NA,NA,NA,NA,NA,NA,NA,NA,NA,NA,NA,NA,NA,NA,NA,NA,NA,NA,NA,NA,NA,NA,NA,NA,NA,NA,NA,NA,NA,NA,NA,NA,NA,NA,NA,NA,NA,NA,NA,NA,NA,NA,NA,NA,NA,NA,NA,0.706186874524035,0.752792558040616,4.66056835165815,4.14926923508046,NA,NA,NA,NA,NA,NA,NA,NA,NA,NA,NA,NA,NA,NA,NA,"indep = independent given the pilot draw; corr = DGP-implied correlation of the two estimates",NA,NA,NA,NA,NA,NA,NA
"grid","English","joint",NA,NA,6,80,0.92,NA,0.708333333333333,0.0414926923508046,NA,NA,NA,NA,NA,NA,NA,NA,NA,NA,NA,NA,NA,NA,NA,NA,NA,NA,NA,NA,NA,NA,NA,NA,NA,NA,NA,NA,NA,NA,NA,NA,NA,NA,NA,NA,NA,NA,NA,NA,NA,NA,NA,NA,NA,NA,NA,NA,NA,NA,NA,NA,NA,NA,NA,NA,NA,NA,NA,NA,0.706186874524035,0.7476160902792,4.14292157551654,4.14926923508046,NA,NA,NA,NA,NA,NA,NA,NA,NA,NA,NA,NA,NA,NA,NA,"indep = independent given the pilot draw; corr = DGP-implied correlation of the two estimates",NA,NA,NA,NA,NA,NA,NA
"grid","English","joint",NA,NA,6,80,0.93,NA,0.708333333333333,0.0414926923508046,NA,NA,NA,NA,NA,NA,NA,NA,NA,NA,NA,NA,NA,NA,NA,NA,NA,NA,NA,NA,NA,NA,NA,NA,NA,NA,NA,NA,NA,NA,NA,NA,NA,NA,NA,NA,NA,NA,NA,NA,NA,NA,NA,NA,NA,NA,NA,NA,NA,NA,NA,NA,NA,NA,NA,NA,NA,NA,NA,NA,0.706186874524035,0.742435269167232,3.62483946431967,4.14926923508046,NA,NA,NA,NA,NA,NA,NA,NA,NA,NA,NA,NA,NA,NA,NA,"indep = independent given the pilot draw; corr = DGP-implied correlation of the two estimates",NA,NA,NA,NA,NA,NA,NA
"grid","English","joint",NA,NA,6,80,0.94,NA,0.708333333333333,0.0414926923508046,NA,NA,NA,NA,NA,NA,NA,NA,NA,NA,NA,NA,NA,NA,NA,NA,NA,NA,NA,NA,NA,NA,NA,NA,NA,NA,NA,NA,NA,NA,NA,NA,NA,NA,NA,NA,NA,NA,NA,NA,NA,NA,NA,NA,NA,NA,NA,NA,NA,NA,NA,NA,NA,NA,NA,NA,NA,NA,NA,NA,0.706186874524035,0.737251829249194,3.10649547251589,4.14926923508046,NA,NA,NA,NA,NA,NA,NA,NA,NA,NA,NA,NA,NA,NA,NA,"indep = independent given the pilot draw; corr = DGP-implied correlation of the two estimates",NA,NA,NA,NA,NA,NA,NA
"grid","English","joint",NA,NA,6,80,0.95,NA,0.708333333333333,0.0414926923508046,NA,NA,NA,NA,NA,NA,NA,NA,NA,NA,NA,NA,NA,NA,NA,NA,NA,NA,NA,NA,NA,NA,NA,NA,NA,NA,NA,NA,NA,NA,NA,NA,NA,NA,NA,NA,NA,NA,NA,NA,NA,NA,NA,NA,NA,NA,NA,NA,NA,NA,NA,NA,NA,NA,NA,NA,NA,NA,NA,NA,0.706186874524035,0.7320674534449,2.58805789208647,4.14926923508046,NA,NA,NA,NA,NA,NA,NA,NA,NA,NA,NA,NA,NA,NA,NA,"indep = independent given the pilot draw; corr = DGP-implied correlation of the two estimates",NA,NA,NA,NA,NA,NA,NA
"grid","English","joint",NA,NA,6,80,0.96,NA,0.708333333333333,0.0414926923508046,NA,NA,NA,NA,NA,NA,NA,NA,NA,NA,NA,NA,NA,NA,NA,NA,NA,NA,NA,NA,NA,NA,NA,NA,NA,NA,NA,NA,NA,NA,NA,NA,NA,NA,NA,NA,NA,NA,NA,NA,NA,NA,NA,NA,NA,NA,NA,NA,NA,NA,NA,NA,NA,NA,NA,NA,NA,NA,NA,NA,0.706186874524035,0.726883773385647,2.0696898861612,4.14926923508046,NA,NA,NA,NA,NA,NA,NA,NA,NA,NA,NA,NA,NA,NA,NA,"indep = independent given the pilot draw; corr = DGP-implied correlation of the two estimates",NA,NA,NA,NA,NA,NA,NA
"grid","English","joint",NA,NA,6,80,0.97,NA,0.708333333333333,0.0414926923508046,NA,NA,NA,NA,NA,NA,NA,NA,NA,NA,NA,NA,NA,NA,NA,NA,NA,NA,NA,NA,NA,NA,NA,NA,NA,NA,NA,NA,NA,NA,NA,NA,NA,NA,NA,NA,NA,NA,NA,NA,NA,NA,NA,NA,NA,NA,NA,NA,NA,NA,NA,NA,NA,NA,NA,NA,NA,NA,NA,NA,0.706186874524035,0.721702369845528,1.55154953214935,4.14926923508046,NA,NA,NA,NA,NA,NA,NA,NA,NA,NA,NA,NA,NA,NA,NA,"indep = independent given the pilot draw; corr = DGP-implied correlation of the two estimates",NA,NA,NA,NA,NA,NA,NA
"grid","English","joint",NA,NA,6,80,0.98,NA,0.708333333333333,0.0414926923508046,NA,NA,NA,NA,NA,NA,NA,NA,NA,NA,NA,NA,NA,NA,NA,NA,NA,NA,NA,NA,NA,NA,NA,NA,NA,NA,NA,NA,NA,NA,NA,NA,NA,NA,NA,NA,NA,NA,NA,NA,NA,NA,NA,NA,NA,NA,NA,NA,NA,NA,NA,NA,NA,NA,NA,NA,NA,NA,NA,NA,0.706186874524035,0.716524773255979,1.03378987319445,4.14926923508046,NA,NA,NA,NA,NA,NA,NA,NA,NA,NA,NA,NA,NA,NA,NA,"indep = independent given the pilot draw; corr = DGP-implied correlation of the two estimates",NA,NA,NA,NA,NA,NA,NA
"grid","English","joint",NA,NA,6,80,0.99,NA,0.708333333333333,0.0414926923508046,NA,NA,NA,NA,NA,NA,NA,NA,NA,NA,NA,NA,NA,NA,NA,NA,NA,NA,NA,NA,NA,NA,NA,NA,NA,NA,NA,NA,NA,NA,NA,NA,NA,NA,NA,NA,NA,NA,NA,NA,NA,NA,NA,NA,NA,NA,NA,NA,NA,NA,NA,NA,NA,NA,NA,NA,NA,NA,NA,NA,0.706186874524035,0.711352464292578,0.516558976854331,4.14926923508046,NA,NA,NA,NA,NA,NA,NA,NA,NA,NA,NA,NA,NA,NA,NA,"indep = independent given the pilot draw; corr = DGP-implied correlation of the two estimates",NA,NA,NA,NA,NA,NA,NA
"grid","English","joint",NA,NA,6,80,1,NA,0.708333333333333,0.0414926923508046,NA,NA,NA,NA,NA,NA,NA,NA,NA,NA,NA,NA,NA,NA,NA,NA,NA,NA,NA,NA,NA,NA,NA,NA,NA,NA,NA,NA,NA,NA,NA,NA,NA,NA,NA,NA,NA,NA,NA,NA,NA,NA,NA,NA,NA,NA,NA,NA,NA,NA,NA,NA,NA,NA,NA,NA,NA,NA,NA,NA,0.706186874524035,0.706186874524035,0,4.14926923508046,NA,NA,NA,NA,NA,NA,NA,NA,NA,NA,NA,NA,NA,NA,NA,"indep = independent given the pilot draw; corr = DGP-implied correlation of the two estimates",NA,NA,NA,NA,NA,NA,NA
"grid","English","h1a",NA,NA,3,80,0.7,NA,0.825,0.034686092313779,NA,NA,NA,NA,NA,0.194470359046419,NA,NA,NA,NA,NA,NA,NA,NA,NA,NA,NA,NA,NA,NA,NA,NA,NA,NA,NA,NA,NA,NA,NA,NA,NA,NA,NA,NA,NA,NA,NA,NA,NA,NA,NA,NA,NA,NA,NA,NA,NA,NA,NA,NA,NA,NA,NA,NA,NA,NA,NA,0.29197203490439,0.204380424433073,"ok",0.824999999995605,0.914954287312114,8.99542873165088,3.4686092313779,2.59338199595273,959.945362920086,879.945362920086,Inf,Inf,0.275124636768545,0.843042852797257,0.925466452858856,8.2423600061599,Inf,3200,19198.9072584017,NA,NA,NA,NA,NA,NA,NA,NA,NA,NA,NA
"grid","English","h1a",NA,NA,3,80,0.71,NA,0.825,0.034686092313779,NA,NA,NA,NA,NA,0.194470359046419,NA,NA,NA,NA,NA,NA,NA,NA,NA,NA,NA,NA,NA,NA,NA,NA,NA,NA,NA,NA,NA,NA,NA,NA,NA,NA,NA,NA,NA,NA,NA,NA,NA,NA,NA,NA,NA,NA,NA,NA,NA,NA,NA,NA,NA,NA,NA,NA,NA,NA,NA,0.29197203490439,0.207300144782117,"ok",0.824999999995605,0.912258766584687,8.72587665890818,3.4686092313779,2.51567013659876,736.098667210034,656.098667210034,Inf,Inf,0.275124636768545,0.843042852797257,0.923070620627576,8.00277678303187,8873.70667247326,3200,14721.9733442007,NA,NA,NA,NA,NA,NA,NA,NA,NA,NA,NA
"grid","English","h1a",NA,NA,3,80,0.72,NA,0.825,0.034686092313779,NA,NA,NA,NA,NA,0.194470359046419,NA,NA,NA,NA,NA,NA,NA,NA,NA,NA,NA,NA,NA,NA,NA,NA,NA,NA,NA,NA,NA,NA,NA,NA,NA,NA,NA,NA,NA,NA,NA,NA,NA,NA,NA,NA,NA,NA,NA,NA,NA,NA,NA,NA,NA,NA,NA,NA,NA,NA,NA,0.29197203490439,0.210219865131161,"ok",0.824999999995605,0.909529183335799,8.45291833401933,3.4686092313779,2.43697625479173,595.310897174928,515.310897174928,Inf,Inf,0.275124636768545,0.843042852797257,0.920639503579081,7.75966507818233,2052.55670160566,3200,11906.2179434986,NA,NA,NA,NA,NA,NA,NA,NA,NA,NA,NA
"grid","English","h1a",NA,NA,3,80,0.73,NA,0.825,0.034686092313779,NA,NA,NA,NA,NA,0.194470359046419,NA,NA,NA,NA,NA,NA,NA,NA,NA,NA,NA,NA,NA,NA,NA,NA,NA,NA,NA,NA,NA,NA,NA,NA,NA,NA,NA,NA,NA,NA,NA,NA,NA,NA,NA,NA,NA,NA,NA,NA,NA,NA,NA,NA,NA,NA,NA,NA,NA,NA,NA,0.29197203490439,0.213139585480205,"ok",0.824999999995605,0.906766976133474,8.17669761378687,3.4686092313779,2.35734182444607,498.611614194718,418.611614194718,Inf,Inf,0.275124636768545,0.843042852797257,0.918174225207768,7.51313724105107,1123.14918383713,3200,9972.23228389437,NA,NA,NA,NA,NA,NA,NA,NA,NA,NA,NA
"grid","English","h1a",NA,NA,3,80,0.74,NA,0.825,0.034686092313779,NA,NA,NA,NA,NA,0.194470359046419,NA,NA,NA,NA,NA,NA,NA,NA,NA,NA,NA,NA,NA,NA,NA,NA,NA,NA,NA,NA,NA,NA,NA,NA,NA,NA,NA,NA,NA,NA,NA,NA,NA,NA,NA,NA,NA,NA,NA,NA,NA,NA,NA,NA,NA,NA,NA,NA,NA,NA,NA,0.29197203490439,0.216059305829249,"ok",0.824999999995605,0.903973595792712,7.89735957971062,3.4686092313779,2.27680867255646,428.112081550308,348.112081550308,Inf,Inf,0.275124636768545,0.843042852797257,0.915675932963648,7.26330801663911,754.45996887129,3200,8562.24163100616,NA,NA,NA,NA,NA,NA,NA,NA,NA,NA,NA
"grid","English","h1a",NA,NA,3,80,0.75,NA,0.825,0.034686092313779,NA,NA,NA,NA,NA,0.194470359046419,NA,NA,NA,NA,NA,NA,NA,NA,NA,NA,NA,NA,NA,NA,NA,NA,NA,NA,NA,NA,NA,NA,NA,NA,NA,NA,NA,NA,NA,NA,NA,NA,NA,NA,NA,NA,NA,NA,NA,NA,NA,NA,NA,NA,NA,NA,NA,NA,NA,NA,NA,0.29197203490439,0.218979026178293,"ok",0.824999999995605,0.901150501429528,7.6150501433923,3.4686092313779,2.19541886543594,374.447935620638,294.447935620638,Inf,Inf,0.275124636768545,0.843042852797257,0.913145794837318,7.01029420400603,556.697793264254,3200,7488.95871241275,NA,NA,NA,NA,NA,NA,NA,NA,NA,NA,NA
"grid","English","h1a",NA,NA,3,80,0.76,NA,0.825,0.034686092313779,NA,NA,NA,NA,NA,0.194470359046419,NA,NA,NA,NA,NA,NA,NA,NA,NA,NA,NA,NA,NA,NA,NA,NA,NA,NA,NA,NA,NA,NA,NA,NA,NA,NA,NA,NA,NA,NA,NA,NA,NA,NA,NA,NA,NA,NA,NA,NA,NA,NA,NA,NA,NA,NA,NA,NA,NA,NA,NA,0.29197203490439,0.221898746527336,"ok",0.824999999995605,0.898299156700423,7.3299156704818,3.4686092313779,2.11321460029961,332.242136495468,252.242136495468,Inf,Inf,0.275124636768545,0.843042852797257,0.910584996036709,6.75421432394517,433.393369454014,3200,6644.84272990936,NA,NA,NA,NA,NA,NA,NA,NA,NA,NA,NA
"grid","English","h1a",NA,NA,3,80,0.77,NA,0.825,0.034686092313779,NA,NA,NA,NA,NA,0.194470359046419,NA,NA,NA,NA,NA,NA,NA,NA,NA,NA,NA,NA,NA,NA,NA,NA,NA,NA,NA,NA,NA,NA,NA,NA,NA,NA,NA,NA,NA,NA,NA,NA,NA,NA,NA,NA,NA,NA,NA,NA,NA,NA,NA,NA,NA,NA,NA,NA,NA,NA,NA,0.29197203490439,0.22481846687638,"ok",0.824999999995605,0.895421026234094,7.04210262384889,3.4686092313779,2.03023810239109,298.186911964291,218.186911964291,Inf,Inf,0.275124636768545,0.843042852797257,0.907994735766879,6.49518829696217,349.177045145699,3200,5963.73823928582,NA,NA,NA,NA,NA,NA,NA,NA,NA,NA,NA
"grid","English","h1a",NA,NA,3,80,0.78,NA,0.825,0.034686092313779,NA,NA,NA,NA,NA,0.194470359046419,NA,NA,NA,NA,NA,NA,NA,NA,NA,NA,NA,NA,NA,NA,NA,NA,NA,NA,NA,NA,NA,NA,NA,NA,NA,NA,NA,NA,NA,NA,NA,NA,NA,NA,NA,NA,NA,NA,NA,NA,NA,NA,NA,NA,NA,NA,NA,NA,NA,NA,NA,0.29197203490439,0.227738187225424,"ok",0.824999999995605,0.89251757226025,6.75175722646448,3.4686092313779,1.94653152779114,270.135720062399,190.135720062399,Inf,Inf,0.275124636768545,0.843042852797257,0.905376224122434,6.23333713251764,288.018644977381,3200,5402.71440124798,NA,NA,NA,NA,NA,NA,NA,NA,NA,NA,NA
"grid","English","h1a",NA,NA,3,80,0.79,NA,0.825,0.034686092313779,NA,NA,NA,NA,NA,0.194470359046419,NA,NA,NA,NA,NA,NA,NA,NA,NA,NA,NA,NA,NA,NA,NA,NA,NA,NA,NA,NA,NA,NA,NA,NA,NA,NA,NA,NA,NA,NA,NA,NA,NA,NA,NA,NA,NA,NA,NA,NA,NA,NA,NA,NA,NA,NA,NA,NA,NA,NA,NA,0.29197203490439,0.230657907574468,"ok",0.824999999995605,0.889590251438525,6.45902514429199,3.4686092313779,1.86213687199528,246.634790809782,166.634790809782,Inf,Inf,0.275124636768545,0.843042852797257,0.902730679100642,5.96878263033843,241.598957015657,3200,4932.69581619563,NA,NA,NA,NA,NA,NA,NA,NA,NA,NA,NA
"grid","English","h1a",NA,NA,3,80,0.8,NA,0.825,0.034686092313779,NA,NA,NA,NA,NA,0.194470359046419,NA,NA,NA,NA,NA,NA,NA,NA,NA,NA,NA,NA,NA,NA,NA,NA,NA,NA,NA,NA,NA,NA,NA,NA,NA,NA,NA,NA,NA,NA,NA,NA,NA,NA,NA,NA,NA,NA,NA,NA,NA,NA,NA,NA,NA,NA,NA,NA,NA,NA,NA,0.29197203490439,0.233577627923512,"ok",0.824999999995605,0.886640511888842,6.16405118932368,3.4686092313779,1.77709588429914,226.664516494414,146.664516494414,Inf,Inf,0.275124636768545,0.843042852797257,0.900059323741791,5.70164709445341,205.170969518092,3200,4533.29032988827,NA,NA,NA,NA,NA,NA,NA,NA,NA,NA,NA
"grid","English","h1a",NA,NA,3,80,0.81,NA,0.825,0.034686092313779,NA,NA,NA,NA,NA,0.194470359046419,NA,NA,NA,NA,NA,NA,NA,NA,NA,NA,NA,NA,NA,NA,NA,NA,NA,NA,NA,NA,NA,NA,NA,NA,NA,NA,NA,NA,NA,NA,NA,NA,NA,NA,NA,NA,NA,NA,NA,NA,NA,NA,NA,NA,NA,NA,NA,NA,NA,NA,NA,0.29197203490439,0.236497348272556,"ok",0.824999999995605,0.883669790423079,5.86697904274736,3.4686092313779,1.69144998798746,209.488639566215,129.488639566215,Inf,Inf,0.275124636768545,0.843042852797257,0.897363383401963,5.43205306047054,175.828405367152,3200,4189.7727913243,NA,NA,NA,NA,NA,NA,NA,NA,NA,NA,NA
"grid","English","h1a",NA,NA,3,80,0.82,NA,0.825,0.034686092313779,NA,NA,NA,NA,NA,0.194470359046419,NA,NA,NA,NA,NA,NA,NA,NA,NA,NA,NA,NA,NA,NA,NA,NA,NA,NA,NA,NA,NA,NA,NA,NA,NA,NA,NA,NA,NA,NA,NA,NA,NA,NA,NA,NA,NA,NA,NA,NA,NA,NA,NA,NA,NA,NA,NA,NA,NA,NA,NA,0.29197203490439,0.2394170686216,"ok",0.824999999995605,0.880679509976557,5.56795099809519,3.4686092313779,1.60524020628387,194.562220712007,114.562220712007,Inf,Inf,0.275124636768545,0.843042852797257,0.894644083162086,5.1601230364829,151.692356035615,3200,3891.24441424014,NA,NA,NA,NA,NA,NA,NA,NA,NA,NA,NA
"grid","English","h1a",NA,NA,3,80,0.83,NA,0.825,0.034686092313779,NA,NA,NA,NA,NA,0.194470359046419,NA,NA,NA,NA,NA,NA,NA,NA,NA,NA,NA,NA,NA,NA,NA,NA,NA,NA,NA,NA,NA,NA,NA,NA,NA,NA,NA,NA,NA,NA,NA,NA,NA,NA,NA,NA,NA,NA,NA,NA,NA,NA,NA,NA,NA,NA,NA,NA,NA,NA,NA,0.29197203490439,0.242336788970644,"ok",0.824999999995605,0.877671077236705,5.26710772410998,3.4686092313779,1.51850709398522,181.473289107137,101.473289107137,Inf,Inf,0.275124636768545,0.843042852797257,0.891902645375966,4.88597925787088,131.494178783845,3200,3629.46578214275,NA,NA,NA,NA,NA,NA,NA,NA,NA,NA,NA
"grid","English","h1a",NA,NA,3,80,0.84,NA,0.825,0.034686092313779,NA,NA,NA,NA,NA,0.194470359046419,NA,NA,NA,NA,NA,NA,NA,NA,NA,NA,NA,NA,NA,NA,NA,NA,NA,NA,NA,NA,NA,NA,NA,NA,NA,NA,NA,NA,NA,NA,NA,NA,NA,NA,NA,NA,NA,NA,NA,NA,NA,NA,NA,NA,NA,NA,NA,NA,NA,NA,NA,0.29197203490439,0.245256509319688,"ok",0.824999999995605,0.874645880465212,4.96458804696066,3.4686092313779,1.43129067467438,169.904620010756,89.9046200107565,Inf,Inf,0.275124636768545,0.843042852797257,0.889140287358846,4.60974345615885,114.346340920864,3200,3398.09240021513,NA,NA,NA,NA,NA,NA,NA,NA,NA,NA,NA
"grid","English","h1a",NA,NA,3,80,0.85,NA,0.825,0.034686092313779,NA,NA,NA,NA,NA,0.194470359046419,NA,NA,NA,NA,NA,NA,NA,NA,NA,NA,NA,NA,NA,NA,NA,NA,NA,NA,NA,NA,NA,NA,NA,NA,NA,NA,NA,NA,NA,NA,NA,NA,NA,NA,NA,NA,NA,NA,NA,NA,NA,NA,NA,NA,NA,NA,NA,NA,NA,NA,NA,0.29197203490439,0.248176229668732,"ok",0.824999999995605,0.871605287509122,4.66052875135167,3.4686092313779,1.34363038337999,159.607980141143,79.6079801411434,Inf,Inf,0.275124636768545,0.843042852797257,0.886358219217098,4.33153664198405,99.6093089520123,3200,3192.15960282287,NA,NA,NA,NA,NA,NA,NA,NA,NA,NA,NA
"grid","English","h1a",NA,NA,3,80,0.86,NA,0.825,0.034686092313779,NA,NA,NA,NA,NA,0.194470359046419,NA,NA,NA,NA,NA,NA,NA,NA,NA,NA,NA,NA,NA,NA,NA,NA,NA,NA,NA,NA,NA,NA,NA,NA,NA,NA,NA,NA,NA,NA,NA,NA,NA,NA,NA,NA,NA,NA,NA,NA,NA,NA,NA,NA,NA,NA,NA,NA,NA,NA,NA,0.29197203490439,0.251095950017775,"ok",0.824999999995605,0.868550643995553,4.35506439999478,3.4686092313779,1.25556501453026,150.386340797784,70.3863407977844,Inf,Inf,0.275124636768545,0.843042852797257,0.883557641818715,4.05147890214577,86.8105850988764,3200,3007.72681595569,NA,NA,NA,NA,NA,NA,NA,NA,NA,NA,NA
"grid","English","h1a",NA,NA,3,80,0.87,NA,0.825,0.034686092313779,NA,NA,NA,NA,NA,0.194470359046419,NA,NA,NA,NA,NA,NA,NA,NA,NA,NA,NA,NA,NA,NA,NA,NA,NA,NA,NA,NA,NA,NA,NA,NA,NA,NA,NA,NA,NA,NA,NA,NA,NA,NA,NA,NA,NA,NA,NA,NA,NA,NA,NA,NA,NA,NA,NA,NA,NA,NA,NA,0.29197203490439,0.254015670366819,"ok",0.824999999995605,0.865483271704109,4.04832717085041,3.4686092313779,1.16713267502959,142.081323919216,62.0813239192155,Inf,Inf,0.275124636768545,0.843042852797257,0.880739744903479,3.76968921062218,75.5935179465074,3200,2841.62647838431,NA,NA,NA,NA,NA,NA,NA,NA,NA,NA,NA
"grid","English","h1a",NA,NA,3,80,0.88,NA,0.825,0.034686092313779,NA,NA,NA,NA,NA,0.194470359046419,NA,NA,NA,NA,NA,NA,NA,NA,NA,NA,NA,NA,NA,NA,NA,NA,NA,NA,NA,NA,NA,NA,NA,NA,NA,NA,NA,NA,NA,NA,NA,NA,NA,NA,NA,NA,NA,NA,NA,NA,NA,NA,NA,NA,NA,NA,NA,NA,NA,NA,NA,0.29197203490439,0.256935390715863,"ok",0.824999999995605,0.86240446711054,3.74044671149343,3.4686092313779,1.07837074227227,134.564168902882,54.5641689028824,Inf,Inf,0.275124636768545,0.843042852797257,0.877905705330962,3.48628525337049,65.6838506960502,3200,2691.28337805765,NA,NA,NA,NA,NA,NA,NA,NA,NA,NA,NA
"grid","English","h1a",NA,NA,3,80,0.89,NA,0.825,0.034686092313779,NA,NA,NA,NA,NA,0.194470359046419,NA,NA,NA,NA,NA,NA,NA,NA,NA,NA,NA,NA,NA,NA,NA,NA,NA,NA,NA,NA,NA,NA,NA,NA,NA,NA,NA,NA,NA,NA,NA,NA,NA,NA,NA,NA,NA,NA,NA,NA,NA,NA,NA,NA,NA,NA,NA,NA,NA,NA,NA,0.29197203490439,0.259855111064907,"ok",0.824999999995605,0.859315500094789,3.43155000991834,3.4686092313779,0.989315826895599,127.729119662746,47.7291196627464,1193.2190285937,1113.2190285937,0.275124636768545,0.843042852797257,0.875056685463892,3.20138326666352,56.8672279034199,3200,2554.58239325493,NA,NA,NA,NA,NA,NA,NA,NA,NA,NA,NA
"grid","English","h1a",NA,NA,3,80,0.9,NA,0.825,0.034686092313779,NA,NA,NA,NA,NA,0.194470359046419,NA,NA,NA,NA,NA,NA,NA,NA,NA,NA,NA,NA,NA,NA,NA,NA,NA,NA,NA,NA,NA,NA,NA,NA,NA,NA,NA,NA,NA,NA,NA,NA,NA,NA,NA,NA,NA,NA,NA,NA,NA,NA,NA,NA,NA,NA,NA,NA,NA,NA,NA,0.29197203490439,0.262774831413951,"ok",0.824999999995605,0.856217612806278,3.1217612810673,3.4686092313779,0.900003740065924,121.488507741555,41.4885077415554,542.843754809231,462.843754809231,0.275124636768545,0.843042852797257,0.872193831683869,2.91509788866113,48.9736893213571,3200,2429.77015483111,NA,NA,NA,NA,NA,NA,NA,NA,NA,NA,NA
"grid","English","h1a",NA,NA,3,80,0.91,NA,0.825,0.034686092313779,NA,NA,NA,NA,NA,0.194470359046419,NA,NA,NA,NA,NA,NA,NA,NA,NA,NA,NA,NA,NA,NA,NA,NA,NA,NA,NA,NA,NA,NA,NA,NA,NA,NA,NA,NA,NA,NA,NA,NA,NA,NA,NA,NA,NA,NA,NA,NA,NA,NA,NA,NA,NA,NA,NA,NA,NA,NA,NA,0.29197203490439,0.265694551762995,"ok",0.824999999995605,0.853112018679027,2.81120186834214,3.4686092313779,0.810469465084538,115.769044788401,35.7690447884013,349.962247283441,269.962247283441,0.275124636768545,0.843042852797257,0.869318273035942,2.62754202386845,41.8667433418051,3200,2315.38089576803,NA,NA,NA,NA,NA,NA,NA,NA,NA,NA,NA
"grid","English","h1a",NA,NA,3,80,0.92,NA,0.825,0.034686092313779,NA,NA,NA,NA,NA,0.194470359046419,NA,NA,NA,NA,NA,NA,NA,NA,NA,NA,NA,NA,NA,NA,NA,NA,NA,NA,NA,NA,NA,NA,NA,NA,NA,NA,NA,NA,NA,NA,NA,NA,NA,NA,NA,NA,NA,NA,NA,NA,NA,NA,NA,NA,NA,NA,NA,NA,NA,NA,NA,0.29197203490439,0.268614272112039,"ok",0.824999999995605,0.849999901589071,2.49999015934661,3.4686092313779,0.720747133096192,110.508991035311,30.5089910353112,257.468501744992,177.468501744992,0.275124636768545,0.843042852797257,0.866431119998186,2.33882672009289,35.4355161027691,3200,2210.17982070622,NA,NA,NA,NA,NA,NA,NA,NA,NA,NA,NA
"grid","English","h1a",NA,NA,3,80,0.93,NA,0.825,0.034686092313779,NA,NA,NA,NA,NA,0.194470359046419,NA,NA,NA,NA,NA,NA,NA,NA,NA,NA,NA,NA,NA,NA,NA,NA,NA,NA,NA,NA,NA,NA,NA,NA,NA,NA,NA,NA,NA,NA,NA,NA,NA,NA,NA,NA,NA,NA,NA,NA,NA,NA,NA,NA,NA,NA,NA,NA,NA,NA,NA,0.29197203490439,0.271533992461083,"ok",0.824999999995605,0.846882415146582,2.18824151509769,3.4686092313779,0.630870002680703,105.65596744897,25.6559674489697,203.181488714874,123.181488714874,0.275124636768545,0.843042852797257,0.863533463372056,2.0490610574799,29.5890114766272,3200,2113.11934897939,NA,NA,NA,NA,NA,NA,NA,NA,NA,NA,NA
"grid","English","h1a",NA,NA,3,80,0.94,NA,0.825,0.034686092313779,NA,NA,NA,NA,NA,0.194470359046419,NA,NA,NA,NA,NA,NA,NA,NA,NA,NA,NA,NA,NA,NA,NA,NA,NA,NA,NA,NA,NA,NA,NA,NA,NA,NA,NA,NA,NA,NA,NA,NA,NA,NA,NA,NA,NA,NA,NA,NA,NA,NA,NA,NA,NA,NA,NA,NA,NA,NA,NA,0.29197203490439,0.274453712810127,"ok",0.824999999995605,0.843760682115032,1.87606821194268,3.4686092313779,0.540870443107659,101.165247079882,21.1652470798816,167.485532693747,87.4855326937467,0.275124636768545,0.843042852797257,0.860626373289059,1.75835204918018,24.2518481920347,3200,2023.30494159763,NA,NA,NA,NA,NA,NA,NA,NA,NA,NA,NA
"grid","English","h1a",NA,NA,3,80,0.95,NA,0.825,0.034686092313779,NA,NA,NA,NA,NA,0.194470359046419,NA,NA,NA,NA,NA,NA,NA,NA,NA,NA,NA,NA,NA,NA,NA,NA,NA,NA,NA,NA,NA,NA,NA,NA,NA,NA,NA,NA,NA,NA,NA,NA,NA,NA,NA,NA,NA,NA,NA,NA,NA,NA,NA,NA,NA,NA,NA,NA,NA,NA,NA,0.29197203490439,0.277373433159171,"ok",0.824999999995605,0.840635793949835,1.56357939542301,3.4686092313779,0.450779921035348,96.9984074725297,16.9984074725297,142.230505968896,62.230505968896,0.275124636768545,0.843042852797257,0.857710898329069,1.46680455318116,19.3610488494881,3200,1939.96814945059,NA,NA,NA,NA,NA,NA,NA,NA,NA,NA,NA
"grid","English","h1a",NA,NA,3,80,0.96,NA,0.825,0.034686092313779,NA,NA,NA,NA,NA,0.194470359046419,NA,NA,NA,NA,NA,NA,NA,NA,NA,NA,NA,NA,NA,NA,NA,NA,NA,NA,NA,NA,NA,NA,NA,NA,NA,NA,NA,NA,NA,NA,NA,NA,NA,NA,NA,NA,NA,NA,NA,NA,NA,NA,NA,NA,NA,NA,NA,NA,NA,NA,NA,0.29197203490439,0.280293153508214,"ok",0.824999999995605,0.837508810448943,1.25088104533375,3.4686092313779,0.360628990437427,93.1222581524287,13.1222581524287,123.42273744059,43.4227374405899,0.275124636768545,0.843042852797257,0.854788064745448,1.17452119481908,14.8635899712938,3200,1862.44516304857,NA,NA,NA,NA,NA,NA,NA,NA,NA,NA,NA
"grid","English","h1a",NA,NA,3,80,0.97,NA,0.825,0.034686092313779,NA,NA,NA,NA,NA,0.194470359046419,NA,NA,NA,NA,NA,NA,NA,NA,NA,NA,NA,NA,NA,NA,NA,NA,NA,NA,NA,NA,NA,NA,NA,NA,NA,NA,NA,NA,NA,NA,NA,NA,NA,NA,NA,NA,NA,NA,NA,NA,NA,NA,NA,NA,NA,NA,NA,NA,NA,NA,NA,0.29197203490439,0.283212873857258,"ok",0.824999999995605,0.834380759508014,0.938075951240824,3.4686092313779,0.270447285544522,89.5079798377027,9.50797983770268,108.874965376895,28.874965376895,0.275124636768545,0.843042852797257,0.851858875792037,0.881602299477924,10.7145106487368,3200,1790.15959675405,NA,NA,NA,NA,NA,NA,NA,NA,NA,NA,NA
"grid","English","h1a",NA,NA,3,80,0.98,NA,0.825,0.034686092313779,NA,NA,NA,NA,NA,0.194470359046419,NA,NA,NA,NA,NA,NA,NA,NA,NA,NA,NA,NA,NA,NA,NA,NA,NA,NA,NA,NA,NA,NA,NA,NA,NA,NA,NA,NA,NA,NA,NA,NA,NA,NA,NA,NA,NA,NA,NA,NA,NA,NA,NA,NA,NA,NA,NA,NA,NA,NA,NA,0.29197203490439,0.286132594206302,"ok",0.824999999995605,0.831252636972938,0.625263697733291,3.4686092313779,0.180263516592472,86.130428166553,6.13042816655303,97.2887585407503,17.2887585407503,0.275124636768545,0.843042852797257,0.848924311147003,0.588145834974529,6.87543663776083,3200,1722.60856333106,NA,NA,NA,NA,NA,NA,NA,NA,NA,NA,NA
"grid","English","h1a",NA,NA,3,80,0.99,NA,0.825,0.034686092313779,NA,NA,NA,NA,NA,0.194470359046419,NA,NA,NA,NA,NA,NA,NA,NA,NA,NA,NA,NA,NA,NA,NA,NA,NA,NA,NA,NA,NA,NA,NA,NA,NA,NA,NA,NA,NA,NA,NA,NA,NA,NA,NA,NA,NA,NA,NA,NA,NA,NA,NA,NA,NA,NA,NA,NA,NA,NA,NA,0.29197203490439,0.289052314555346,"ok",0.824999999995605,0.828125406582679,0.312540658707372,3.4686092313779,0.0901054681744059,82.9675663905291,2.96756639052907,87.8446655279098,7.84466552790984,0.275124636768545,0.843042852797257,0.845985326428522,0.29424736312651,3.3134171983223,3200,1659.35132781058,NA,NA,NA,NA,NA,NA,NA,NA,NA,NA,NA
"grid","English","h1a",NA,NA,3,80,1,NA,0.825,0.034686092313779,NA,NA,NA,NA,NA,0.194470359046419,NA,NA,NA,NA,NA,NA,NA,NA,NA,NA,NA,NA,NA,NA,NA,NA,NA,NA,NA,NA,NA,NA,NA,NA,NA,NA,NA,NA,NA,NA,NA,NA,NA,NA,NA,NA,NA,NA,NA,NA,NA,NA,NA,NA,NA,NA,NA,NA,NA,NA,NA,0.29197203490439,0.29197203490439,"ok",0.824999999995605,0.824999999995605,0,3.4686092313779,0,80,0,80,0,0.275124636768545,0.843042852797257,0.843042852797257,0,0,3200,1600,NA,NA,NA,NA,NA,NA,NA,NA,NA,NA,NA
"grid","English","h1b",NA,NA,3,80,0.7,NA,0.983333333333333,0.0116864910933126,NA,NA,NA,NA,NA,0.20663074794523,NA,NA,NA,NA,NA,NA,NA,NA,NA,NA,NA,NA,NA,NA,NA,NA,NA,NA,NA,NA,NA,NA,NA,NA,NA,NA,NA,NA,NA,NA,NA,NA,NA,NA,NA,NA,NA,NA,NA,NA,NA,NA,NA,NA,NA,NA,NA,NA,NA,NA,NA,0.237026073401395,0.165918251380976,"near ceiling: MC interval reaches the verb floor",0.983333333333333,0.995620150792609,1.22868174592754,1.16864910933126,1.05136925713368,Inf,Inf,Inf,Inf,0.302002874192954,0.960248854948978,0.989146210239093,2.88973552901154,1865.6859963397,3200,Inf,NA,NA,NA,NA,NA,NA,NA,NA,NA,NA,NA
"grid","English","h1b",NA,NA,3,80,0.71,NA,0.983333333333333,0.0116864910933126,NA,NA,NA,NA,NA,0.20663074794523,NA,NA,NA,NA,NA,NA,NA,NA,NA,NA,NA,NA,NA,NA,NA,NA,NA,NA,NA,NA,NA,NA,NA,NA,NA,NA,NA,NA,NA,NA,NA,NA,NA,NA,NA,NA,NA,NA,NA,NA,NA,NA,NA,NA,NA,NA,NA,NA,NA,NA,NA,0.237026073401395,0.16828851211499,"near ceiling: MC interval reaches the verb floor",0.983333333333333,0.995384615617222,1.20512822838886,1.16864910933126,1.03121477504781,Inf,Inf,Inf,Inf,0.302002874192954,0.960248854948978,0.98855063535992,2.83017804109422,1102.96105463944,3200,Inf,NA,NA,NA,NA,NA,NA,NA,NA,NA,NA,NA
"grid","English","h1b",NA,NA,3,80,0.72,NA,0.983333333333333,0.0116864910933126,NA,NA,NA,NA,NA,0.20663074794523,NA,NA,NA,NA,NA,NA,NA,NA,NA,NA,NA,NA,NA,NA,NA,NA,NA,NA,NA,NA,NA,NA,NA,NA,NA,NA,NA,NA,NA,NA,NA,NA,NA,NA,NA,NA,NA,NA,NA,NA,NA,NA,NA,NA,NA,NA,NA,NA,NA,NA,NA,0.237026073401395,0.170658772849004,"near ceiling: MC interval reaches the verb floor",0.983333333333333,0.995139283181951,1.18059498486174,1.16864910933126,1.01022195236799,Inf,Inf,Inf,Inf,0.302002874192954,0.960248854948978,0.987931905401637,2.76830504526592,766.442186009904,3200,Inf,NA,NA,NA,NA,NA,NA,NA,NA,NA,NA,NA
"grid","English","h1b",NA,NA,3,80,0.73,NA,0.983333333333333,0.0116864910933126,NA,NA,NA,NA,NA,0.20663074794523,NA,NA,NA,NA,NA,NA,NA,NA,NA,NA,NA,NA,NA,NA,NA,NA,NA,NA,NA,NA,NA,NA,NA,NA,NA,NA,NA,NA,NA,NA,NA,NA,NA,NA,NA,NA,NA,NA,NA,NA,NA,NA,NA,NA,NA,NA,NA,NA,NA,NA,NA,0.237026073401395,0.173029033583018,"near ceiling: MC interval reaches the verb floor",0.983333333333333,0.994883904266589,1.15505709332562,1.16864910933126,0.98836946359937,Inf,Inf,Inf,Inf,0.302002874192954,0.960248854948978,0.987289639738283,2.70407847893051,576.945953542777,3200,Inf,NA,NA,NA,NA,NA,NA,NA,NA,NA,NA,NA
"grid","English","h1b",NA,NA,3,80,0.74,NA,0.983333333333333,0.0116864910933126,NA,NA,NA,NA,NA,0.20663074794523,NA,NA,NA,NA,NA,NA,NA,NA,NA,NA,NA,NA,NA,NA,NA,NA,NA,NA,NA,NA,NA,NA,NA,NA,NA,NA,NA,NA,NA,NA,NA,NA,NA,NA,NA,NA,NA,NA,NA,NA,NA,NA,NA,NA,NA,NA,NA,NA,NA,NA,NA,0.237026073401395,0.175399294317032,"near ceiling: MC interval reaches the verb floor",0.983333333333333,0.994618229891719,1.1284896558386,1.16864910933126,0.965636003850947,Inf,Inf,Inf,Inf,0.302002874192954,0.960248854948978,0.98662347566796,2.63746207189821,455.424979727076,3200,Inf,NA,NA,NA,NA,NA,NA,NA,NA,NA,NA,NA
"grid","English","h1b",NA,NA,3,80,0.75,NA,0.983333333333333,0.0116864910933126,NA,NA,NA,NA,NA,0.20663074794523,NA,NA,NA,NA,NA,NA,NA,NA,NA,NA,NA,NA,NA,NA,NA,NA,NA,NA,NA,NA,NA,NA,NA,NA,NA,NA,NA,NA,NA,NA,NA,NA,NA,NA,NA,NA,NA,NA,NA,NA,NA,NA,NA,NA,NA,NA,NA,NA,NA,NA,NA,0.237026073401395,0.177769555051046,"near ceiling: MC interval reaches the verb floor",0.983333333333333,0.994342011614126,1.10086782807932,1.16864910933126,0.942000314114196,Inf,Inf,Inf,Inf,0.302002874192954,0.960248854948978,0.985933069367759,2.56842144187817,370.885953880524,3200,Inf,NA,NA,NA,NA,NA,NA,NA,NA,NA,NA,NA
"grid","English","h1b",NA,NA,3,80,0.76,NA,0.983333333333333,0.0116864910933126,NA,NA,NA,NA,NA,0.20663074794523,NA,NA,NA,NA,NA,NA,NA,NA,NA,NA,NA,NA,NA,NA,NA,NA,NA,NA,NA,NA,NA,NA,NA,NA,NA,NA,NA,NA,NA,NA,NA,NA,NA,NA,NA,NA,NA,NA,NA,NA,NA,NA,NA,NA,NA,NA,NA,NA,NA,NA,NA,0.237026073401395,0.18013981578506,"near ceiling: MC interval reaches the verb floor",0.983333333333333,0.994055001832899,1.07216684995658,1.16864910933126,0.917441207455427,Inf,Inf,Inf,Inf,0.302002874192954,0.960248854948978,0.98521809679212,2.49692418431419,308.691169902156,3200,Inf,NA,NA,NA,NA,NA,NA,NA,NA,NA,NA,NA
"grid","English","h1b",NA,NA,3,80,0.77,NA,0.983333333333333,0.0116864910933126,NA,NA,NA,NA,NA,0.20663074794523,NA,NA,NA,NA,NA,NA,NA,NA,NA,NA,NA,NA,NA,NA,NA,NA,NA,NA,NA,NA,NA,NA,NA,NA,NA,NA,NA,NA,NA,NA,NA,NA,NA,NA,NA,NA,NA,NA,NA,NA,NA,NA,NA,NA,NA,NA,NA,NA,NA,NA,NA,0.237026073401395,0.182510076519074,"near ceiling: MC interval reaches the verb floor",0.983333333333333,0.99375695410542,1.04236207720869,1.16864910933126,0.891937596054959,Inf,Inf,4924.42995811182,4844.42995811182,0.302002874192954,0.960248854948978,0.984478254510108,2.42293995611301,261.027147170831,3200,Inf,NA,NA,NA,NA,NA,NA,NA,NA,NA,NA,NA
"grid","English","h1b",NA,NA,3,80,0.78,NA,0.983333333333333,0.0116864910933126,NA,NA,NA,NA,NA,0.20663074794523,NA,NA,NA,NA,NA,NA,NA,NA,NA,NA,NA,NA,NA,NA,NA,NA,NA,NA,NA,NA,NA,NA,NA,NA,NA,NA,NA,NA,NA,NA,NA,NA,NA,NA,NA,NA,NA,NA,NA,NA,NA,NA,NA,NA,NA,NA,NA,NA,NA,NA,NA,0.237026073401395,0.184880337253088,"near ceiling: MC interval reaches the verb floor",0.983333333333333,0.993447623472336,1.01142901390027,1.16864910933126,0.865468519014267,Inf,Inf,1489.7250982372,1409.7250982372,0.302002874192954,0.960248854948978,0.983713260477658,2.34644055286799,223.342878667566,3200,Inf,NA,NA,NA,NA,NA,NA,NA,NA,NA,NA,NA
"grid","English","h1b",NA,NA,3,80,0.79,NA,0.983333333333333,0.0116864910933126,NA,NA,NA,NA,NA,0.20663074794523,NA,NA,NA,NA,NA,NA,NA,NA,NA,NA,NA,NA,NA,NA,NA,NA,NA,NA,NA,NA,NA,NA,NA,NA,NA,NA,NA,NA,NA,NA,NA,NA,NA,NA,NA,NA,NA,NA,NA,NA,NA,NA,NA,NA,NA,NA,NA,NA,NA,NA,NA,0.237026073401395,0.187250597987102,"near ceiling: MC interval reaches the verb floor",0.983333333333333,0.993126766790459,0.979343345712602,1.16864910933126,0.838013170842201,Inf,Inf,872.979998546724,792.979998546724,0.302002874192954,0.960248854948978,0.982922854741348,2.26739997923698,192.808000327661,3200,Inf,NA,NA,NA,NA,NA,NA,NA,NA,NA,NA,NA
"grid","English","h1b",NA,NA,3,80,0.8,NA,0.983333333333333,0.0116864910933126,NA,NA,NA,NA,NA,0.20663074794523,NA,NA,NA,NA,NA,NA,NA,NA,NA,NA,NA,NA,NA,NA,NA,NA,NA,NA,NA,NA,NA,NA,NA,NA,NA,NA,NA,NA,NA,NA,NA,NA,NA,NA,NA,NA,NA,NA,NA,NA,NA,NA,NA,NA,NA,NA,NA,NA,NA,NA,NA,0.237026073401395,0.189620858721116,"near ceiling: MC interval reaches the verb floor",0.983333333333333,0.992794143072463,0.946080973912988,1.16864910933126,0.809550930522138,Inf,Inf,615.08949311911,535.08949311911,0.302002874192954,0.960248854948978,0.982106800070857,2.18579451218794,167.569845108485,3200,Inf,NA,NA,NA,NA,NA,NA,NA,NA,NA,NA,NA
"grid","English","h1b",NA,NA,3,80,0.81,NA,0.983333333333333,0.0116864910933126,NA,NA,NA,NA,NA,0.20663074794523,NA,NA,NA,NA,NA,NA,NA,NA,NA,NA,NA,NA,NA,NA,NA,NA,NA,NA,NA,NA,NA,NA,NA,NA,NA,NA,NA,NA,NA,NA,NA,NA,NA,NA,NA,NA,NA,NA,NA,NA,NA,NA,NA,NA,NA,NA,NA,NA,NA,NA,NA,0.237026073401395,0.19199111945513,"near ceiling: MC interval reaches the verb floor",0.983333333333333,0.99244951383213,0.911618049879681,1.16864910933126,0.780061391054617,Inf,Inf,473.462659688673,393.462659688673,0.302002874192954,0.960248854948978,0.981264882517795,2.10160275688174,146.36484686325,3200,Inf,NA,NA,NA,NA,NA,NA,NA,NA,NA,NA,NA
"grid","English","h1b",NA,NA,3,80,0.82,NA,0.983333333333333,0.0116864910933126,NA,NA,NA,NA,NA,0.20663074794523,NA,NA,NA,NA,NA,NA,NA,NA,NA,NA,NA,NA,NA,NA,NA,NA,NA,NA,NA,NA,NA,NA,NA,NA,NA,NA,NA,NA,NA,NA,NA,NA,NA,NA,NA,NA,NA,NA,NA,NA,NA,NA,NA,NA,NA,NA,NA,NA,NA,NA,NA,0.237026073401395,0.194361380189144,"near ceiling: MC interval reaches the verb floor",0.983333333333333,0.992092643433856,0.875931010052311,1.16864910933126,0.749524389364014,Inf,Inf,383.956823371779,303.956823371779,0.302002874192954,0.960248854948978,0.980396911899143,2.01480569501649,128.301637782118,3200,Inf,NA,NA,NA,NA,NA,NA,NA,NA,NA,NA,NA
"grid","English","h1b",NA,NA,3,80,0.83,NA,0.983333333333333,0.0116864910933126,NA,NA,NA,NA,NA,0.20663074794523,NA,NA,NA,NA,NA,NA,NA,NA,NA,NA,NA,NA,NA,NA,NA,NA,NA,NA,NA,NA,NA,NA,NA,NA,NA,NA,NA,NA,NA,NA,NA,NA,NA,NA,NA,NA,NA,NA,NA,NA,NA,NA,NA,NA,NA,NA,NA,NA,NA,NA,NA,0.237026073401395,0.196731640923158,"near ceiling: MC interval reaches the verb floor",0.983333333333333,0.991723299445057,0.838996611172393,1.16864910933126,0.717920036453453,Inf,Inf,322.283180441171,242.283180441171,0.302002874192954,0.960248854948978,0.979502722204095,1.92538672551169,112.733406932081,3200,Inf,NA,NA,NA,NA,NA,NA,NA,NA,NA,NA,NA
"grid","English","h1b",NA,NA,3,80,0.84,NA,0.983333333333333,0.0116864910933126,NA,NA,NA,NA,NA,0.20663074794523,NA,NA,NA,NA,NA,NA,NA,NA,NA,NA,NA,NA,NA,NA,NA,NA,NA,NA,NA,NA,NA,NA,NA,NA,NA,NA,NA,NA,NA,NA,NA,NA,NA,NA,NA,NA,NA,NA,NA,NA,NA,NA,NA,NA,NA,NA,NA,NA,NA,NA,NA,0.237026073401395,0.199101901657172,"near ceiling: MC interval reaches the verb floor",0.983333333333333,0.991341252990086,0.800791965675285,1.16864910933126,0.685228747689309,Inf,Inf,277.215317709845,197.215317709845,0.302002874192954,0.960248854948978,0.978582171923615,1.83333169746368,99.1794150967979,3200,Inf,NA,NA,NA,NA,NA,NA,NA,NA,NA,NA,NA
"grid","English","h1b",NA,NA,3,80,0.85,NA,0.983333333333333,0.0116864910933126,NA,NA,NA,NA,NA,0.20663074794523,NA,NA,NA,NA,NA,NA,NA,NA,NA,NA,NA,NA,NA,NA,NA,NA,NA,NA,NA,NA,NA,NA,NA,NA,NA,NA,NA,NA,NA,NA,NA,NA,NA,NA,NA,NA,NA,NA,NA,NA,NA,NA,NA,NA,NA,NA,NA,NA,NA,NA,NA,0.237026073401395,0.201472162391186,"near ceiling: MC interval reaches the verb floor",0.983333333333333,0.990946279104265,0.761294577093186,1.16864910933126,0.651431273095159,Inf,Inf,242.848800752105,162.848800752105,0.302002874192954,0.960248854948978,0.977635144302524,1.73862893535465,87.2749121932785,3200,Inf,NA,NA,NA,NA,NA,NA,NA,NA,NA,NA,NA
"grid","English","h1b",NA,NA,3,80,0.86,NA,0.983333333333333,0.0116864910933126,NA,NA,NA,NA,NA,0.20663074794523,NA,NA,NA,NA,NA,NA,NA,NA,NA,NA,NA,NA,NA,NA,NA,NA,NA,NA,NA,NA,NA,NA,NA,NA,NA,NA,NA,NA,NA,NA,NA,NA,NA,NA,NA,NA,NA,NA,NA,NA,NA,NA,NA,NA,NA,NA,NA,NA,NA,NA,NA,0.237026073401395,0.2038424231252,"near ceiling: MC interval reaches the verb floor",0.983333333333333,0.990538157086617,0.720482375328391,1.16864910933126,0.616508727534713,Inf,Inf,215.781668357155,135.781668357155,0.302002874192954,0.960248854948978,0.976661547514448,1.64126925654705,76.7381478527691,3200,Inf,NA,NA,NA,NA,NA,NA,NA,NA,NA,NA,NA
"grid","English","h1b",NA,NA,3,80,0.87,NA,0.983333333333333,0.0116864910933126,NA,NA,NA,NA,NA,0.20663074794523,NA,NA,NA,NA,NA,NA,NA,NA,NA,NA,NA,NA,NA,NA,NA,NA,NA,NA,NA,NA,NA,NA,NA,NA,NA,NA,NA,NA,NA,NA,NA,NA,NA,NA,NA,NA,NA,NA,NA,NA,NA,NA,NA,NA,NA,NA,NA,NA,NA,NA,NA,0.237026073401395,0.206212683859213,"near ceiling: MC interval reaches the verb floor",0.983333333333333,0.990116670849907,0.67833375165739,1.16864910933126,0.580442620664431,Inf,Inf,193.915675846764,113.915675846764,0.302002874192954,0.960248854948978,0.975661314760397,1.54124598114194,67.3480352858461,3200,Inf,NA,NA,NA,NA,NA,NA,NA,NA,NA,NA,NA
"grid","English","h1b",NA,NA,3,80,0.88,NA,0.983333333333333,0.0116864910933126,NA,NA,NA,NA,NA,0.20663074794523,NA,NA,NA,NA,NA,NA,NA,NA,NA,NA,NA,NA,NA,NA,NA,NA,NA,NA,NA,NA,NA,NA,NA,NA,NA,NA,NA,NA,NA,NA,NA,NA,NA,NA,NA,NA,NA,NA,NA,NA,NA,NA,NA,NA,NA,NA,NA,NA,NA,NA,NA,0.237026073401395,0.208582944593227,"near ceiling: MC interval reaches the verb floor",0.983333333333333,0.989681609266617,0.634827593328358,1.16864910933126,0.543214886538208,1330.91009325835,1250.91009325835,175.88637851941,95.8863785194102,0.302002874192954,0.960248854948978,0.974634404292219,1.43855493432412,58.9286597760642,3200,26618.201865167,NA,NA,NA,NA,NA,NA,NA,NA,NA,NA,NA
"grid","English","h1b",NA,NA,3,80,0.89,NA,0.983333333333333,0.0116864910933126,NA,NA,NA,NA,NA,0.20663074794523,NA,NA,NA,NA,NA,NA,NA,NA,NA,NA,NA,NA,NA,NA,NA,NA,NA,NA,NA,NA,NA,NA,NA,NA,NA,NA,NA,NA,NA,NA,NA,NA,NA,NA,NA,NA,NA,NA,NA,NA,NA,NA,NA,NA,NA,NA,NA,NA,NA,NA,NA,0.237026073401395,0.210953205327241,"near ceiling: MC interval reaches the verb floor",0.983333333333333,0.989232766509517,0.589943317618391,1.16864910933126,0.50480791274977,597.680968043181,517.680968043181,160.768143350176,80.768143350176,0.302002874192954,0.960248854948978,0.97358079936256,1.33319444135819,51.3383036825912,3200,11953.6193608636,NA,NA,NA,NA,NA,NA,NA,NA,NA,NA,NA
"grid","English","h1b",NA,NA,3,80,0.9,NA,0.983333333333333,0.0116864910933126,NA,NA,NA,NA,NA,0.20663074794523,NA,NA,NA,NA,NA,NA,NA,NA,NA,NA,NA,NA,NA,NA,NA,NA,NA,NA,NA,NA,NA,NA,NA,NA,NA,NA,NA,NA,NA,NA,NA,NA,NA,NA,NA,NA,NA,NA,NA,NA,NA,NA,NA,NA,NA,NA,NA,NA,NA,NA,NA,0.237026073401395,0.213323466061255,"near ceiling: MC interval reaches the verb floor",0.983333333333333,0.98876994238554,0.543660905220622,1.16864910933126,0.46520456900166,383.830490443213,303.830490443213,147.910873577518,67.9108735775183,0.302002874192954,0.960248854948978,0.972500508103357,1.22516531543793,44.4615229029695,3200,7676.60980886426,NA,NA,NA,NA,NA,NA,NA,NA,NA,NA,NA
"grid","English","h1b",NA,NA,3,80,0.91,NA,0.983333333333333,0.0116864910933126,NA,NA,NA,NA,NA,0.20663074794523,NA,NA,NA,NA,NA,NA,NA,NA,NA,NA,NA,NA,NA,NA,NA,NA,NA,NA,NA,NA,NA,NA,NA,NA,NA,NA,NA,NA,NA,NA,NA,NA,NA,NA,NA,NA,NA,NA,NA,NA,NA,NA,NA,NA,NA,NA,NA,NA,NA,NA,NA,0.237026073401395,0.215693726795269,"near ceiling: MC interval reaches the verb floor",0.983333333333333,0.988292942661702,0.49596093283687,1.16864910933126,0.424388234994399,281.8556410129,201.8556410129,136.844586657809,56.844586657809,0.302002874192954,0.960248854948978,0.971393563335243,1.1144708386265,38.2033288107718,3200,5637.112820258,NA,NA,NA,NA,NA,NA,NA,NA,NA,NA,NA
"grid","English","h1b",NA,NA,3,80,0.92,NA,0.983333333333333,0.0116864910933126,NA,NA,NA,NA,NA,0.20663074794523,NA,NA,NA,NA,NA,NA,NA,NA,NA,NA,NA,NA,NA,NA,NA,NA,NA,NA,NA,NA,NA,NA,NA,NA,NA,NA,NA,NA,NA,NA,NA,NA,NA,NA,NA,NA,NA,NA,NA,NA,NA,NA,NA,NA,NA,NA,NA,NA,NA,NA,NA,0.237026073401395,0.218063987529283,"near ceiling: MC interval reaches the verb floor",0.983333333333333,0.987801579381901,0.446824604856744,1.16864910933126,0.382342827533948,222.176318663025,142.176318663025,127.221078642836,47.2210786428359,0.302002874192954,0.960248854948978,0.970260022310537,1.00111673615594,32.4848506296019,3200,4443.5263732605,NA,NA,NA,NA,NA,NA,NA,NA,NA,NA,NA
"grid","English","h1b",NA,NA,3,80,0.93,NA,0.983333333333333,0.0116864910933126,NA,NA,NA,NA,NA,0.20663074794523,NA,NA,NA,NA,NA,NA,NA,NA,NA,NA,NA,NA,NA,NA,NA,NA,NA,NA,NA,NA,NA,NA,NA,NA,NA,NA,NA,NA,NA,NA,NA,NA,NA,NA,NA,NA,NA,NA,NA,NA,NA,NA,NA,NA,NA,NA,NA,NA,NA,NA,NA,0.237026073401395,0.220434248263297,"near ceiling: MC interval reaches the verb floor",0.983333333333333,0.987295671173441,0.396233784010791,1.16864910933126,0.339052826761259,183.00406729001,103.00406729001,118.776881799304,38.7768817993038,0.302002874192954,0.960248854948978,0.969099966392806,0.8851111443828,27.2400566359042,3200,3660.0813458002,NA,NA,NA,NA,NA,NA,NA,NA,NA,NA,NA
"grid","English","h1b",NA,NA,3,80,0.94,NA,0.983333333333333,0.0116864910933126,NA,NA,NA,NA,NA,0.20663074794523,NA,NA,NA,NA,NA,NA,NA,NA,NA,NA,NA,NA,NA,NA,NA,NA,NA,NA,NA,NA,NA,NA,NA,NA,NA,NA,NA,NA,NA,NA,NA,NA,NA,NA,NA,NA,NA,NA,NA,NA,NA,NA,NA,NA,NA,NA,NA,NA,NA,NA,NA,0.237026073401395,0.222804508997311,"near ceiling: MC interval reaches the verb floor",0.983333333333333,0.986775043542249,0.344171020891559,1.16864910933126,0.294503301413121,155.322806140854,75.3228061408537,111.308967786705,31.3089677867054,0.302002874192954,0.960248854948978,0.967913500676186,0.766464572720837,22.413244439076,3200,3106.45612281707,NA,NA,NA,NA,NA,NA,NA,NA,NA,NA,NA
"grid","English","h1b",NA,NA,3,80,0.95,NA,0.983333333333333,0.0116864910933126,NA,NA,NA,NA,NA,0.20663074794523,NA,NA,NA,NA,NA,NA,NA,NA,NA,NA,NA,NA,NA,NA,NA,NA,NA,NA,NA,NA,NA,NA,NA,NA,NA,NA,NA,NA,NA,NA,NA,NA,NA,NA,NA,NA,NA,NA,NA,NA,NA,NA,NA,NA,NA,NA,NA,NA,NA,NA,NA,0.237026073401395,0.225174769731325,"near ceiling: MC interval reaches the verb floor",0.983333333333333,0.986239529155773,0.290619582243989,1.16864910933126,0.248679933029934,134.726129065817,54.7261290658173,104.658357477402,24.658357477402,0.302002874192954,0.960248854948978,0.966700753547899,0.645189859892115,17.9570977966808,3200,2694.52258131635,NA,NA,NA,NA,NA,NA,NA,NA,NA,NA,NA
"grid","English","h1b",NA,NA,3,80,0.96,NA,0.983333333333333,0.0116864910933126,NA,NA,NA,NA,NA,0.20663074794523,NA,NA,NA,NA,NA,NA,NA,NA,NA,NA,NA,NA,NA,NA,NA,NA,NA,NA,NA,NA,NA,NA,NA,NA,NA,NA,NA,NA,NA,NA,NA,NA,NA,NA,NA,NA,NA,NA,NA,NA,NA,NA,NA,NA,NA,NA,NA,NA,NA,NA,NA,0.237026073401395,0.227545030465339,"near ceiling: MC interval reaches the verb floor",0.983333333333333,0.985688968112667,0.235563477933376,1.16864910933126,0.20156903903189,118.805182631797,38.805182631797,98.698790052879,18.698790052879,0.302002874192954,0.960248854948978,0.965461876197531,0.521302124855316,13.8311661732969,3200,2376.10365263594,NA,NA,NA,NA,NA,NA,NA,NA,NA,NA,NA
"grid","English","h1b",NA,NA,3,80,0.97,NA,0.983333333333333,0.0116864910933126,NA,NA,NA,NA,NA,0.20663074794523,NA,NA,NA,NA,NA,NA,NA,NA,NA,NA,NA,NA,NA,NA,NA,NA,NA,NA,NA,NA,NA,NA,NA,NA,NA,NA,NA,NA,NA,NA,NA,NA,NA,NA,NA,NA,NA,NA,NA,NA,NA,NA,NA,NA,NA,NA,NA,NA,NA,NA,NA,0.237026073401395,0.229915291199353,"near ceiling: MC interval reaches the verb floor",0.983333333333333,0.985123208198405,0.178987486507209,1.16864910933126,0.153157594591958,106.131957093385,26.1319570933848,93.3287185597232,13.3287185597232,0.302002874192954,0.960248854948978,0.964197042076808,0.394818712782974,10.0006635012558,3200,2122.63914186769,NA,NA,NA,NA,NA,NA,NA,NA,NA,NA,NA
"grid","English","h1b",NA,NA,3,80,0.98,NA,0.983333333333333,0.0116864910933126,NA,NA,NA,NA,NA,0.20663074794523,NA,NA,NA,NA,NA,NA,NA,NA,NA,NA,NA,NA,NA,NA,NA,NA,NA,NA,NA,NA,NA,NA,NA,NA,NA,NA,NA,NA,NA,NA,NA,NA,NA,NA,NA,NA,NA,NA,NA,NA,NA,NA,NA,NA,NA,NA,NA,NA,NA,NA,NA,0.237026073401395,0.232285551933367,"near ceiling: MC interval reaches the verb floor",0.983333333333333,0.984542105126081,0.120877179274759,1.16864910933126,0.103433253240512,95.8061830336993,15.8061830336993,88.4655457488887,8.46554574888874,0.302002874192954,0.960248854948978,0.962906446313679,0.265759136470145,6.43551060482947,3200,1916.12366067399,NA,NA,NA,NA,NA,NA,NA,NA,NA,NA,NA
"grid","English","h1b",NA,NA,3,80,0.99,NA,0.983333333333333,0.0116864910933126,NA,NA,NA,NA,NA,0.20663074794523,NA,NA,NA,NA,NA,NA,NA,NA,NA,NA,NA,NA,NA,NA,NA,NA,NA,NA,NA,NA,NA,NA,NA,NA,NA,NA,NA,NA,NA,NA,NA,NA,NA,NA,NA,NA,NA,NA,NA,NA,NA,NA,NA,NA,NA,NA,NA,NA,NA,NA,NA,0.237026073401395,0.234655812667381,"near ceiling: MC interval reaches the verb floor",0.983333333333333,0.983945522761694,0.0612189428360277,1.16864910933126,0.0523843661431097,87.2321592726512,7.23215927265124,84.041401288669,4.04140128866902,0.302002874192954,0.960248854948978,0.961590305084608,0.134145013562981,3.10956551104192,3200,1744.64318545302,NA,NA,NA,NA,NA,NA,NA,NA,NA,NA,NA
"grid","English","h1b",NA,NA,3,80,1,NA,0.983333333333333,0.0116864910933126,NA,NA,NA,NA,NA,0.20663074794523,NA,NA,NA,NA,NA,NA,NA,NA,NA,NA,NA,NA,NA,NA,NA,NA,NA,NA,NA,NA,NA,NA,NA,NA,NA,NA,NA,NA,NA,NA,NA,NA,NA,NA,NA,NA,NA,NA,NA,NA,NA,NA,NA,NA,NA,NA,NA,NA,NA,NA,NA,0.237026073401395,0.237026073401395,"near ceiling: MC interval reaches the verb floor",0.983333333333333,0.983333333333333,0,1.16864910933126,0,80,0,80,0,0.302002874192954,0.960248854948978,0.960248854948978,0,0,3200,1600,NA,NA,NA,NA,NA,NA,NA,NA,NA,NA,NA
"grid","English","joint",NA,NA,3,80,0.7,NA,0.808333333333333,0.0359317124969429,NA,NA,NA,NA,NA,NA,NA,NA,NA,NA,NA,NA,NA,NA,NA,NA,NA,NA,NA,NA,NA,NA,NA,NA,NA,NA,NA,NA,NA,NA,NA,NA,NA,NA,NA,NA,NA,NA,NA,NA,NA,NA,NA,NA,NA,NA,NA,NA,NA,NA,NA,NA,NA,NA,NA,NA,NA,NA,NA,NA,0.812564563166477,0.911301326135167,9.87367629686902,3.59317124969429,NA,NA,NA,NA,NA,NA,NA,NA,NA,NA,NA,NA,NA,NA,NA,"indep = independent given the pilot draw; corr = DGP-implied correlation of the two estimates",NA,NA,NA,NA,NA,NA,NA
"grid","English","joint",NA,NA,3,80,0.71,NA,0.808333333333333,0.0359317124969429,NA,NA,NA,NA,NA,NA,NA,NA,NA,NA,NA,NA,NA,NA,NA,NA,NA,NA,NA,NA,NA,NA,NA,NA,NA,NA,NA,NA,NA,NA,NA,NA,NA,NA,NA,NA,NA,NA,NA,NA,NA,NA,NA,NA,NA,NA,NA,NA,NA,NA,NA,NA,NA,NA,NA,NA,NA,NA,NA,NA,0.812564563166477,0.908425059676687,9.58604965102099,3.59317124969429,NA,NA,NA,NA,NA,NA,NA,NA,NA,NA,NA,NA,NA,NA,NA,"indep = independent given the pilot draw; corr = DGP-implied correlation of the two estimates",NA,NA,NA,NA,NA,NA,NA
"grid","English","joint",NA,NA,3,80,0.72,NA,0.808333333333333,0.0359317124969429,NA,NA,NA,NA,NA,NA,NA,NA,NA,NA,NA,NA,NA,NA,NA,NA,NA,NA,NA,NA,NA,NA,NA,NA,NA,NA,NA,NA,NA,NA,NA,NA,NA,NA,NA,NA,NA,NA,NA,NA,NA,NA,NA,NA,NA,NA,NA,NA,NA,NA,NA,NA,NA,NA,NA,NA,NA,NA,NA,NA,0.812564563166477,0.905508028522078,9.29434653556004,3.59317124969429,NA,NA,NA,NA,NA,NA,NA,NA,NA,NA,NA,NA,NA,NA,NA,"indep = independent given the pilot draw; corr = DGP-implied correlation of the two estimates",NA,NA,NA,NA,NA,NA,NA
"grid","English","joint",NA,NA,3,80,0.73,NA,0.808333333333333,0.0359317124969429,NA,NA,NA,NA,NA,NA,NA,NA,NA,NA,NA,NA,NA,NA,NA,NA,NA,NA,NA,NA,NA,NA,NA,NA,NA,NA,NA,NA,NA,NA,NA,NA,NA,NA,NA,NA,NA,NA,NA,NA,NA,NA,NA,NA,NA,NA,NA,NA,NA,NA,NA,NA,NA,NA,NA,NA,NA,NA,NA,NA,0.812564563166477,0.90255154017473,8.99869770082531,3.59317124969429,NA,NA,NA,NA,NA,NA,NA,NA,NA,NA,NA,NA,NA,NA,NA,"indep = independent given the pilot draw; corr = DGP-implied correlation of the two estimates",NA,NA,NA,NA,NA,NA,NA
"grid","English","joint",NA,NA,3,80,0.74,NA,0.808333333333333,0.0359317124969429,NA,NA,NA,NA,NA,NA,NA,NA,NA,NA,NA,NA,NA,NA,NA,NA,NA,NA,NA,NA,NA,NA,NA,NA,NA,NA,NA,NA,NA,NA,NA,NA,NA,NA,NA,NA,NA,NA,NA,NA,NA,NA,NA,NA,NA,NA,NA,NA,NA,NA,NA,NA,NA,NA,NA,NA,NA,NA,NA,NA,0.812564563166477,0.899556916487061,8.69923533205834,3.59317124969429,NA,NA,NA,NA,NA,NA,NA,NA,NA,NA,NA,NA,NA,NA,NA,"indep = independent given the pilot draw; corr = DGP-implied correlation of the two estimates",NA,NA,NA,NA,NA,NA,NA
"grid","English","joint",NA,NA,3,80,0.75,NA,0.808333333333333,0.0359317124969429,NA,NA,NA,NA,NA,NA,NA,NA,NA,NA,NA,NA,NA,NA,NA,NA,NA,NA,NA,NA,NA,NA,NA,NA,NA,NA,NA,NA,NA,NA,NA,NA,NA,NA,NA,NA,NA,NA,NA,NA,NA,NA,NA,NA,NA,NA,NA,NA,NA,NA,NA,NA,NA,NA,NA,NA,NA,NA,NA,NA,0.812564563166477,0.896525489911638,8.39609267451613,3.59317124969429,NA,NA,NA,NA,NA,NA,NA,NA,NA,NA,NA,NA,NA,NA,NA,"indep = independent given the pilot draw; corr = DGP-implied correlation of the two estimates",NA,NA,NA,NA,NA,NA,NA
"grid","English","joint",NA,NA,3,80,0.76,NA,0.808333333333333,0.0359317124969429,NA,NA,NA,NA,NA,NA,NA,NA,NA,NA,NA,NA,NA,NA,NA,NA,NA,NA,NA,NA,NA,NA,NA,NA,NA,NA,NA,NA,NA,NA,NA,NA,NA,NA,NA,NA,NA,NA,NA,NA,NA,NA,NA,NA,NA,NA,NA,NA,NA,NA,NA,NA,NA,NA,NA,NA,NA,NA,NA,NA,0.812564563166477,0.893458599944141,8.08940367776638,3.59317124969429,NA,NA,NA,NA,NA,NA,NA,NA,NA,NA,NA,NA,NA,NA,NA,"indep = independent given the pilot draw; corr = DGP-implied correlation of the two estimates",NA,NA,NA,NA,NA,NA,NA
"grid","English","joint",NA,NA,3,80,0.77,NA,0.808333333333333,0.0359317124969429,NA,NA,NA,NA,NA,NA,NA,NA,NA,NA,NA,NA,NA,NA,NA,NA,NA,NA,NA,NA,NA,NA,NA,NA,NA,NA,NA,NA,NA,NA,NA,NA,NA,NA,NA,NA,NA,NA,NA,NA,NA,NA,NA,NA,NA,NA,NA,NA,NA,NA,NA,NA,NA,NA,NA,NA,NA,NA,NA,NA,0.812564563166477,0.890357589764275,7.77930265977979,3.59317124969429,NA,NA,NA,NA,NA,NA,NA,NA,NA,NA,NA,NA,NA,NA,NA,"indep = independent given the pilot draw; corr = DGP-implied correlation of the two estimates",NA,NA,NA,NA,NA,NA,NA
"grid","English","joint",NA,NA,3,80,0.78,NA,0.808333333333333,0.0359317124969429,NA,NA,NA,NA,NA,NA,NA,NA,NA,NA,NA,NA,NA,NA,NA,NA,NA,NA,NA,NA,NA,NA,NA,NA,NA,NA,NA,NA,NA,NA,NA,NA,NA,NA,NA,NA,NA,NA,NA,NA,NA,NA,NA,NA,NA,NA,NA,NA,NA,NA,NA,NA,NA,NA,NA,NA,NA,NA,NA,NA,0.812564563166477,0.887223803078648,7.46592399121713,3.59317124969429,NA,NA,NA,NA,NA,NA,NA,NA,NA,NA,NA,NA,NA,NA,NA,"indep = independent given the pilot draw; corr = DGP-implied correlation of the two estimates",NA,NA,NA,NA,NA,NA,NA
"grid","English","joint",NA,NA,3,80,0.79,NA,0.808333333333333,0.0359317124969429,NA,NA,NA,NA,NA,NA,NA,NA,NA,NA,NA,NA,NA,NA,NA,NA,NA,NA,NA,NA,NA,NA,NA,NA,NA,NA,NA,NA,NA,NA,NA,NA,NA,NA,NA,NA,NA,NA,NA,NA,NA,NA,NA,NA,NA,NA,NA,NA,NA,NA,NA,NA,NA,NA,NA,NA,NA,NA,NA,NA,0.812564563166477,0.884058581167593,7.14940180011154,3.59317124969429,NA,NA,NA,NA,NA,NA,NA,NA,NA,NA,NA,NA,NA,NA,NA,"indep = independent given the pilot draw; corr = DGP-implied correlation of the two estimates",NA,NA,NA,NA,NA,NA,NA
"grid","English","joint",NA,NA,3,80,0.8,NA,0.808333333333333,0.0359317124969429,NA,NA,NA,NA,NA,NA,NA,NA,NA,NA,NA,NA,NA,NA,NA,NA,NA,NA,NA,NA,NA,NA,NA,NA,NA,NA,NA,NA,NA,NA,NA,NA,NA,NA,NA,NA,NA,NA,NA,NA,NA,NA,NA,NA,NA,NA,NA,NA,NA,NA,NA,NA,NA,NA,NA,NA,NA,NA,NA,NA,0.812564563166477,0.880863260136163,6.82986969696857,3.59317124969429,NA,NA,NA,NA,NA,NA,NA,NA,NA,NA,NA,NA,NA,NA,NA,"indep = independent given the pilot draw; corr = DGP-implied correlation of the two estimates",NA,NA,NA,NA,NA,NA,NA
"grid","English","joint",NA,NA,3,80,0.81,NA,0.808333333333333,0.0359317124969429,NA,NA,NA,NA,NA,NA,NA,NA,NA,NA,NA,NA,NA,NA,NA,NA,NA,NA,NA,NA,NA,NA,NA,NA,NA,NA,NA,NA,NA,NA,NA,NA,NA,NA,NA,NA,NA,NA,NA,NA,NA,NA,NA,NA,NA,NA,NA,NA,NA,NA,NA,NA,NA,NA,NA,NA,NA,NA,NA,NA,0.812564563166477,0.877639168367957,6.50746052014801,3.59317124969429,NA,NA,NA,NA,NA,NA,NA,NA,NA,NA,NA,NA,NA,NA,NA,"indep = independent given the pilot draw; corr = DGP-implied correlation of the two estimates",NA,NA,NA,NA,NA,NA,NA
"grid","English","joint",NA,NA,3,80,0.82,NA,0.808333333333333,0.0359317124969429,NA,NA,NA,NA,NA,NA,NA,NA,NA,NA,NA,NA,NA,NA,NA,NA,NA,NA,NA,NA,NA,NA,NA,NA,NA,NA,NA,NA,NA,NA,NA,NA,NA,NA,NA,NA,NA,NA,NA,NA,NA,NA,NA,NA,NA,NA,NA,NA,NA,NA,NA,NA,NA,NA,NA,NA,NA,NA,NA,NA,0.812564563166477,0.874387624179006,6.18230610125283,3.59317124969429,NA,NA,NA,NA,NA,NA,NA,NA,NA,NA,NA,NA,NA,NA,NA,"indep = independent given the pilot draw; corr = DGP-implied correlation of the two estimates",NA,NA,NA,NA,NA,NA,NA
"grid","English","joint",NA,NA,3,80,0.83,NA,0.808333333333333,0.0359317124969429,NA,NA,NA,NA,NA,NA,NA,NA,NA,NA,NA,NA,NA,NA,NA,NA,NA,NA,NA,NA,NA,NA,NA,NA,NA,NA,NA,NA,NA,NA,NA,NA,NA,NA,NA,NA,NA,NA,NA,NA,NA,NA,NA,NA,NA,NA,NA,NA,NA,NA,NA,NA,NA,NA,NA,NA,NA,NA,NA,NA,0.812564563166477,0.871109933667765,5.85453705012879,3.59317124969429,NA,NA,NA,NA,NA,NA,NA,NA,NA,NA,NA,NA,NA,NA,NA,"indep = independent given the pilot draw; corr = DGP-implied correlation of the two estimates",NA,NA,NA,NA,NA,NA,NA
"grid","English","joint",NA,NA,3,80,0.84,NA,0.808333333333333,0.0359317124969429,NA,NA,NA,NA,NA,NA,NA,NA,NA,NA,NA,NA,NA,NA,NA,NA,NA,NA,NA,NA,NA,NA,NA,NA,NA,NA,NA,NA,NA,NA,NA,NA,NA,NA,NA,NA,NA,NA,NA,NA,NA,NA,NA,NA,NA,NA,NA,NA,NA,NA,NA,NA,NA,NA,NA,NA,NA,NA,NA,NA,0.812564563166477,0.867807388756232,5.52428255897546,3.59317124969429,NA,NA,NA,NA,NA,NA,NA,NA,NA,NA,NA,NA,NA,NA,NA,"indep = independent given the pilot draw; corr = DGP-implied correlation of the two estimates",NA,NA,NA,NA,NA,NA,NA
"grid","English","joint",NA,NA,3,80,0.85,NA,0.808333333333333,0.0359317124969429,NA,NA,NA,NA,NA,NA,NA,NA,NA,NA,NA,NA,NA,NA,NA,NA,NA,NA,NA,NA,NA,NA,NA,NA,NA,NA,NA,NA,NA,NA,NA,NA,NA,NA,NA,NA,NA,NA,NA,NA,NA,NA,NA,NA,NA,NA,NA,NA,NA,NA,NA,NA,NA,NA,NA,NA,NA,NA,NA,NA,0.812564563166477,0.864481265416295,5.19167022498178,3.59317124969429,NA,NA,NA,NA,NA,NA,NA,NA,NA,NA,NA,NA,NA,NA,NA,"indep = independent given the pilot draw; corr = DGP-implied correlation of the two estimates",NA,NA,NA,NA,NA,NA,NA
"grid","English","joint",NA,NA,3,80,0.86,NA,0.808333333333333,0.0359317124969429,NA,NA,NA,NA,NA,NA,NA,NA,NA,NA,NA,NA,NA,NA,NA,NA,NA,NA,NA,NA,NA,NA,NA,NA,NA,NA,NA,NA,NA,NA,NA,NA,NA,NA,NA,NA,NA,NA,NA,NA,NA,NA,NA,NA,NA,NA,NA,NA,NA,NA,NA,NA,NA,NA,NA,NA,NA,NA,NA,NA,0.812564563166477,0.861132822074753,4.85682589082757,3.59317124969429,NA,NA,NA,NA,NA,NA,NA,NA,NA,NA,NA,NA,NA,NA,NA,"indep = independent given the pilot draw; corr = DGP-implied correlation of the two estimates",NA,NA,NA,NA,NA,NA,NA
"grid","English","joint",NA,NA,3,80,0.87,NA,0.808333333333333,0.0359317124969429,NA,NA,NA,NA,NA,NA,NA,NA,NA,NA,NA,NA,NA,NA,NA,NA,NA,NA,NA,NA,NA,NA,NA,NA,NA,NA,NA,NA,NA,NA,NA,NA,NA,NA,NA,NA,NA,NA,NA,NA,NA,NA,NA,NA,NA,NA,NA,NA,NA,NA,NA,NA,NA,NA,NA,NA,NA,NA,NA,NA,0.812564563166477,0.857763298189818,4.51987350233413,3.59317124969429,NA,NA,NA,NA,NA,NA,NA,NA,NA,NA,NA,NA,NA,NA,NA,"indep = independent given the pilot draw; corr = DGP-implied correlation of the two estimates",NA,NA,NA,NA,NA,NA,NA
"grid","English","joint",NA,NA,3,80,0.88,NA,0.808333333333333,0.0359317124969429,NA,NA,NA,NA,NA,NA,NA,NA,NA,NA,NA,NA,NA,NA,NA,NA,NA,NA,NA,NA,NA,NA,NA,NA,NA,NA,NA,NA,NA,NA,NA,NA,NA,NA,NA,NA,NA,NA,NA,NA,NA,NA,NA,NA,NA,NA,NA,NA,NA,NA,NA,NA,NA,NA,NA,NA,NA,NA,NA,NA,0.812564563166477,0.854373912991498,4.18093498250208,3.59317124969429,NA,NA,NA,NA,NA,NA,NA,NA,NA,NA,NA,NA,NA,NA,NA,"indep = independent given the pilot draw; corr = DGP-implied correlation of the two estimates",NA,NA,NA,NA,NA,NA,NA
"grid","English","joint",NA,NA,3,80,0.89,NA,0.808333333333333,0.0359317124969429,NA,NA,NA,NA,NA,NA,NA,NA,NA,NA,NA,NA,NA,NA,NA,NA,NA,NA,NA,NA,NA,NA,NA,NA,NA,NA,NA,NA,NA,NA,NA,NA,NA,NA,NA,NA,NA,NA,NA,NA,NA,NA,NA,NA,NA,NA,NA,NA,NA,NA,NA,NA,NA,NA,NA,NA,NA,NA,NA,NA,0.812564563166477,0.850965864377887,3.84013012114101,3.59317124969429,NA,NA,NA,NA,NA,NA,NA,NA,NA,NA,NA,NA,NA,NA,NA,"indep = independent given the pilot draw; corr = DGP-implied correlation of the two estimates",NA,NA,NA,NA,NA,NA,NA
"grid","English","joint",NA,NA,3,80,0.9,NA,0.808333333333333,0.0359317124969429,NA,NA,NA,NA,NA,NA,NA,NA,NA,NA,NA,NA,NA,NA,NA,NA,NA,NA,NA,NA,NA,NA,NA,NA,NA,NA,NA,NA,NA,NA,NA,NA,NA,NA,NA,NA,NA,NA,NA,NA,NA,NA,NA,NA,NA,NA,NA,NA,NA,NA,NA,NA,NA,NA,NA,NA,NA,NA,NA,NA,0.812564563166477,0.847540327959196,3.49757647927191,3.59317124969429,NA,NA,NA,NA,NA,NA,NA,NA,NA,NA,NA,NA,NA,NA,NA,"indep = independent given the pilot draw; corr = DGP-implied correlation of the two estimates",NA,NA,NA,NA,NA,NA,NA
"grid","English","joint",NA,NA,3,80,0.91,NA,0.808333333333333,0.0359317124969429,NA,NA,NA,NA,NA,NA,NA,NA,NA,NA,NA,NA,NA,NA,NA,NA,NA,NA,NA,NA,NA,NA,NA,NA,NA,NA,NA,NA,NA,NA,NA,NA,NA,NA,NA,NA,NA,NA,NA,NA,NA,NA,NA,NA,NA,NA,NA,NA,NA,NA,NA,NA,NA,NA,NA,NA,NA,NA,NA,NA,0.812564563166477,0.844098456241177,3.15338930746996,3.59317124969429,NA,NA,NA,NA,NA,NA,NA,NA,NA,NA,NA,NA,NA,NA,NA,"indep = independent given the pilot draw; corr = DGP-implied correlation of the two estimates",NA,NA,NA,NA,NA,NA,NA
"grid","English","joint",NA,NA,3,80,0.92,NA,0.808333333333333,0.0359317124969429,NA,NA,NA,NA,NA,NA,NA,NA,NA,NA,NA,NA,NA,NA,NA,NA,NA,NA,NA,NA,NA,NA,NA,NA,NA,NA,NA,NA,NA,NA,NA,NA,NA,NA,NA,NA,NA,NA,NA,NA,NA,NA,NA,NA,NA,NA,NA,NA,NA,NA,NA,NA,NA,NA,NA,NA,NA,NA,NA,NA,0.812564563166477,0.840641377939564,2.80768147730871,3.59317124969429,NA,NA,NA,NA,NA,NA,NA,NA,NA,NA,NA,NA,NA,NA,NA,"indep = independent given the pilot draw; corr = DGP-implied correlation of the two estimates",NA,NA,NA,NA,NA,NA,NA
"grid","English","joint",NA,NA,3,80,0.93,NA,0.808333333333333,0.0359317124969429,NA,NA,NA,NA,NA,NA,NA,NA,NA,NA,NA,NA,NA,NA,NA,NA,NA,NA,NA,NA,NA,NA,NA,NA,NA,NA,NA,NA,NA,NA,NA,NA,NA,NA,NA,NA,NA,NA,NA,NA,NA,NA,NA,NA,NA,NA,NA,NA,NA,NA,NA,NA,NA,NA,NA,NA,NA,NA,NA,NA,0.812564563166477,0.837170197417168,2.46056342506912,3.59317124969429,NA,NA,NA,NA,NA,NA,NA,NA,NA,NA,NA,NA,NA,NA,NA,"indep = independent given the pilot draw; corr = DGP-implied correlation of the two estimates",NA,NA,NA,NA,NA,NA,NA
"grid","English","joint",NA,NA,3,80,0.94,NA,0.808333333333333,0.0359317124969429,NA,NA,NA,NA,NA,NA,NA,NA,NA,NA,NA,NA,NA,NA,NA,NA,NA,NA,NA,NA,NA,NA,NA,NA,NA,NA,NA,NA,NA,NA,NA,NA,NA,NA,NA,NA,NA,NA,NA,NA,NA,NA,NA,NA,NA,NA,NA,NA,NA,NA,NA,NA,NA,NA,NA,NA,NA,NA,NA,NA,0.812564563166477,0.833685994235313,2.11214310688355,3.59317124969429,NA,NA,NA,NA,NA,NA,NA,NA,NA,NA,NA,NA,NA,NA,NA,"indep = independent given the pilot draw; corr = DGP-implied correlation of the two estimates",NA,NA,NA,NA,NA,NA,NA
"grid","English","joint",NA,NA,3,80,0.95,NA,0.808333333333333,0.0359317124969429,NA,NA,NA,NA,NA,NA,NA,NA,NA,NA,NA,NA,NA,NA,NA,NA,NA,NA,NA,NA,NA,NA,NA,NA,NA,NA,NA,NA,NA,NA,NA,NA,NA,NA,NA,NA,NA,NA,NA,NA,NA,NA,NA,NA,NA,NA,NA,NA,NA,NA,NA,NA,NA,NA,NA,NA,NA,NA,NA,NA,0.812564563166477,0.830189822811464,1.76252596449866,3.59317124969429,NA,NA,NA,NA,NA,NA,NA,NA,NA,NA,NA,NA,NA,NA,NA,"indep = independent given the pilot draw; corr = DGP-implied correlation of the two estimates",NA,NA,NA,NA,NA,NA,NA
"grid","English","joint",NA,NA,3,80,0.96,NA,0.808333333333333,0.0359317124969429,NA,NA,NA,NA,NA,NA,NA,NA,NA,NA,NA,NA,NA,NA,NA,NA,NA,NA,NA,NA,NA,NA,NA,NA,NA,NA,NA,NA,NA,NA,NA,NA,NA,NA,NA,NA,NA,NA,NA,NA,NA,NA,NA,NA,NA,NA,NA,NA,NA,NA,NA,NA,NA,NA,NA,NA,NA,NA,NA,NA,0.812564563166477,0.826682712175064,1.41181490085863,3.59317124969429,NA,NA,NA,NA,NA,NA,NA,NA,NA,NA,NA,NA,NA,NA,NA,"indep = independent given the pilot draw; corr = DGP-implied correlation of the two estimates",NA,NA,NA,NA,NA,NA,NA
"grid","English","joint",NA,NA,3,80,0.97,NA,0.808333333333333,0.0359317124969429,NA,NA,NA,NA,NA,NA,NA,NA,NA,NA,NA,NA,NA,NA,NA,NA,NA,NA,NA,NA,NA,NA,NA,NA,NA,NA,NA,NA,NA,NA,NA,NA,NA,NA,NA,NA,NA,NA,NA,NA,NA,NA,NA,NA,NA,NA,NA,NA,NA,NA,NA,NA,NA,NA,NA,NA,NA,NA,NA,NA,0.812564563166477,0.823165665813793,1.06011026473155,3.59317124969429,NA,NA,NA,NA,NA,NA,NA,NA,NA,NA,NA,NA,NA,NA,NA,"indep = independent given the pilot draw; corr = DGP-implied correlation of the two estimates",NA,NA,NA,NA,NA,NA,NA
"grid","English","joint",NA,NA,3,80,0.98,NA,0.808333333333333,0.0359317124969429,NA,NA,NA,NA,NA,NA,NA,NA,NA,NA,NA,NA,NA,NA,NA,NA,NA,NA,NA,NA,NA,NA,NA,NA,NA,NA,NA,NA,NA,NA,NA,NA,NA,NA,NA,NA,NA,NA,NA,NA,NA,NA,NA,NA,NA,NA,NA,NA,NA,NA,NA,NA,NA,NA,NA,NA,NA,NA,NA,NA,0.812564563166477,0.819639661602744,0.70750984362673,3.59317124969429,NA,NA,NA,NA,NA,NA,NA,NA,NA,NA,NA,NA,NA,NA,NA,"indep = independent given the pilot draw; corr = DGP-implied correlation of the two estimates",NA,NA,NA,NA,NA,NA,NA
"grid","English","joint",NA,NA,3,80,0.99,NA,0.808333333333333,0.0359317124969429,NA,NA,NA,NA,NA,NA,NA,NA,NA,NA,NA,NA,NA,NA,NA,NA,NA,NA,NA,NA,NA,NA,NA,NA,NA,NA,NA,NA,NA,NA,NA,NA,NA,NA,NA,NA,NA,NA,NA,NA,NA,NA,NA,NA,NA,NA,NA,NA,NA,NA,NA,NA,NA,NA,NA,NA,NA,NA,NA,NA,0.812564563166477,0.816105651809261,0.35410886427838,3.59317124969429,NA,NA,NA,NA,NA,NA,NA,NA,NA,NA,NA,NA,NA,NA,NA,"indep = independent given the pilot draw; corr = DGP-implied correlation of the two estimates",NA,NA,NA,NA,NA,NA,NA
"grid","English","joint",NA,NA,3,80,1,NA,0.808333333333333,0.0359317124969429,NA,NA,NA,NA,NA,NA,NA,NA,NA,NA,NA,NA,NA,NA,NA,NA,NA,NA,NA,NA,NA,NA,NA,NA,NA,NA,NA,NA,NA,NA,NA,NA,NA,NA,NA,NA,NA,NA,NA,NA,NA,NA,NA,NA,NA,NA,NA,NA,NA,NA,NA,NA,NA,NA,NA,NA,NA,NA,NA,NA,0.812564563166477,0.812564563166477,0,3.59317124969429,NA,NA,NA,NA,NA,NA,NA,NA,NA,NA,NA,NA,NA,NA,NA,"indep = independent given the pilot draw; corr = DGP-implied correlation of the two estimates",NA,NA,NA,NA,NA,NA,NA
"grid","Turkish","h1a",NA,NA,10,80,0.7,NA,0.75,0.0395284707521047,NA,NA,NA,NA,NA,0.150129669957844,NA,NA,NA,NA,NA,NA,NA,NA,NA,NA,NA,NA,NA,NA,NA,NA,NA,NA,NA,NA,NA,NA,NA,NA,NA,NA,NA,NA,NA,NA,NA,NA,NA,NA,NA,NA,NA,NA,NA,NA,NA,NA,NA,NA,NA,NA,NA,NA,NA,NA,NA,0.159215429362055,0.111450800553438,"near ceiling: MC interval reaches the verb floor",0.75,0.868332481720848,11.8332481720848,3.95284707521047,2.99360130734497,Inf,Inf,Inf,Inf,0.168861720832841,0.724887001269258,0.853073627407506,12.8186626138248,Inf,3200,Inf,NA,NA,NA,NA,NA,NA,NA,NA,NA,NA,NA
"grid","Turkish","h1a",NA,NA,10,80,0.71,NA,0.75,0.0395284707521047,NA,NA,NA,NA,NA,0.150129669957844,NA,NA,NA,NA,NA,NA,NA,NA,NA,NA,NA,NA,NA,NA,NA,NA,NA,NA,NA,NA,NA,NA,NA,NA,NA,NA,NA,NA,NA,NA,NA,NA,NA,NA,NA,NA,NA,NA,NA,NA,NA,NA,NA,NA,NA,NA,NA,NA,NA,NA,NA,0.159215429362055,0.113042954847059,"near ceiling: MC interval reaches the verb floor",0.75,0.864801664986313,11.4801664986313,3.95284707521047,2.90427792429082,Inf,Inf,Inf,Inf,0.168861720832841,0.724887001269258,0.84914698630712,12.4259985037862,Inf,3200,Inf,NA,NA,NA,NA,NA,NA,NA,NA,NA,NA,NA
"grid","Turkish","h1a",NA,NA,10,80,0.72,NA,0.75,0.0395284707521047,NA,NA,NA,NA,NA,0.150129669957844,NA,NA,NA,NA,NA,NA,NA,NA,NA,NA,NA,NA,NA,NA,NA,NA,NA,NA,NA,NA,NA,NA,NA,NA,NA,NA,NA,NA,NA,NA,NA,NA,NA,NA,NA,NA,NA,NA,NA,NA,NA,NA,NA,NA,NA,NA,NA,NA,NA,NA,NA,0.159215429362055,0.114635109140679,"near ceiling: MC interval reaches the verb floor",0.75,0.861228436657498,11.1228436657497,3.95284707521047,2.81388160333966,Inf,Inf,Inf,Inf,0.168861720832841,0.724887001269258,0.845179459674399,12.0292458405141,Inf,3200,Inf,NA,NA,NA,NA,NA,NA,NA,NA,NA,NA,NA
"grid","Turkish","h1a",NA,NA,10,80,0.73,NA,0.75,0.0395284707521047,NA,NA,NA,NA,NA,0.150129669957844,NA,NA,NA,NA,NA,NA,NA,NA,NA,NA,NA,NA,NA,NA,NA,NA,NA,NA,NA,NA,NA,NA,NA,NA,NA,NA,NA,NA,NA,NA,NA,NA,NA,NA,NA,NA,NA,NA,NA,NA,NA,NA,NA,NA,NA,NA,NA,NA,NA,NA,NA,0.159215429362055,0.1162272634343,"near ceiling: MC interval reaches the verb floor",0.75,0.857614147285201,10.7614147285201,3.95284707521047,2.72244651102448,Inf,Inf,Inf,Inf,0.168861720832841,0.724887001269258,0.841172826724372,11.6285825455114,Inf,3200,Inf,NA,NA,NA,NA,NA,NA,NA,NA,NA,NA,NA
"grid","Turkish","h1a",NA,NA,10,80,0.74,NA,0.75,0.0395284707521047,NA,NA,NA,NA,NA,0.150129669957844,NA,NA,NA,NA,NA,NA,NA,NA,NA,NA,NA,NA,NA,NA,NA,NA,NA,NA,NA,NA,NA,NA,NA,NA,NA,NA,NA,NA,NA,NA,NA,NA,NA,NA,NA,NA,NA,NA,NA,NA,NA,NA,NA,NA,NA,NA,NA,NA,NA,NA,NA,0.159215429362055,0.117819417727921,"near ceiling: MC interval reaches the verb floor",0.75,0.853960185927175,10.3960185927175,3.95284707521047,2.63000778803565,Inf,Inf,Inf,Inf,0.168861720832841,0.724887001269258,0.837128895435065,11.2241894165808,Inf,3200,Inf,NA,NA,NA,NA,NA,NA,NA,NA,NA,NA,NA
"grid","Turkish","h1a",NA,NA,10,80,0.75,NA,0.75,0.0395284707521047,NA,NA,NA,NA,NA,0.150129669957844,NA,NA,NA,NA,NA,NA,NA,NA,NA,NA,NA,NA,NA,NA,NA,NA,NA,NA,NA,NA,NA,NA,NA,NA,NA,NA,NA,NA,NA,NA,NA,NA,NA,NA,NA,NA,NA,NA,NA,NA,NA,NA,NA,NA,NA,NA,NA,NA,NA,NA,NA,0.159215429362055,0.119411572021541,"near ceiling: MC interval reaches the verb floor",0.75,0.850267976595366,10.0267976595366,3.95284707521047,2.53660145934249,Inf,Inf,Inf,Inf,0.168861720832841,0.724887001269258,0.833049497688678,10.816249641942,Inf,3200,Inf,NA,NA,NA,NA,NA,NA,NA,NA,NA,NA,NA
"grid","Turkish","h1a",NA,NA,10,80,0.76,NA,0.75,0.0395284707521047,NA,NA,NA,NA,NA,0.150129669957844,NA,NA,NA,NA,NA,NA,NA,NA,NA,NA,NA,NA,NA,NA,NA,NA,NA,NA,NA,NA,NA,NA,NA,NA,NA,NA,NA,NA,NA,NA,NA,NA,NA,NA,NA,NA,NA,NA,NA,NA,NA,NA,NA,NA,NA,NA,NA,NA,NA,NA,NA,0.159215429362055,0.121003726315162,"near ceiling: MC interval reaches the verb floor",0.75,0.846538974645043,9.65389746450432,3.95284707521047,2.44226434284465,Inf,Inf,Inf,Inf,0.168861720832841,0.724887001269258,0.82893648447744,10.4049483208182,Inf,3200,Inf,NA,NA,NA,NA,NA,NA,NA,NA,NA,NA,NA
"grid","Turkish","h1a",NA,NA,10,80,0.77,NA,0.75,0.0395284707521047,NA,NA,NA,NA,NA,0.150129669957844,NA,NA,NA,NA,NA,NA,NA,NA,NA,NA,NA,NA,NA,NA,NA,NA,NA,NA,NA,NA,NA,NA,NA,NA,NA,NA,NA,NA,NA,NA,NA,NA,NA,NA,NA,NA,NA,NA,NA,NA,NA,NA,NA,NA,NA,NA,NA,NA,NA,NA,NA,0.159215429362055,0.122595880608782,"near ceiling: MC interval reaches the verb floor",0.75,0.842774663132236,9.27746631322359,3.95284707521047,2.34703395722173,Inf,Inf,Inf,Inf,0.168861720832841,0.724887001269258,0.82479172120187,9.99047199326117,Inf,3200,Inf,NA,NA,NA,NA,NA,NA,NA,NA,NA,NA,NA
"grid","Turkish","h1a",NA,NA,10,80,0.78,NA,0.75,0.0395284707521047,NA,NA,NA,NA,NA,0.150129669957844,NA,NA,NA,NA,NA,NA,NA,NA,NA,NA,NA,NA,NA,NA,NA,NA,NA,NA,NA,NA,NA,NA,NA,NA,NA,NA,NA,NA,NA,NA,NA,NA,NA,NA,NA,NA,NA,NA,NA,NA,NA,NA,NA,NA,NA,NA,NA,NA,NA,NA,NA,0.159215429362055,0.124188034902403,"near ceiling: MC interval reaches the verb floor",0.75,0.838976549164233,8.89765491642329,3.95284707521047,2.25094842960742,Inf,Inf,Inf,Inf,0.168861720832841,0.724887001269258,0.820617083086126,9.57300818168681,Inf,3200,Inf,NA,NA,NA,NA,NA,NA,NA,NA,NA,NA,NA
"grid","Turkish","h1a",NA,NA,10,80,0.79,NA,0.75,0.0395284707521047,NA,NA,NA,NA,NA,0.150129669957844,NA,NA,NA,NA,NA,NA,NA,NA,NA,NA,NA,NA,NA,NA,NA,NA,NA,NA,NA,NA,NA,NA,NA,NA,NA,NA,NA,NA,NA,NA,NA,NA,NA,NA,NA,NA,NA,NA,NA,NA,NA,NA,NA,NA,NA,NA,NA,NA,NA,NA,NA,0.159215429362055,0.125780189196023,"near ceiling: MC interval reaches the verb floor",0.75,0.835146160266117,8.51461602661168,3.95284707521047,2.15404640366926,Inf,Inf,Inf,Inf,0.168861720832841,0.724887001269258,0.816414450732144,9.15274494628859,Inf,3200,Inf,NA,NA,NA,NA,NA,NA,NA,NA,NA,NA,NA
"grid","Turkish","h1a",NA,NA,10,80,0.8,NA,0.75,0.0395284707521047,NA,NA,NA,NA,NA,0.150129669957844,NA,NA,NA,NA,NA,NA,NA,NA,NA,NA,NA,NA,NA,NA,NA,NA,NA,NA,NA,NA,NA,NA,NA,NA,NA,NA,NA,NA,NA,NA,NA,NA,NA,NA,NA,NA,NA,NA,NA,NA,NA,NA,NA,NA,NA,NA,NA,NA,NA,NA,NA,0.159215429362055,0.127372343489644,"near ceiling: MC interval reaches the verb floor",0.75,0.831285040784443,8.12850407844427,3.95284707521047,2.05636694862815,Inf,Inf,Inf,Inf,0.168861720832841,0.724887001269258,0.812185705831334,8.72987045620757,Inf,3200,Inf,NA,NA,NA,NA,NA,NA,NA,NA,NA,NA,NA
"grid","Turkish","h1a",NA,NA,10,80,0.81,NA,0.75,0.0395284707521047,NA,NA,NA,NA,NA,0.150129669957844,NA,NA,NA,NA,NA,NA,NA,NA,NA,NA,NA,NA,NA,NA,NA,NA,NA,NA,NA,NA,NA,NA,NA,NA,NA,NA,NA,NA,NA,NA,NA,NA,NA,NA,NA,NA,NA,NA,NA,NA,NA,NA,NA,NA,NA,NA,NA,NA,NA,NA,NA,0.159215429362055,0.128964497783264,"near ceiling: MC interval reaches the verb floor",0.75,0.82739474834729,7.73947483472895,3.95284707521047,1.9579494697039,Inf,Inf,Inf,Inf,0.168861720832841,0.724887001269258,0.8079327270498,8.30457257805426,Inf,3200,Inf,NA,NA,NA,NA,NA,NA,NA,NA,NA,NA,NA
"grid","Turkish","h1a",NA,NA,10,80,0.82,NA,0.75,0.0395284707521047,NA,NA,NA,NA,NA,0.150129669957844,NA,NA,NA,NA,NA,NA,NA,NA,NA,NA,NA,NA,NA,NA,NA,NA,NA,NA,NA,NA,NA,NA,NA,NA,NA,NA,NA,NA,NA,NA,NA,NA,NA,NA,NA,NA,NA,NA,NA,NA,NA,NA,NA,NA,NA,NA,NA,NA,NA,NA,NA,0.159215429362055,0.130556652076885,"near ceiling: MC interval reaches the verb floor",0.75,0.823476850398007,7.34768503980073,3.95284707521047,1.85883362042522,Inf,Inf,Inf,Inf,0.168861720832841,0.724887001269258,0.803657386100324,7.87703848310666,Inf,3200,Inf,NA,NA,NA,NA,NA,NA,NA,NA,NA,NA,NA
"grid","Turkish","h1a",NA,NA,10,80,0.83,NA,0.75,0.0395284707521047,NA,NA,NA,NA,NA,0.150129669957844,NA,NA,NA,NA,NA,NA,NA,NA,NA,NA,NA,NA,NA,NA,NA,NA,NA,NA,NA,NA,NA,NA,NA,NA,NA,NA,NA,NA,NA,NA,NA,NA,NA,NA,NA,NA,NA,NA,NA,NA,NA,NA,NA,NA,NA,NA,NA,NA,NA,NA,NA,0.159215429362055,0.132148806370505,"near ceiling: MC interval reaches the verb floor",0.75,0.819532920818103,6.95329208181026,3.95284707521047,1.75905921719474,Inf,Inf,Inf,Inf,0.168861720832841,0.724887001269258,0.79936154401178,7.4474542742522,Inf,3200,Inf,NA,NA,NA,NA,NA,NA,NA,NA,NA,NA,NA
"grid","Turkish","h1a",NA,NA,10,80,0.84,NA,0.75,0.0395284707521047,NA,NA,NA,NA,NA,0.150129669957844,NA,NA,NA,NA,NA,NA,NA,NA,NA,NA,NA,NA,NA,NA,NA,NA,NA,NA,NA,NA,NA,NA,NA,NA,NA,NA,NA,NA,NA,NA,NA,NA,NA,NA,NA,NA,NA,NA,NA,NA,NA,NA,NA,NA,NA,NA,NA,NA,NA,NA,NA,0.159215429362055,0.133740960664126,"near ceiling: MC interval reaches the verb floor",0.75,0.815564536652851,6.55645366528511,3.95284707521047,1.65866615645282,Inf,Inf,Inf,Inf,0.168861720832841,0.724887001269258,0.795047047604245,7.01600463349876,Inf,3200,Inf,NA,NA,NA,NA,NA,NA,NA,NA,NA,NA,NA
"grid","Turkish","h1a",NA,NA,10,80,0.85,NA,0.75,0.0395284707521047,NA,NA,NA,NA,NA,0.150129669957844,NA,NA,NA,NA,NA,NA,NA,NA,NA,NA,NA,NA,NA,NA,NA,NA,NA,NA,NA,NA,NA,NA,NA,NA,NA,NA,NA,NA,NA,NA,NA,NA,NA,NA,NA,NA,NA,NA,NA,NA,NA,NA,NA,NA,NA,NA,NA,NA,NA,NA,NA,0.159215429362055,0.135333114957747,"near ceiling: MC interval reaches the verb floor",0.75,0.811573274951424,6.15732749514236,3.95284707521047,1.55769433473834,Inf,Inf,Inf,Inf,0.168861720832841,0.724887001269258,0.7907157261758,6.58287249065419,Inf,3200,Inf,NA,NA,NA,NA,NA,NA,NA,NA,NA,NA,NA
"grid","Turkish","h1a",NA,NA,10,80,0.86,NA,0.75,0.0395284707521047,NA,NA,NA,NA,NA,0.150129669957844,NA,NA,NA,NA,NA,NA,NA,NA,NA,NA,NA,NA,NA,NA,NA,NA,NA,NA,NA,NA,NA,NA,NA,NA,NA,NA,NA,NA,NA,NA,NA,NA,NA,NA,NA,NA,NA,NA,NA,NA,NA,NA,NA,NA,NA,NA,NA,NA,NA,NA,NA,0.159215429362055,0.136925269251367,"near ceiling: MC interval reaches the verb floor",0.75,0.807560709731566,5.75607097315658,3.95284707521047,1.45618357190054,Inf,Inf,Inf,Inf,0.168861720832841,0.724887001269258,0.786369388404899,6.14823871356412,Inf,3200,Inf,NA,NA,NA,NA,NA,NA,NA,NA,NA,NA,NA
"grid","Turkish","h1a",NA,NA,10,80,0.87,NA,0.75,0.0395284707521047,NA,NA,NA,NA,NA,0.150129669957844,NA,NA,NA,NA,NA,NA,NA,NA,NA,NA,NA,NA,NA,NA,NA,NA,NA,NA,NA,NA,NA,NA,NA,NA,NA,NA,NA,NA,NA,NA,NA,NA,NA,NA,NA,NA,NA,NA,NA,NA,NA,NA,NA,NA,NA,NA,NA,NA,NA,NA,NA,0.159215429362055,0.138517423544988,"near ceiling: MC interval reaches the verb floor",0.75,0.803528409077206,5.35284090772059,3.95284707521047,1.35417353767362,Inf,Inf,Inf,Inf,0.168861720832841,0.724887001269258,0.782009819470326,5.71228182010679,Inf,3200,Inf,NA,NA,NA,NA,NA,NA,NA,NA,NA,NA,NA
"grid","Turkish","h1a",NA,NA,10,80,0.88,NA,0.75,0.0395284707521047,NA,NA,NA,NA,NA,0.150129669957844,NA,NA,NA,NA,NA,NA,NA,NA,NA,NA,NA,NA,NA,NA,NA,NA,NA,NA,NA,NA,NA,NA,NA,NA,NA,NA,NA,NA,NA,NA,NA,NA,NA,NA,NA,NA,NA,NA,NA,NA,NA,NA,NA,NA,NA,NA,NA,NA,NA,NA,NA,0.159215429362055,0.140109577838608,"near ceiling: MC interval reaches the verb floor",0.75,0.799477932375774,4.94779323757743,3.95284707521047,1.25170368178586,Inf,Inf,Inf,Inf,0.168861720832841,0.724887001269258,0.777638778388948,5.27517771196903,Inf,3200,Inf,NA,NA,NA,NA,NA,NA,NA,NA,NA,NA,NA
"grid","Turkish","h1a",NA,NA,10,80,0.89,NA,0.75,0.0395284707521047,NA,NA,NA,NA,NA,0.150129669957844,NA,NA,NA,NA,NA,NA,NA,NA,NA,NA,NA,NA,NA,NA,NA,NA,NA,NA,NA,NA,NA,NA,NA,NA,NA,NA,NA,NA,NA,NA,NA,NA,NA,NA,NA,NA,NA,NA,NA,NA,NA,NA,NA,NA,NA,NA,NA,NA,NA,NA,NA,0.159215429362055,0.141701732132229,"near ceiling: MC interval reaches the verb floor",0.75,0.795410827700518,4.54108277005183,3.95284707521047,1.14881316773684,Inf,Inf,Inf,Inf,0.168861720832841,0.724887001269258,0.773257995569975,4.83709943007169,10038.303567495,3200,Inf,NA,NA,NA,NA,NA,NA,NA,NA,NA,NA,NA
"grid","Turkish","h1a",NA,NA,10,80,0.9,NA,0.75,0.0395284707521047,NA,NA,NA,NA,NA,0.150129669957844,NA,NA,NA,NA,NA,NA,NA,NA,NA,NA,NA,NA,NA,NA,NA,NA,NA,NA,NA,NA,NA,NA,NA,NA,NA,NA,NA,NA,NA,NA,NA,NA,NA,NA,NA,NA,NA,NA,NA,NA,NA,NA,NA,NA,NA,NA,NA,NA,NA,NA,NA,0.159215429362055,0.143293886425849,"near ceiling: MC interval reaches the verb floor",0.75,0.791328629341697,4.13286293416967,3.95284707521047,1.04554081034101,Inf,Inf,Inf,Inf,0.168861720832841,0.724887001269258,0.768869170582994,4.3982169313736,777.221135092553,3200,Inf,NA,NA,NA,NA,NA,NA,NA,NA,NA,NA,NA
"grid","Turkish","h1a",NA,NA,10,80,0.91,NA,0.75,0.0395284707521047,NA,NA,NA,NA,NA,0.150129669957844,NA,NA,NA,NA,NA,NA,NA,NA,NA,NA,NA,NA,NA,NA,NA,NA,NA,NA,NA,NA,NA,NA,NA,NA,NA,NA,NA,NA,NA,NA,NA,NA,NA,NA,NA,NA,NA,NA,NA,NA,NA,NA,NA,NA,NA,NA,NA,NA,NA,NA,NA,0.159215429362055,0.14488604071947,"near ceiling: MC interval reaches the verb floor",0.75,0.78723285548923,3.72328554892299,3.95284707521047,0.941925017102956,Inf,Inf,2132.61628705066,2052.61628705066,0.168861720832841,0.724887001269258,0.764473970135872,3.95869688666142,365.192485925231,3200,Inf,NA,NA,NA,NA,NA,NA,NA,NA,NA,NA,NA
"grid","Turkish","h1a",NA,NA,10,80,0.92,NA,0.75,0.0395284707521047,NA,NA,NA,NA,NA,0.150129669957844,NA,NA,NA,NA,NA,NA,NA,NA,NA,NA,NA,NA,NA,NA,NA,NA,NA,NA,NA,NA,NA,NA,NA,NA,NA,NA,NA,NA,NA,NA,NA,NA,NA,NA,NA,NA,NA,NA,NA,NA,NA,NA,NA,NA,NA,NA,NA,NA,NA,NA,NA,0.159215429362055,0.14647819501309,"near ceiling: MC interval reaches the verb floor",0.75,0.783125006068187,3.31250060681865,3.95284707521047,0.838003733458945,Inf,Inf,571.525068211492,491.525068211492,0.168861720832841,0.724887001269258,0.76007402625753,3.5187024988272,219.597764999339,3200,Inf,NA,NA,NA,NA,NA,NA,NA,NA,NA,NA,NA
"grid","Turkish","h1a",NA,NA,10,80,0.93,NA,0.75,0.0395284707521047,NA,NA,NA,NA,NA,0.150129669957844,NA,NA,NA,NA,NA,NA,NA,NA,NA,NA,NA,NA,NA,NA,NA,NA,NA,NA,NA,NA,NA,NA,NA,NA,NA,NA,NA,NA,NA,NA,NA,NA,NA,NA,NA,NA,NA,NA,NA,NA,NA,NA,NA,NA,NA,NA,NA,NA,NA,NA,NA,0.159215429362055,0.148070349306711,"near ceiling: MC interval reaches the verb floor",0.75,0.779006560727385,2.90065607273844,3.95284707521047,0.733814391892201,Inf,Inf,328.461242490033,248.461242490033,0.168861720832841,0.724887001269258,0.755670934679713,3.07839334104555,145.157893045553,3200,Inf,NA,NA,NA,NA,NA,NA,NA,NA,NA,NA,NA
"grid","Turkish","h1a",NA,NA,10,80,0.94,NA,0.75,0.0395284707521047,NA,NA,NA,NA,NA,0.150129669957844,NA,NA,NA,NA,NA,NA,NA,NA,NA,NA,NA,NA,NA,NA,NA,NA,NA,NA,NA,NA,NA,NA,NA,NA,NA,NA,NA,NA,NA,NA,NA,NA,NA,NA,NA,NA,NA,NA,NA,NA,NA,NA,NA,NA,NA,NA,NA,NA,NA,NA,NA,0.159215429362055,0.149662503600332,"near ceiling: MC interval reaches the verb floor",0.75,0.774878976980402,2.48789769804015,3.95284707521047,0.629393864903737,Inf,Inf,229.711231391441,149.711231391441,0.168861720832841,0.724887001269258,0.751266253411126,2.6379252141868,99.9604391325436,3200,Inf,NA,NA,NA,NA,NA,NA,NA,NA,NA,NA,NA
"grid","Turkish","h1a",NA,NA,10,80,0.95,NA,0.75,0.0395284707521047,NA,NA,NA,NA,NA,0.150129669957844,NA,NA,NA,NA,NA,NA,NA,NA,NA,NA,NA,NA,NA,NA,NA,NA,NA,NA,NA,NA,NA,NA,NA,NA,NA,NA,NA,NA,NA,NA,NA,NA,NA,NA,NA,NA,NA,NA,NA,NA,NA,NA,NA,NA,NA,NA,NA,NA,NA,NA,NA,0.159215429362055,0.151254657893952,"near ceiling: MC interval reaches the verb floor",0.75,0.770743688497393,2.07436884973927,3.95284707521047,0.524778421798374,663.171614884769,583.171614884769,176.177864275229,96.1778642752293,0.168861720832841,0.724887001269258,0.74686150149667,2.19745002274122,69.6075228357574,3200,13263.4322976954,NA,NA,NA,NA,NA,NA,NA,NA,NA,NA,NA
"grid","Turkish","h1a",NA,NA,10,80,0.96,NA,0.75,0.0395284707521047,NA,NA,NA,NA,NA,0.150129669957844,NA,NA,NA,NA,NA,NA,NA,NA,NA,NA,NA,NA,NA,NA,NA,NA,NA,NA,NA,NA,NA,NA,NA,NA,NA,NA,NA,NA,NA,NA,NA,NA,NA,NA,NA,NA,NA,NA,NA,NA,NA,NA,NA,NA,NA,NA,NA,NA,NA,NA,NA,0.159215429362055,0.152846812187573,"near ceiling: MC interval reaches the verb floor",0.75,0.766602103545328,1.66021035453283,3.95284707521047,0.420003689225552,273.132367098953,193.132367098953,142.594971414431,62.5949714144314,0.168861720832841,0.724887001269258,0.74245815795406,1.75711566848022,47.8206042993953,3200,5462.64734197907,NA,NA,NA,NA,NA,NA,NA,NA,NA,NA,NA
"grid","Turkish","h1a",NA,NA,10,80,0.97,NA,0.75,0.0395284707521047,NA,NA,NA,NA,NA,0.150129669957844,NA,NA,NA,NA,NA,NA,NA,NA,NA,NA,NA,NA,NA,NA,NA,NA,NA,NA,NA,NA,NA,NA,NA,NA,NA,NA,NA,NA,NA,NA,NA,NA,NA,NA,NA,NA,NA,NA,NA,NA,NA,NA,NA,NA,NA,NA,NA,NA,NA,NA,NA,0.159215429362055,0.154438966481193,"near ceiling: MC interval reaches the verb floor",0.75,0.762455603573578,1.24556035735778,3.95284707521047,0.315104615397107,171.317962869788,91.3179628697881,119.564938904154,39.5649389041535,0.168861720832841,0.724887001269258,0.738057660879688,1.31706596104306,31.4242913167852,3200,3426.35925739576,NA,NA,NA,NA,NA,NA,NA,NA,NA,NA,NA
"grid","Turkish","h1a",NA,NA,10,80,0.98,NA,0.75,0.0395284707521047,NA,NA,NA,NA,NA,0.150129669957844,NA,NA,NA,NA,NA,NA,NA,NA,NA,NA,NA,NA,NA,NA,NA,NA,NA,NA,NA,NA,NA,NA,NA,NA,NA,NA,NA,NA,NA,NA,NA,NA,NA,NA,NA,NA,NA,NA,NA,NA,NA,NA,NA,NA,NA,NA,NA,NA,NA,NA,NA,0.159215429362055,0.156031120774814,"near ceiling: MC interval reaches the verb floor",0.75,0.758305541941162,0.830554194116229,3.95284707521047,0.210115437889032,124.447477085397,44.447477085397,102.791409173866,22.7914091738661,0.168861720832841,0.724887001269258,0.733661406715368,0.877440544610997,18.6400249933359,3200,2488.94954170794,NA,NA,NA,NA,NA,NA,NA,NA,NA,NA,NA
"grid","Turkish","h1a",NA,NA,10,80,0.99,NA,0.75,0.0395284707521047,NA,NA,NA,NA,NA,0.150129669957844,NA,NA,NA,NA,NA,NA,NA,NA,NA,NA,NA,NA,NA,NA,NA,NA,NA,NA,NA,NA,NA,NA,NA,NA,NA,NA,NA,NA,NA,NA,NA,NA,NA,NA,NA,NA,NA,NA,NA,NA,NA,NA,NA,NA,NA,NA,NA,NA,NA,NA,NA,0.159215429362055,0.157623275068434,"near ceiling: MC interval reaches the verb floor",0.75,0.754153242781495,0.41532427814952,3.95284707521047,0.105069654921423,97.4992867261039,17.4992867261039,90.0315222805601,10.0315222805601,0.168861720832841,0.724887001269258,0.72927074966739,0.438374839813227,8.39410740652171,3200,1949.98573452208,NA,NA,NA,NA,NA,NA,NA,NA,NA,NA,NA
"grid","Turkish","h1a",NA,NA,10,80,1,NA,0.75,0.0395284707521047,NA,NA,NA,NA,NA,0.150129669957844,NA,NA,NA,NA,NA,NA,NA,NA,NA,NA,NA,NA,NA,NA,NA,NA,NA,NA,NA,NA,NA,NA,NA,NA,NA,NA,NA,NA,NA,NA,NA,NA,NA,NA,NA,NA,NA,NA,NA,NA,NA,NA,NA,NA,NA,NA,NA,NA,NA,NA,NA,0.159215429362055,0.159215429362055,"near ceiling: MC interval reaches the verb floor",0.75,0.75,0,3.95284707521047,0,80,0,80,0,0.168861720832841,0.724887001269258,0.724887001269258,0,0,3200,1600,NA,NA,NA,NA,NA,NA,NA,NA,NA,NA,NA
"grid","Turkish","h1b",NA,NA,10,80,0.7,NA,0.566666666666667,0.0452360066351606,NA,NA,NA,NA,NA,0.150175861352492,NA,NA,NA,NA,NA,NA,NA,NA,NA,NA,NA,NA,NA,NA,NA,NA,NA,NA,NA,NA,NA,NA,NA,NA,NA,NA,NA,NA,NA,NA,NA,NA,NA,NA,NA,NA,NA,NA,NA,NA,NA,NA,NA,NA,NA,NA,NA,NA,NA,NA,NA,0.184579800717107,0.129205860501975,"near ceiling: MC interval reaches the verb floor",0.56666666666691,0.703337665491998,13.6670998825087,4.52360066351606,3.02128788527626,Inf,Inf,Inf,Inf,0.190158596547737,0.554272089890469,0.693198426136648,13.892633624618,Inf,3200,Inf,NA,NA,NA,NA,NA,NA,NA,NA,NA,NA,NA
"grid","Turkish","h1b",NA,NA,10,80,0.71,NA,0.566666666666667,0.0452360066351606,NA,NA,NA,NA,NA,0.150175861352492,NA,NA,NA,NA,NA,NA,NA,NA,NA,NA,NA,NA,NA,NA,NA,NA,NA,NA,NA,NA,NA,NA,NA,NA,NA,NA,NA,NA,NA,NA,NA,NA,NA,NA,NA,NA,NA,NA,NA,NA,NA,NA,NA,NA,NA,NA,NA,NA,NA,NA,NA,0.184579800717107,0.131051658509146,"near ceiling: MC interval reaches the verb floor",0.56666666666691,0.698543551648354,13.1876884981444,4.52360066351606,2.91530784414865,Inf,Inf,Inf,Inf,0.190158596547737,0.554272089890469,0.688268299103712,13.3996209213244,Inf,3200,Inf,NA,NA,NA,NA,NA,NA,NA,NA,NA,NA,NA
"grid","Turkish","h1b",NA,NA,10,80,0.72,NA,0.566666666666667,0.0452360066351606,NA,NA,NA,NA,NA,0.150175861352492,NA,NA,NA,NA,NA,NA,NA,NA,NA,NA,NA,NA,NA,NA,NA,NA,NA,NA,NA,NA,NA,NA,NA,NA,NA,NA,NA,NA,NA,NA,NA,NA,NA,NA,NA,NA,NA,NA,NA,NA,NA,NA,NA,NA,NA,NA,NA,NA,NA,NA,NA,0.184579800717107,0.132897456516317,"near ceiling: MC interval reaches the verb floor",0.56666666666691,0.693752481143479,12.7085814476569,4.52360066351606,2.8093950799315,Inf,Inf,Inf,Inf,0.190158596547737,0.554272089890469,0.683345384402987,12.9073294512518,Inf,3200,Inf,NA,NA,NA,NA,NA,NA,NA,NA,NA,NA,NA
"grid","Turkish","h1b",NA,NA,10,80,0.73,NA,0.566666666666667,0.0452360066351606,NA,NA,NA,NA,NA,0.150175861352492,NA,NA,NA,NA,NA,NA,NA,NA,NA,NA,NA,NA,NA,NA,NA,NA,NA,NA,NA,NA,NA,NA,NA,NA,NA,NA,NA,NA,NA,NA,NA,NA,NA,NA,NA,NA,NA,NA,NA,NA,NA,NA,NA,NA,NA,NA,NA,NA,NA,NA,NA,0.184579800717107,0.134743254523488,"near ceiling: MC interval reaches the verb floor",0.56666666666691,0.688966228624728,12.2299561957818,4.52360066351606,2.70358882348288,Inf,Inf,Inf,Inf,0.190158596547737,0.554272089890469,0.678431512629772,12.4159422739304,Inf,3200,Inf,NA,NA,NA,NA,NA,NA,NA,NA,NA,NA,NA
"grid","Turkish","h1b",NA,NA,10,80,0.74,NA,0.566666666666667,0.0452360066351606,NA,NA,NA,NA,NA,0.150175861352492,NA,NA,NA,NA,NA,NA,NA,NA,NA,NA,NA,NA,NA,NA,NA,NA,NA,NA,NA,NA,NA,NA,NA,NA,NA,NA,NA,NA,NA,NA,NA,NA,NA,NA,NA,NA,NA,NA,NA,NA,NA,NA,NA,NA,NA,NA,NA,NA,NA,NA,NA,0.184579800717107,0.136589052530659,"near ceiling: MC interval reaches the verb floor",0.56666666666691,0.684186523282525,11.7519856615615,4.52360066351606,2.59792730077704,Inf,Inf,Inf,Inf,0.190158596547737,0.554272089890469,0.673528459128719,11.9256369238251,Inf,3200,Inf,NA,NA,NA,NA,NA,NA,NA,NA,NA,NA,NA
"grid","Turkish","h1b",NA,NA,10,80,0.75,NA,0.566666666666667,0.0452360066351606,NA,NA,NA,NA,NA,0.150175861352492,NA,NA,NA,NA,NA,NA,NA,NA,NA,NA,NA,NA,NA,NA,NA,NA,NA,NA,NA,NA,NA,NA,NA,NA,NA,NA,NA,NA,NA,NA,NA,NA,NA,NA,NA,NA,NA,NA,NA,NA,NA,NA,NA,NA,NA,NA,NA,NA,NA,NA,NA,0.184579800717107,0.13843485053783,"near ceiling: MC interval reaches the verb floor",0.56666666666691,0.679415047049637,11.2748380382726,4.52360066351606,2.49244769309699,Inf,Inf,Inf,Inf,0.190158596547737,0.554272089890469,0.668637942534545,11.4365852644076,Inf,3200,Inf,NA,NA,NA,NA,NA,NA,NA,NA,NA,NA,NA
"grid","Turkish","h1b",NA,NA,10,80,0.76,NA,0.566666666666667,0.0452360066351606,NA,NA,NA,NA,NA,0.150175861352492,NA,NA,NA,NA,NA,NA,NA,NA,NA,NA,NA,NA,NA,NA,NA,NA,NA,NA,NA,NA,NA,NA,NA,NA,NA,NA,NA,NA,NA,NA,NA,NA,NA,NA,NA,NA,NA,NA,NA,NA,NA,NA,NA,NA,NA,NA,NA,NA,NA,NA,NA,0.184579800717107,0.140280648545001,"near ceiling: MC interval reaches the verb floor",0.56666666666691,0.67465343305624,10.798676638933,4.52360066351606,2.38718610288192,Inf,Inf,Inf,Inf,0.190158596547737,0.554272089890469,0.66376162358394,10.9489533693471,Inf,3200,Inf,NA,NA,NA,NA,NA,NA,NA,NA,NA,NA,NA
"grid","Turkish","h1b",NA,NA,10,80,0.77,NA,0.566666666666667,0.0452360066351606,NA,NA,NA,NA,NA,0.150175861352492,NA,NA,NA,NA,NA,NA,NA,NA,NA,NA,NA,NA,NA,NA,NA,NA,NA,NA,NA,NA,NA,NA,NA,NA,NA,NA,NA,NA,NA,NA,NA,NA,NA,NA,NA,NA,NA,NA,NA,NA,NA,NA,NA,NA,NA,NA,NA,NA,NA,NA,NA,0.184579800717107,0.142126446552172,"near ceiling: MC interval reaches the verb floor",0.56666666666691,0.669903264327744,10.3236597660834,4.52360066351606,2.28217752494074,Inf,Inf,Inf,Inf,0.190158596547737,0.554272089890469,0.65890110418243,10.4629014291961,Inf,3200,Inf,NA,NA,NA,NA,NA,NA,NA,NA,NA,NA,NA
"grid","Turkish","h1b",NA,NA,10,80,0.78,NA,0.566666666666667,0.0452360066351606,NA,NA,NA,NA,NA,0.150175861352492,NA,NA,NA,NA,NA,NA,NA,NA,NA,NA,NA,NA,NA,NA,NA,NA,NA,NA,NA,NA,NA,NA,NA,NA,NA,NA,NA,NA,NA,NA,NA,NA,NA,NA,NA,NA,NA,NA,NA,NA,NA,NA,NA,NA,NA,NA,NA,NA,NA,NA,NA,0.184579800717107,0.143972244559343,"near ceiling: MC interval reaches the verb floor",0.56666666666691,0.665166072712157,9.84994060452468,4.52360066351606,2.17745582274024,Inf,Inf,Inf,Inf,0.190158596547737,0.554272089890469,0.654057926710128,9.97858368196595,Inf,3200,Inf,NA,NA,NA,NA,NA,NA,NA,NA,NA,NA,NA
"grid","Turkish","h1b",NA,NA,10,80,0.79,NA,0.566666666666667,0.0452360066351606,NA,NA,NA,NA,NA,0.150175861352492,NA,NA,NA,NA,NA,NA,NA,NA,NA,NA,NA,NA,NA,NA,NA,NA,NA,NA,NA,NA,NA,NA,NA,NA,NA,NA,NA,NA,NA,NA,NA,NA,NA,NA,NA,NA,NA,NA,NA,NA,NA,NA,NA,NA,NA,NA,NA,NA,NA,NA,NA,0.184579800717107,0.145818042566514,"near ceiling: MC interval reaches the verb floor",0.56666666666691,0.660443338023811,9.3776671356901,4.52360066351606,2.07305370947601,Inf,Inf,Inf,Inf,0.190158596547737,0.554272089890469,0.649233573550594,9.49614836601248,73232.3103189727,3200,Inf,NA,NA,NA,NA,NA,NA,NA,NA,NA,NA,NA
"grid","Turkish","h1b",NA,NA,10,80,0.8,NA,0.566666666666667,0.0452360066351606,NA,NA,NA,NA,NA,0.150175861352492,NA,NA,NA,NA,NA,NA,NA,NA,NA,NA,NA,NA,NA,NA,NA,NA,NA,NA,NA,NA,NA,NA,NA,NA,NA,NA,NA,NA,NA,NA,NA,NA,NA,NA,NA,NA,NA,NA,NA,NA,NA,NA,NA,NA,NA,NA,NA,NA,NA,NA,NA,0.184579800717107,0.147663840573685,"near ceiling: MC interval reaches the verb floor",0.56666666666691,0.655736487390342,8.90698207234321,4.52360066351606,1.96900273363654,Inf,Inf,1938.26056556219,1858.26056556219,0.190158596547737,0.554272089890469,0.644429466827388,9.01573769369191,1765.71874523097,3200,Inf,NA,NA,NA,NA,NA,NA,NA,NA,NA,NA,NA
"grid","Turkish","h1b",NA,NA,10,80,0.81,NA,0.566666666666667,0.0452360066351606,NA,NA,NA,NA,NA,0.150175861352492,NA,NA,NA,NA,NA,NA,NA,NA,NA,NA,NA,NA,NA,NA,NA,NA,NA,NA,NA,NA,NA,NA,NA,NA,NA,NA,NA,NA,NA,NA,NA,NA,NA,NA,NA,NA,NA,NA,NA,NA,NA,NA,NA,NA,NA,NA,NA,NA,NA,NA,NA,0.184579800717107,0.149509638580856,"near ceiling: MC interval reaches the verb floor",0.56666666666691,0.651046894790051,8.43802281231407,4.52360066351606,1.86533326877608,Inf,Inf,950.677968276094,870.677968276094,0.190158596547737,0.554272089890469,0.639646968333357,8.53748784428886,848.857083462081,3200,Inf,NA,NA,NA,NA,NA,NA,NA,NA,NA,NA,NA
"grid","Turkish","h1b",NA,NA,10,80,0.82,NA,0.566666666666667,0.0452360066351606,NA,NA,NA,NA,NA,0.150175861352492,NA,NA,NA,NA,NA,NA,NA,NA,NA,NA,NA,NA,NA,NA,NA,NA,NA,NA,NA,NA,NA,NA,NA,NA,NA,NA,NA,NA,NA,NA,NA,NA,NA,NA,NA,NA,NA,NA,NA,NA,NA,NA,NA,NA,NA,NA,NA,NA,NA,NA,NA,0.184579800717107,0.151355436588027,"near ceiling: MC interval reaches the verb floor",0.56666666666691,0.646375880767033,7.97092141001225,4.52360066351606,1.76207450721715,2590.40726022539,2510.40726022539,627.158554372862,547.158554372862,0.190158596547737,0.554272089890469,0.63488737963814,8.06152897476715,538.034418180115,3200,51808.1452045079,NA,NA,NA,NA,NA,NA,NA,NA,NA,NA,NA
"grid","Turkish","h1b",NA,NA,10,80,0.83,NA,0.566666666666667,0.0452360066351606,NA,NA,NA,NA,NA,0.150175861352492,NA,NA,NA,NA,NA,NA,NA,NA,NA,NA,NA,NA,NA,NA,NA,NA,NA,NA,NA,NA,NA,NA,NA,NA,NA,NA,NA,NA,NA,NA,NA,NA,NA,NA,NA,NA,NA,NA,NA,NA,NA,NA,NA,NA,NA,NA,NA,NA,NA,NA,NA,0.184579800717107,0.153201234595199,"near ceiling: MC interval reaches the verb floor",0.56666666666691,0.641724712311796,7.50580456448859,4.52360066351606,1.65925445741149,1003.83963859469,923.839638594689,466.469440739777,386.469440739777,0.190158596547737,0.554272089890469,0.630151942359911,7.5879852469442,381.655518241659,3200,20076.7927718938,NA,NA,NA,NA,NA,NA,NA,NA,NA,NA,NA
"grid","Turkish","h1b",NA,NA,10,80,0.84,NA,0.566666666666667,0.0452360066351606,NA,NA,NA,NA,NA,0.150175861352492,NA,NA,NA,NA,NA,NA,NA,NA,NA,NA,NA,NA,NA,NA,NA,NA,NA,NA,NA,NA,NA,NA,NA,NA,NA,NA,NA,NA,NA,NA,NA,NA,NA,NA,NA,NA,NA,NA,NA,NA,NA,NA,NA,NA,NA,NA,NA,NA,NA,NA,NA,0.184579800717107,0.15504703260237,"near ceiling: MC interval reaches the verb floor",0.56666666666691,0.637094602895458,7.04279362285474,4.52360066351606,1.55689994469595,619.691570219088,539.691570219088,370.412760845838,290.412760845838,0.190158596547737,0.554272089890469,0.625441838587902,7.11697486974338,287.532858430802,3200,12393.8314043818,NA,NA,NA,NA,NA,NA,NA,NA,NA,NA,NA
"grid","Turkish","h1b",NA,NA,10,80,0.85,NA,0.566666666666667,0.0452360066351606,NA,NA,NA,NA,NA,0.150175861352492,NA,NA,NA,NA,NA,NA,NA,NA,NA,NA,NA,NA,NA,NA,NA,NA,NA,NA,NA,NA,NA,NA,NA,NA,NA,NA,NA,NA,NA,NA,NA,NA,NA,NA,NA,NA,NA,NA,NA,NA,NA,NA,NA,NA,NA,NA,NA,NA,NA,NA,NA,0.184579800717107,0.156892830609541,"near ceiling: MC interval reaches the verb floor",0.56666666666691,0.632486712645989,6.58200459790785,4.52360066351606,1.45503661518872,446.701275347408,366.701275347408,306.534392305377,226.534392305377,0.190158596547737,0.554272089890469,0.620758191442795,6.64861015523266,224.672164410663,3200,8934.02550694816,NA,NA,NA,NA,NA,NA,NA,NA,NA,NA,NA
"grid","Turkish","h1b",NA,NA,10,80,0.86,NA,0.566666666666667,0.0452360066351606,NA,NA,NA,NA,NA,0.150175861352492,NA,NA,NA,NA,NA,NA,NA,NA,NA,NA,NA,NA,NA,NA,NA,NA,NA,NA,NA,NA,NA,NA,NA,NA,NA,NA,NA,NA,NA,NA,NA,NA,NA,NA,NA,NA,NA,NA,NA,NA,NA,NA,NA,NA,NA,NA,NA,NA,NA,NA,NA,0.184579800717107,0.158738628616712,"near ceiling: MC interval reaches the verb floor",0.56666666666691,0.62790214865541,6.12354819884998,4.52360066351606,1.35368894258016,348.316198673904,268.316198673904,260.99301453754,180.99301453754,0.190158596547737,0.554272089890469,0.616102065762593,6.18299758721242,179.724659310496,3200,6966.32397347809,NA,NA,NA,NA,NA,NA,NA,NA,NA,NA,NA
"grid","Turkish","h1b",NA,NA,10,80,0.87,NA,0.566666666666667,0.0452360066351606,NA,NA,NA,NA,NA,0.150175861352492,NA,NA,NA,NA,NA,NA,NA,NA,NA,NA,NA,NA,NA,NA,NA,NA,NA,NA,NA,NA,NA,NA,NA,NA,NA,NA,NA,NA,NA,NA,NA,NA,NA,NA,NA,NA,NA,NA,NA,NA,NA,NA,NA,NA,NA,NA,NA,NA,NA,NA,NA,0.184579800717107,0.160584426623883,"near ceiling: MC interval reaches the verb floor",0.56666666666691,0.623341965407245,5.66752987403346,4.52360066351606,1.2528802375823,284.845725570934,204.845725570934,226.890031763829,146.890031763829,0.190158596547737,0.554272089890469,0.611474468902175,5.72023790117066,145.994345729999,3200,5696.91451141868,NA,NA,NA,NA,NA,NA,NA,NA,NA,NA,NA
"grid","Turkish","h1b",NA,NA,10,80,0.88,NA,0.566666666666667,0.0452360066351606,NA,NA,NA,NA,NA,0.150175861352492,NA,NA,NA,NA,NA,NA,NA,NA,NA,NA,NA,NA,NA,NA,NA,NA,NA,NA,NA,NA,NA,NA,NA,NA,NA,NA,NA,NA,NA,NA,NA,NA,NA,NA,NA,NA,NA,NA,NA,NA,NA,NA,NA,NA,NA,NA,NA,NA,NA,NA,NA,0.184579800717107,0.162430224631054,"near ceiling: MC interval reaches the verb floor",0.56666666666691,0.618807165313976,5.21404986470662,4.52360066351606,1.15263265980996,240.512643855908,160.512643855908,200.401580317814,120.401580317814,0.190158596547737,0.554272089890469,0.606876351635251,5.26042617447823,119.752661056579,3200,4810.25287711817,NA,NA,NA,NA,NA,NA,NA,NA,NA,NA,NA
"grid","Turkish","h1b",NA,NA,10,80,0.89,NA,0.566666666666667,0.0452360066351606,NA,NA,NA,NA,NA,0.150175861352492,NA,NA,NA,NA,NA,NA,NA,NA,NA,NA,NA,NA,NA,NA,NA,NA,NA,NA,NA,NA,NA,NA,NA,NA,NA,NA,NA,NA,NA,NA,NA,NA,NA,NA,NA,NA,NA,NA,NA,NA,NA,NA,NA,NA,NA,NA,NA,NA,NA,NA,NA,0.184579800717107,0.164276022638225,"near ceiling: MC interval reaches the verb floor",0.56666666666691,0.614298699354689,4.76320326877784,4.52360066351606,1.05296723187664,207.801084847083,127.801084847083,179.237245108243,99.2372451082432,0.190158596547737,0.554272089890469,0.602308609147985,4.80365192575167,98.7586066789572,3200,4156.02169694166,NA,NA,NA,NA,NA,NA,NA,NA,NA,NA,NA
"grid","Turkish","h1b",NA,NA,10,80,0.9,NA,0.566666666666667,0.0452360066351606,NA,NA,NA,NA,NA,0.150175861352492,NA,NA,NA,NA,NA,NA,NA,NA,NA,NA,NA,NA,NA,NA,NA,NA,NA,NA,NA,NA,NA,NA,NA,NA,NA,NA,NA,NA,NA,NA,NA,NA,NA,NA,NA,NA,NA,NA,NA,NA,NA,NA,NA,NA,NA,NA,NA,NA,NA,NA,NA,0.184579800717107,0.166121820645396,"near ceiling: MC interval reaches the verb floor",0.56666666666691,0.609817467803497,4.3150801136587,4.52360066351606,0.953903855497429,182.675132790807,102.675132790807,161.941423162933,81.941423162933,0.190158596547737,0.554272089890469,0.597772082114111,4.34999922236423,81.5841764545943,3200,3653.50265581614,NA,NA,NA,NA,NA,NA,NA,NA,NA,NA,NA
"grid","Turkish","h1b",NA,NA,10,80,0.91,NA,0.566666666666667,0.0452360066351606,NA,NA,NA,NA,NA,0.150175861352492,NA,NA,NA,NA,NA,NA,NA,NA,NA,NA,NA,NA,NA,NA,NA,NA,NA,NA,NA,NA,NA,NA,NA,NA,NA,NA,NA,NA,NA,NA,NA,NA,NA,NA,NA,NA,NA,NA,NA,NA,NA,NA,NA,NA,NA,NA,NA,NA,NA,NA,NA,0.184579800717107,0.167967618652567,"near ceiling: MC interval reaches the verb floor",0.56666666666691,0.605364321039815,3.86976543729048,4.52360066351606,0.855461329400953,162.773693819575,82.773693819575,147.544746828122,67.5447468281219,0.190158596547737,0.554272089890469,0.593267557841866,3.89954679513977,67.2763419090243,3200,3255.4738763915,NA,NA,NA,NA,NA,NA,NA,NA,NA,NA,NA
"grid","Turkish","h1b",NA,NA,10,80,0.92,NA,0.566666666666667,0.0452360066351606,NA,NA,NA,NA,NA,0.150175861352492,NA,NA,NA,NA,NA,NA,NA,NA,NA,NA,NA,NA,NA,NA,NA,NA,NA,NA,NA,NA,NA,NA,NA,NA,NA,NA,NA,NA,NA,NA,NA,NA,NA,NA,NA,NA,NA,NA,NA,NA,NA,NA,NA,NA,NA,NA,NA,NA,NA,NA,NA,0.184579800717107,0.169813416659738,"near ceiling: MC interval reaches the verb floor",0.56666666666691,0.600940060431917,3.42733937650067,4.52360066351606,0.757657368861711,146.623385913863,66.6233859138631,135.376703722913,55.376703722913,0.190158596547737,0.554272089890469,0.588795771483627,3.45236815931579,55.1747329509201,3200,2932.46771827726,NA,NA,NA,NA,NA,NA,NA,NA,NA,NA,NA
"grid","Turkish","h1b",NA,NA,10,80,0.93,NA,0.566666666666667,0.0452360066351606,NA,NA,NA,NA,NA,0.150175861352492,NA,NA,NA,NA,NA,NA,NA,NA,NA,NA,NA,NA,NA,NA,NA,NA,NA,NA,NA,NA,NA,NA,NA,NA,NA,NA,NA,NA,NA,NA,NA,NA,NA,NA,NA,NA,NA,NA,NA,NA,NA,NA,NA,NA,NA,NA,NA,NA,NA,NA,NA,0.184579800717107,0.171659214666909,"near ceiling: MC interval reaches the verb floor",0.56666666666691,0.596545439285696,2.9878772618786,4.52360066351606,0.660508626673561,133.257188467439,53.2571884674391,124.958708485158,44.9587084851575,0.190158596547737,0.554272089890469,0.584357407299607,3.00853174091378,44.8073106183016,3200,2665.14376934878,NA,NA,NA,NA,NA,NA,NA,NA,NA,NA,NA
"grid","Turkish","h1b",NA,NA,10,80,0.94,NA,0.566666666666667,0.0452360066351606,NA,NA,NA,NA,NA,0.150175861352492,NA,NA,NA,NA,NA,NA,NA,NA,NA,NA,NA,NA,NA,NA,NA,NA,NA,NA,NA,NA,NA,NA,NA,NA,NA,NA,NA,NA,NA,NA,NA,NA,NA,NA,NA,NA,NA,NA,NA,NA,NA,NA,NA,NA,NA,NA,NA,NA,NA,NA,NA,0.184579800717107,0.17350501267408,"near ceiling: MC interval reaches the verb floor",0.56666666666691,0.592181163850918,2.5514497184008,4.52360066351606,0.564030715394235,122.014126098437,42.0141260984368,115.940018416818,35.940018416818,0.190158596547737,0.554272089890469,0.579953099967522,2.56810100770534,35.8276985378773,3200,2440.28252196874,NA,NA,NA,NA,NA,NA,NA,NA,NA,NA,NA
"grid","Turkish","h1b",NA,NA,10,80,0.95,NA,0.566666666666667,0.0452360066351606,NA,NA,NA,NA,NA,0.150175861352492,NA,NA,NA,NA,NA,NA,NA,NA,NA,NA,NA,NA,NA,NA,NA,NA,NA,NA,NA,NA,NA,NA,NA,NA,NA,NA,NA,NA,NA,NA,NA,NA,NA,NA,NA,NA,NA,NA,NA,NA,NA,NA,NA,NA,NA,NA,NA,NA,NA,NA,NA,0.184579800717107,0.175350810681251,"near ceiling: MC interval reaches the verb floor",0.56666666666691,0.587847894377689,2.11812277107785,4.52360066351606,0.468238230699942,112.427074163532,32.4270741635318,108.057719000266,28.0577190002658,0.190158596547737,0.554272089890469,0.575583435930588,2.13113460401191,27.9759769723255,3200,2248.54148327064,NA,NA,NA,NA,NA,NA,NA,NA,NA,NA,NA
"grid","Turkish","h1b",NA,NA,10,80,0.96,NA,0.566666666666667,0.0452360066351606,NA,NA,NA,NA,NA,0.150175861352492,NA,NA,NA,NA,NA,NA,NA,NA,NA,NA,NA,NA,NA,NA,NA,NA,NA,NA,NA,NA,NA,NA,NA,NA,NA,NA,NA,NA,NA,NA,NA,NA,NA,NA,NA,NA,NA,NA,NA,NA,NA,NA,NA,NA,NA,NA,NA,NA,NA,NA,NA,0.184579800717107,0.177196608688422,"near ceiling: MC interval reaches the verb floor",0.56666666666691,0.583546246216257,1.68795795493472,4.52360066351606,0.373144775697932,104.156548574774,24.1565485747744,101.110853322253,21.1108533222525,0.190158596547737,0.554272089890469,0.571248954776713,1.69768648862447,21.0532931395883,3200,2083.13097149549,NA,NA,NA,NA,NA,NA,NA,NA,NA,NA,NA
"grid","Turkish","h1b",NA,NA,10,80,0.97,NA,0.566666666666667,0.0452360066351606,NA,NA,NA,NA,NA,0.150175861352492,NA,NA,NA,NA,NA,NA,NA,NA,NA,NA,NA,NA,NA,NA,NA,NA,NA,NA,NA,NA,NA,NA,NA,NA,NA,NA,NA,NA,NA,NA,NA,NA,NA,NA,NA,NA,NA,NA,NA,NA,NA,NA,NA,NA,NA,NA,NA,NA,NA,NA,NA,0.184579800717107,0.179042406695593,"near ceiling: MC interval reaches the verb floor",0.56666666666691,0.579276790953672,1.26101242867617,4.52360066351606,0.278762986053685,96.9498974719832,16.9498974719832,94.9431872193862,14.9431872193862,0.190158596547737,0.554272089890469,0.566950150642232,1.26780607517634,14.9049225574241,3200,1938.99794943966,NA,NA,NA,NA,NA,NA,NA,NA,NA,NA,NA
"grid","Turkish","h1b",NA,NA,10,80,0.98,NA,0.566666666666667,0.0452360066351606,NA,NA,NA,NA,NA,0.150175861352492,NA,NA,NA,NA,NA,NA,NA,NA,NA,NA,NA,NA,NA,NA,NA,NA,NA,NA,NA,NA,NA,NA,NA,NA,NA,NA,NA,NA,NA,NA,NA,NA,NA,NA,NA,NA,NA,NA,NA,NA,NA,NA,NA,NA,NA,NA,NA,NA,NA,NA,NA,0.184579800717107,0.180888204702765,"near ceiling: MC interval reaches the verb floor",0.56666666666691,0.575040057581186,0.837339091427602,4.52360066351606,0.185104555797983,90.6152082700372,10.6152082700372,89.4314243017808,9.43142430178081,0.190158596547737,0.554272089890469,0.562687473633951,0.841538374348205,9.40867213133414,3200,1812.30416540074,NA,NA,NA,NA,NA,NA,NA,NA,NA,NA,NA
"grid","Turkish","h1b",NA,NA,10,80,0.99,NA,0.566666666666667,0.0452360066351606,NA,NA,NA,NA,NA,0.150175861352492,NA,NA,NA,NA,NA,NA,NA,NA,NA,NA,NA,NA,NA,NA,NA,NA,NA,NA,NA,NA,NA,NA,NA,NA,NA,NA,NA,NA,NA,NA,NA,NA,NA,NA,NA,NA,NA,NA,NA,NA,NA,NA,NA,NA,NA,NA,NA,NA,NA,NA,NA,0.184579800717107,0.182734002709936,"near ceiling: MC interval reaches the verb floor",0.56666666666691,0.570836533686704,0.416986701979405,4.52360066351606,0.0921802636873993,85.0040903352338,5.00409033523378,84.476960970361,4.47696097036096,0.190158596547737,0.554272089890469,0.55846133126376,0.418924137329157,4.46675780237592,3200,1700.08180670468,NA,NA,NA,NA,NA,NA,NA,NA,NA,NA,NA
"grid","Turkish","h1b",NA,NA,10,80,1,NA,0.566666666666667,0.0452360066351606,NA,NA,NA,NA,NA,0.150175861352492,NA,NA,NA,NA,NA,NA,NA,NA,NA,NA,NA,NA,NA,NA,NA,NA,NA,NA,NA,NA,NA,NA,NA,NA,NA,NA,NA,NA,NA,NA,NA,NA,NA,NA,NA,NA,NA,NA,NA,NA,NA,NA,NA,NA,NA,NA,NA,NA,NA,NA,NA,0.184579800717107,0.184579800717107,"near ceiling: MC interval reaches the verb floor",0.56666666666691,0.56666666666691,0,4.52360066351606,0,80,0,80,0,0.190158596547737,0.554272089890469,0.554272089890469,0,0,3200,1600,NA,NA,NA,NA,NA,NA,NA,NA,NA,NA,NA
"grid","Turkish","joint",NA,NA,10,80,0.7,NA,0.416666666666667,0.0450051437389435,NA,NA,NA,NA,NA,NA,NA,NA,NA,NA,NA,NA,NA,NA,NA,NA,NA,NA,NA,NA,NA,NA,NA,NA,NA,NA,NA,NA,NA,NA,NA,NA,NA,NA,NA,NA,NA,NA,NA,NA,NA,NA,NA,NA,NA,NA,NA,NA,NA,NA,NA,NA,NA,NA,NA,NA,NA,NA,NA,NA,0.414890628212717,0.602833554695077,18.794292648236,4.50051437389435,NA,NA,NA,NA,NA,NA,NA,NA,NA,NA,NA,NA,0.405669512539496,0.59953676240201,19.3867249862514,"indep = independent given the pilot draw; corr = DGP-implied correlation of the two estimates",NA,NA,NA,NA,NA,NA,NA
"grid","Turkish","joint",NA,NA,10,80,0.71,NA,0.416666666666667,0.0450051437389435,NA,NA,NA,NA,NA,NA,NA,NA,NA,NA,NA,NA,NA,NA,NA,NA,NA,NA,NA,NA,NA,NA,NA,NA,NA,NA,NA,NA,NA,NA,NA,NA,NA,NA,NA,NA,NA,NA,NA,NA,NA,NA,NA,NA,NA,NA,NA,NA,NA,NA,NA,NA,NA,NA,NA,NA,NA,NA,NA,NA,0.414890628212717,0.596068447754303,18.1177819541586,4.50051437389435,NA,NA,NA,NA,NA,NA,NA,NA,NA,NA,NA,NA,0.405669512539496,0.592605652221853,18.6936139682357,"indep = independent given the pilot draw; corr = DGP-implied correlation of the two estimates",NA,NA,NA,NA,NA,NA,NA
"grid","Turkish","joint",NA,NA,10,80,0.72,NA,0.416666666666667,0.0450051437389435,NA,NA,NA,NA,NA,NA,NA,NA,NA,NA,NA,NA,NA,NA,NA,NA,NA,NA,NA,NA,NA,NA,NA,NA,NA,NA,NA,NA,NA,NA,NA,NA,NA,NA,NA,NA,NA,NA,NA,NA,NA,NA,NA,NA,NA,NA,NA,NA,NA,NA,NA,NA,NA,NA,NA,NA,NA,NA,NA,NA,0.414890628212717,0.589314162218655,17.4423534005939,4.50051437389435,NA,NA,NA,NA,NA,NA,NA,NA,NA,NA,NA,NA,0.405669512539496,0.585681474226084,18.0011961686588,"indep = independent given the pilot draw; corr = DGP-implied correlation of the two estimates",NA,NA,NA,NA,NA,NA,NA
"grid","Turkish","joint",NA,NA,10,80,0.73,NA,0.416666666666667,0.0450051437389435,NA,NA,NA,NA,NA,NA,NA,NA,NA,NA,NA,NA,NA,NA,NA,NA,NA,NA,NA,NA,NA,NA,NA,NA,NA,NA,NA,NA,NA,NA,NA,NA,NA,NA,NA,NA,NA,NA,NA,NA,NA,NA,NA,NA,NA,NA,NA,NA,NA,NA,NA,NA,NA,NA,NA,NA,NA,NA,NA,NA,0.414890628212717,0.582573843512038,16.7683215299321,4.50051437389435,NA,NA,NA,NA,NA,NA,NA,NA,NA,NA,NA,NA,0.405669512539496,0.578767519813644,17.3098007274147,"indep = independent given the pilot draw; corr = DGP-implied correlation of the two estimates",NA,NA,NA,NA,NA,NA,NA
"grid","Turkish","joint",NA,NA,10,80,0.74,NA,0.416666666666667,0.0450051437389435,NA,NA,NA,NA,NA,NA,NA,NA,NA,NA,NA,NA,NA,NA,NA,NA,NA,NA,NA,NA,NA,NA,NA,NA,NA,NA,NA,NA,NA,NA,NA,NA,NA,NA,NA,NA,NA,NA,NA,NA,NA,NA,NA,NA,NA,NA,NA,NA,NA,NA,NA,NA,NA,NA,NA,NA,NA,NA,NA,NA,0.414890628212717,0.575850562419741,16.0959934207024,4.50051437389435,NA,NA,NA,NA,NA,NA,NA,NA,NA,NA,NA,NA,0.405669512539496,0.571867015213024,16.6197502673528,"indep = independent given the pilot draw; corr = DGP-implied correlation of the two estimates",NA,NA,NA,NA,NA,NA,NA
"grid","Turkish","joint",NA,NA,10,80,0.75,NA,0.416666666666667,0.0450051437389435,NA,NA,NA,NA,NA,NA,NA,NA,NA,NA,NA,NA,NA,NA,NA,NA,NA,NA,NA,NA,NA,NA,NA,NA,NA,NA,NA,NA,NA,NA,NA,NA,NA,NA,NA,NA,NA,NA,NA,NA,NA,NA,NA,NA,NA,NA,NA,NA,NA,NA,NA,NA,NA,NA,NA,NA,NA,NA,NA,NA,0.414890628212717,0.569147310408058,15.4256682195341,4.50051437389435,NA,NA,NA,NA,NA,NA,NA,NA,NA,NA,NA,NA,0.405669512539496,0.564983116130942,15.9313603591446,"indep = independent given the pilot draw; corr = DGP-implied correlation of the two estimates",NA,NA,NA,NA,NA,NA,NA
"grid","Turkish","joint",NA,NA,10,80,0.76,NA,0.416666666666667,0.0450051437389435,NA,NA,NA,NA,NA,NA,NA,NA,NA,NA,NA,NA,NA,NA,NA,NA,NA,NA,NA,NA,NA,NA,NA,NA,NA,NA,NA,NA,NA,NA,NA,NA,NA,NA,NA,NA,NA,NA,NA,NA,NA,NA,NA,NA,NA,NA,NA,NA,NA,NA,NA,NA,NA,NA,NA,NA,NA,NA,NA,NA,0.414890628212717,0.562466995374008,14.7576367161292,4.50051437389435,NA,NA,NA,NA,NA,NA,NA,NA,NA,NA,NA,NA,0.405669512539496,0.558118902793487,15.2449390253991,"indep = independent given the pilot draw; corr = DGP-implied correlation of the two estimates",NA,NA,NA,NA,NA,NA,NA
"grid","Turkish","joint",NA,NA,10,80,0.77,NA,0.416666666666667,0.0450051437389435,NA,NA,NA,NA,NA,NA,NA,NA,NA,NA,NA,NA,NA,NA,NA,NA,NA,NA,NA,NA,NA,NA,NA,NA,NA,NA,NA,NA,NA,NA,NA,NA,NA,NA,NA,NA,NA,NA,NA,NA,NA,NA,NA,NA,NA,NA,NA,NA,NA,NA,NA,NA,NA,NA,NA,NA,NA,NA,NA,NA,0.414890628212717,0.555812437827236,14.0921809614519,4.50051437389435,NA,NA,NA,NA,NA,NA,NA,NA,NA,NA,NA,NA,0.405669512539496,0.55127737538859,14.5607862849094,"indep = independent given the pilot draw; corr = DGP-implied correlation of the two estimates",NA,NA,NA,NA,NA,NA,NA
"grid","Turkish","joint",NA,NA,10,80,0.78,NA,0.416666666666667,0.0450051437389435,NA,NA,NA,NA,NA,NA,NA,NA,NA,NA,NA,NA,NA,NA,NA,NA,NA,NA,NA,NA,NA,NA,NA,NA,NA,NA,NA,NA,NA,NA,NA,NA,NA,NA,NA,NA,NA,NA,NA,NA,NA,NA,NA,NA,NA,NA,NA,NA,NA,NA,NA,NA,NA,NA,NA,NA,NA,NA,NA,NA,0.414890628212717,0.549186367503016,13.42957392903,4.50051437389435,NA,NA,NA,NA,NA,NA,NA,NA,NA,NA,NA,NA,0.405669512539496,0.544461449915916,13.879193737642,"indep = independent given the pilot draw; corr = DGP-implied correlation of the two estimates",NA,NA,NA,NA,NA,NA,NA
"grid","Turkish","joint",NA,NA,10,80,0.79,NA,0.416666666666667,0.0450051437389435,NA,NA,NA,NA,NA,NA,NA,NA,NA,NA,NA,NA,NA,NA,NA,NA,NA,NA,NA,NA,NA,NA,NA,NA,NA,NA,NA,NA,NA,NA,NA,NA,NA,NA,NA,NA,NA,NA,NA,NA,NA,NA,NA,NA,NA,NA,NA,NA,NA,NA,NA,NA,NA,NA,NA,NA,NA,NA,NA,NA,0.414890628212717,0.54259142040245,12.7700792189734,4.50051437389435,NA,NA,NA,NA,NA,NA,NA,NA,NA,NA,NA,NA,0.405669512539496,0.537673954447544,13.2004441908047,"indep = independent given the pilot draw; corr = DGP-implied correlation of the two estimates",NA,NA,NA,NA,NA,NA,NA
"grid","Turkish","joint",NA,NA,10,80,0.8,NA,0.416666666666667,0.0450051437389435,NA,NA,NA,NA,NA,NA,NA,NA,NA,NA,NA,NA,NA,NA,NA,NA,NA,NA,NA,NA,NA,NA,NA,NA,NA,NA,NA,NA,NA,NA,NA,NA,NA,NA,NA,NA,NA,NA,NA,NA,NA,NA,NA,NA,NA,NA,NA,NA,NA,NA,NA,NA,NA,NA,NA,NA,NA,NA,NA,NA,0.414890628212717,0.536030136253322,12.1139508040605,4.50051437389435,NA,NA,NA,NA,NA,NA,NA,NA,NA,NA,NA,NA,0.405669512539496,0.530917625800108,12.5248113260612,"indep = independent given the pilot draw; corr = DGP-implied correlation of the two estimates",NA,NA,NA,NA,NA,NA,NA
"grid","Turkish","joint",NA,NA,10,80,0.81,NA,0.416666666666667,0.0450051437389435,NA,NA,NA,NA,NA,NA,NA,NA,NA,NA,NA,NA,NA,NA,NA,NA,NA,NA,NA,NA,NA,NA,NA,NA,NA,NA,NA,NA,NA,NA,NA,NA,NA,NA,NA,NA,NA,NA,NA,NA,NA,NA,NA,NA,NA,NA,NA,NA,NA,NA,NA,NA,NA,NA,NA,NA,NA,NA,NA,NA,0.414890628212717,0.529504956382784,11.4614328170067,4.50051437389435,NA,NA,NA,NA,NA,NA,NA,NA,NA,NA,NA,NA,0.405669512539496,0.524195106616449,11.8525594076952,"indep = independent given the pilot draw; corr = DGP-implied correlation of the two estimates",NA,NA,NA,NA,NA,NA,NA
"grid","Turkish","joint",NA,NA,10,80,0.82,NA,0.416666666666667,0.0450051437389435,NA,NA,NA,NA,NA,NA,NA,NA,NA,NA,NA,NA,NA,NA,NA,NA,NA,NA,NA,NA,NA,NA,NA,NA,NA,NA,NA,NA,NA,NA,NA,NA,NA,NA,NA,NA,NA,NA,NA,NA,NA,NA,NA,NA,NA,NA,NA,NA,NA,NA,NA,NA,NA,NA,NA,NA,NA,NA,NA,NA,0.414890628212717,0.523018221990954,10.8127593778237,4.50051437389435,NA,NA,NA,NA,NA,NA,NA,NA,NA,NA,NA,NA,0.405669512539496,0.517508942852259,11.1839430312763,"indep = independent given the pilot draw; corr = DGP-implied correlation of the two estimates",NA,NA,NA,NA,NA,NA,NA
"grid","Turkish","joint",NA,NA,10,80,0.83,NA,0.416666666666667,0.0450051437389435,NA,NA,NA,NA,NA,NA,NA,NA,NA,NA,NA,NA,NA,NA,NA,NA,NA,NA,NA,NA,NA,NA,NA,NA,NA,NA,NA,NA,NA,NA,NA,NA,NA,NA,NA,NA,NA,NA,NA,NA,NA,NA,NA,NA,NA,NA,NA,NA,NA,NA,NA,NA,NA,NA,NA,NA,NA,NA,NA,NA,0.414890628212717,0.516572172812715,10.1681544599998,4.50051437389435,NA,NA,NA,NA,NA,NA,NA,NA,NA,NA,NA,NA,0.405669512539496,0.510861581660882,10.5192069121386,"indep = independent given the pilot draw; corr = DGP-implied correlation of the two estimates",NA,NA,NA,NA,NA,NA,NA
"grid","Turkish","joint",NA,NA,10,80,0.84,NA,0.416666666666667,0.0450051437389435,NA,NA,NA,NA,NA,NA,NA,NA,NA,NA,NA,NA,NA,NA,NA,NA,NA,NA,NA,NA,NA,NA,NA,NA,NA,NA,NA,NA,NA,NA,NA,NA,NA,NA,NA,NA,NA,NA,NA,NA,NA,NA,NA,NA,NA,NA,NA,NA,NA,NA,NA,NA,NA,NA,NA,NA,NA,NA,NA,NA,0.414890628212717,0.510168946153445,9.52783179407289,4.50051437389435,NA,NA,NA,NA,NA,NA,NA,NA,NA,NA,NA,NA,0.405669512539496,0.504255369667221,9.8585857127725,"indep = independent given the pilot draw; corr = DGP-implied correlation of the two estimates",NA,NA,NA,NA,NA,NA,NA
"grid","Turkish","joint",NA,NA,10,80,0.85,NA,0.416666666666667,0.0450051437389435,NA,NA,NA,NA,NA,NA,NA,NA,NA,NA,NA,NA,NA,NA,NA,NA,NA,NA,NA,NA,NA,NA,NA,NA,NA,NA,NA,NA,NA,NA,NA,NA,NA,NA,NA,NA,NA,NA,NA,NA,NA,NA,NA,NA,NA,NA,NA,NA,NA,NA,NA,NA,NA,NA,NA,NA,NA,NA,NA,NA,0.414890628212717,0.503810576283075,8.89199480703589,4.50051437389435,NA,NA,NA,NA,NA,NA,NA,NA,NA,NA,NA,NA,0.405669512539496,0.497692551619795,9.20230390802991,"indep = independent given the pilot draw; corr = DGP-implied correlation of the two estimates",NA,NA,NA,NA,NA,NA,NA
"grid","Turkish","joint",NA,NA,10,80,0.86,NA,0.416666666666667,0.0450051437389435,NA,NA,NA,NA,NA,NA,NA,NA,NA,NA,NA,NA,NA,NA,NA,NA,NA,NA,NA,NA,NA,NA,NA,NA,NA,NA,NA,NA,NA,NA,NA,NA,NA,NA,NA,NA,NA,NA,NA,NA,NA,NA,NA,NA,NA,NA,NA,NA,NA,NA,NA,NA,NA,NA,NA,NA,NA,NA,NA,NA,0.414890628212717,0.497498994171755,8.26083659590384,4.50051437389435,NA,NA,NA,NA,NA,NA,NA,NA,NA,NA,NA,NA,0.405669512539496,0.491175269408273,8.5505756868777,"indep = independent given the pilot draw; corr = DGP-implied correlation of the two estimates",NA,NA,NA,NA,NA,NA,NA
"grid","Turkish","joint",NA,NA,10,80,0.87,NA,0.416666666666667,0.0450051437389435,NA,NA,NA,NA,NA,NA,NA,NA,NA,NA,NA,NA,NA,NA,NA,NA,NA,NA,NA,NA,NA,NA,NA,NA,NA,NA,NA,NA,NA,NA,NA,NA,NA,NA,NA,NA,NA,NA,NA,NA,NA,NA,NA,NA,NA,NA,NA,NA,NA,NA,NA,NA,NA,NA,NA,NA,NA,NA,NA,NA,0.414890628212717,0.491236027549536,7.63453993368196,4.50051437389435,NA,NA,NA,NA,NA,NA,NA,NA,NA,NA,NA,NA,0.405669512539496,0.484705561432334,7.90360488928381,"indep = independent given the pilot draw; corr = DGP-implied correlation of the two estimates",NA,NA,NA,NA,NA,NA,NA
"grid","Turkish","joint",NA,NA,10,80,0.88,NA,0.416666666666667,0.0450051437389435,NA,NA,NA,NA,NA,NA,NA,NA,NA,NA,NA,NA,NA,NA,NA,NA,NA,NA,NA,NA,NA,NA,NA,NA,NA,NA,NA,NA,NA,NA,NA,NA,NA,NA,NA,NA,NA,NA,NA,NA,NA,NA,NA,NA,NA,NA,NA,NA,NA,NA,NA,NA,NA,NA,NA,NA,NA,NA,NA,NA,0.414890628212717,0.485023401271751,7.01327730590345,4.50051437389435,NA,NA,NA,NA,NA,NA,NA,NA,NA,NA,NA,NA,0.405669512539496,0.478285362306462,7.26158497669653,"indep = independent given the pilot draw; corr = DGP-implied correlation of the two estimates",NA,NA,NA,NA,NA,NA,NA
"grid","Turkish","joint",NA,NA,10,80,0.89,NA,0.416666666666667,0.0450051437389435,NA,NA,NA,NA,NA,NA,NA,NA,NA,NA,NA,NA,NA,NA,NA,NA,NA,NA,NA,NA,NA,NA,NA,NA,NA,NA,NA,NA,NA,NA,NA,NA,NA,NA,NA,NA,NA,NA,NA,NA,NA,NA,NA,NA,NA,NA,NA,NA,NA,NA,NA,NA,NA,NA,NA,NA,NA,NA,NA,NA,0.414890628212717,0.478862737971257,6.39721097585407,4.50051437389435,NA,NA,NA,NA,NA,NA,NA,NA,NA,NA,NA,NA,0.405669512539496,0.471916502884223,6.62469903447272,"indep = independent given the pilot draw; corr = DGP-implied correlation of the two estimates",NA,NA,NA,NA,NA,NA,NA
"grid","Turkish","joint",NA,NA,10,80,0.9,NA,0.416666666666667,0.0450051437389435,NA,NA,NA,NA,NA,NA,NA,NA,NA,NA,NA,NA,NA,NA,NA,NA,NA,NA,NA,NA,NA,NA,NA,NA,NA,NA,NA,NA,NA,NA,NA,NA,NA,NA,NA,NA,NA,NA,NA,NA,NA,NA,NA,NA,NA,NA,NA,NA,NA,NA,NA,NA,NA,NA,NA,NA,NA,NA,NA,NA,0.414890628212717,0.472755558978374,5.78649307656577,4.50051437389435,NA,NA,NA,NA,NA,NA,NA,NA,NA,NA,NA,NA,0.405669512539496,0.465600710584755,5.99311980452583,"indep = independent given the pilot draw; corr = DGP-implied correlation of the two estimates",NA,NA,NA,NA,NA,NA,NA
"grid","Turkish","joint",NA,NA,10,80,0.91,NA,0.416666666666667,0.0450051437389435,NA,NA,NA,NA,NA,NA,NA,NA,NA,NA,NA,NA,NA,NA,NA,NA,NA,NA,NA,NA,NA,NA,NA,NA,NA,NA,NA,NA,NA,NA,NA,NA,NA,NA,NA,NA,NA,NA,NA,NA,NA,NA,NA,NA,NA,NA,NA,NA,NA,NA,NA,NA,NA,NA,NA,NA,NA,NA,NA,NA,0.414890628212717,0.466703285489145,5.18126572764283,4.50051437389435,NA,NA,NA,NA,NA,NA,NA,NA,NA,NA,NA,NA,0.405669512539496,0.459339610003485,5.36700974639883,"indep = independent given the pilot draw; corr = DGP-implied correlation of the two estimates",NA,NA,NA,NA,NA,NA,NA
"grid","Turkish","joint",NA,NA,10,80,0.92,NA,0.416666666666667,0.0450051437389435,NA,NA,NA,NA,NA,NA,NA,NA,NA,NA,NA,NA,NA,NA,NA,NA,NA,NA,NA,NA,NA,NA,NA,NA,NA,NA,NA,NA,NA,NA,NA,NA,NA,NA,NA,NA,NA,NA,NA,NA,NA,NA,NA,NA,NA,NA,NA,NA,NA,NA,NA,NA,NA,NA,NA,NA,NA,NA,NA,NA,0.414890628212717,0.460707239962515,4.58166117497989,4.50051437389435,NA,NA,NA,NA,NA,NA,NA,NA,NA,NA,NA,NA,0.405669512539496,0.453134723788691,4.74652112491945,"indep = independent given the pilot draw; corr = DGP-implied correlation of the two estimates",NA,NA,NA,NA,NA,NA,NA
"grid","Turkish","joint",NA,NA,10,80,0.93,NA,0.416666666666667,0.0450051437389435,NA,NA,NA,NA,NA,NA,NA,NA,NA,NA,NA,NA,NA,NA,NA,NA,NA,NA,NA,NA,NA,NA,NA,NA,NA,NA,NA,NA,NA,NA,NA,NA,NA,NA,NA,NA,NA,NA,NA,NA,NA,NA,NA,NA,NA,NA,NA,NA,NA,NA,NA,NA,NA,NA,NA,NA,NA,NA,NA,NA,0.414890628212717,0.454768647727123,3.98780195144068,4.50051437389435,NA,NA,NA,NA,NA,NA,NA,NA,NA,NA,NA,NA,0.405669512539496,0.446987473765148,4.13179612256518,"indep = independent given the pilot draw; corr = DGP-implied correlation of the two estimates",NA,NA,NA,NA,NA,NA,NA
"grid","Turkish","joint",NA,NA,10,80,0.94,NA,0.416666666666667,0.0450051437389435,NA,NA,NA,NA,NA,NA,NA,NA,NA,NA,NA,NA,NA,NA,NA,NA,NA,NA,NA,NA,NA,NA,NA,NA,NA,NA,NA,NA,NA,NA,NA,NA,NA,NA,NA,NA,NA,NA,NA,NA,NA,NA,NA,NA,NA,NA,NA,NA,NA,NA,NA,NA,NA,NA,NA,NA,NA,NA,NA,NA,0.414890628212717,0.448888638778597,3.39980105658801,4.50051437389435,NA,NA,NA,NA,NA,NA,NA,NA,NA,NA,NA,NA,0.405669512539496,0.440899182286024,3.52296697465277,"indep = independent given the pilot draw; corr = DGP-implied correlation of the two estimates",NA,NA,NA,NA,NA,NA,NA
"grid","Turkish","joint",NA,NA,10,80,0.95,NA,0.416666666666667,0.0450051437389435,NA,NA,NA,NA,NA,NA,NA,NA,NA,NA,NA,NA,NA,NA,NA,NA,NA,NA,NA,NA,NA,NA,NA,NA,NA,NA,NA,NA,NA,NA,NA,NA,NA,NA,NA,NA,NA,NA,NA,NA,NA,NA,NA,NA,NA,NA,NA,NA,NA,NA,NA,NA,NA,NA,NA,NA,NA,NA,NA,NA,0.414890628212717,0.443068249748603,2.81776215358865,4.50051437389435,NA,NA,NA,NA,NA,NA,NA,NA,NA,NA,NA,NA,0.405669512539496,0.434871073794202,2.92015612547062,"indep = independent given the pilot draw; corr = DGP-implied correlation of the two estimates",NA,NA,NA,NA,NA,NA,NA
"grid","Turkish","joint",NA,NA,10,80,0.96,NA,0.416666666666667,0.0450051437389435,NA,NA,NA,NA,NA,NA,NA,NA,NA,NA,NA,NA,NA,NA,NA,NA,NA,NA,NA,NA,NA,NA,NA,NA,NA,NA,NA,NA,NA,NA,NA,NA,NA,NA,NA,NA,NA,NA,NA,NA,NA,NA,NA,NA,NA,NA,NA,NA,NA,NA,NA,NA,NA,NA,NA,NA,NA,NA,NA,NA,0.414890628212717,0.437308426027308,2.24177978145915,4.50051437389435,NA,NA,NA,NA,NA,NA,NA,NA,NA,NA,NA,NA,0.405669512539496,0.428904276574396,2.32347640348999,"indep = independent given the pilot draw; corr = DGP-implied correlation of the two estimates",NA,NA,NA,NA,NA,NA,NA
"grid","Turkish","joint",NA,NA,10,80,0.97,NA,0.416666666666667,0.0450051437389435,NA,NA,NA,NA,NA,NA,NA,NA,NA,NA,NA,NA,NA,NA,NA,NA,NA,NA,NA,NA,NA,NA,NA,NA,NA,NA,NA,NA,NA,NA,NA,NA,NA,NA,NA,NA,NA,NA,NA,NA,NA,NA,NA,NA,NA,NA,NA,NA,NA,NA,NA,NA,NA,NA,NA,NA,NA,NA,NA,NA,0.414890628212717,0.431610024021423,1.67193958087064,4.50051437389435,NA,NA,NA,NA,NA,NA,NA,NA,NA,NA,NA,NA,0.405669512539496,0.422999824677726,1.73303121382299,"indep = independent given the pilot draw; corr = DGP-implied correlation of the two estimates",NA,NA,NA,NA,NA,NA,NA
"grid","Turkish","joint",NA,NA,10,80,0.98,NA,0.416666666666667,0.0450051437389435,NA,NA,NA,NA,NA,NA,NA,NA,NA,NA,NA,NA,NA,NA,NA,NA,NA,NA,NA,NA,NA,NA,NA,NA,NA,NA,NA,NA,NA,NA,NA,NA,NA,NA,NA,NA,NA,NA,NA,NA,NA,NA,NA,NA,NA,NA,NA,NA,NA,NA,NA,NA,NA,NA,NA,NA,NA,NA,NA,NA,0.414890628212717,0.425973813530613,1.10831853178963,4.50051437389435,NA,NA,NA,NA,NA,NA,NA,NA,NA,NA,NA,NA,0.405669512539496,0.417158660000869,1.14891474613725,"indep = independent given the pilot draw; corr = DGP-implied correlation of the two estimates",NA,NA,NA,NA,NA,NA,NA
"grid","Turkish","joint",NA,NA,10,80,0.99,NA,0.416666666666667,0.0450051437389435,NA,NA,NA,NA,NA,NA,NA,NA,NA,NA,NA,NA,NA,NA,NA,NA,NA,NA,NA,NA,NA,NA,NA,NA,NA,NA,NA,NA,NA,NA,NA,NA,NA,NA,NA,NA,NA,NA,NA,NA,NA,NA,NA,NA,NA,NA,NA,NA,NA,NA,NA,NA,NA,NA,NA,NA,NA,NA,NA,NA,0.414890628212717,0.420400480225688,0.550985201297138,4.50051437389435,NA,NA,NA,NA,NA,NA,NA,NA,NA,NA,NA,NA,0.405669512539496,0.411381634502392,0.571212196289589,"indep = independent given the pilot draw; corr = DGP-implied correlation of the two estimates",NA,NA,NA,NA,NA,NA,NA
"grid","Turkish","joint",NA,NA,10,80,1,NA,0.416666666666667,0.0450051437389435,NA,NA,NA,NA,NA,NA,NA,NA,NA,NA,NA,NA,NA,NA,NA,NA,NA,NA,NA,NA,NA,NA,NA,NA,NA,NA,NA,NA,NA,NA,NA,NA,NA,NA,NA,NA,NA,NA,NA,NA,NA,NA,NA,NA,NA,NA,NA,NA,NA,NA,NA,NA,NA,NA,NA,NA,NA,NA,NA,NA,0.414890628212717,0.414890628212717,0,4.50051437389435,NA,NA,NA,NA,NA,NA,NA,NA,NA,NA,NA,NA,0.405669512539496,0.405669512539496,0,"indep = independent given the pilot draw; corr = DGP-implied correlation of the two estimates",NA,NA,NA,NA,NA,NA,NA
"grid","Turkish","h1a",NA,NA,6,80,0.7,NA,0.816666666666667,0.0353225874644707,NA,NA,NA,NA,NA,0.150129669957844,NA,NA,NA,NA,NA,NA,NA,NA,NA,NA,NA,NA,NA,NA,NA,NA,NA,NA,NA,NA,NA,NA,NA,NA,NA,NA,NA,NA,NA,NA,NA,NA,NA,NA,NA,NA,NA,NA,NA,NA,NA,NA,NA,NA,NA,NA,NA,NA,NA,NA,NA,0.154470630623509,0.108129441436456,"near ceiling: MC interval reaches the verb floor",0.816666666666666,0.90404693886197,8.73802721953035,3.53225874644707,2.47377891790048,Inf,Inf,Inf,Inf,0.165908791381939,0.792794994199622,0.890653766222441,9.78587720228198,Inf,3200,Inf,NA,NA,NA,NA,NA,NA,NA,NA,NA,NA,NA
"grid","Turkish","h1a",NA,NA,6,80,0.71,NA,0.816666666666667,0.0353225874644707,NA,NA,NA,NA,NA,0.150129669957844,NA,NA,NA,NA,NA,NA,NA,NA,NA,NA,NA,NA,NA,NA,NA,NA,NA,NA,NA,NA,NA,NA,NA,NA,NA,NA,NA,NA,NA,NA,NA,NA,NA,NA,NA,NA,NA,NA,NA,NA,NA,NA,NA,NA,NA,NA,NA,NA,NA,NA,NA,0.154470630623509,0.109674147742692,"near ceiling: MC interval reaches the verb floor",0.816666666666666,0.90153504480717,8.48683781405035,3.53225874644707,2.40266594925608,Inf,Inf,Inf,Inf,0.165908791381939,0.792794994199622,0.887766949168251,9.49719549686294,Inf,3200,Inf,NA,NA,NA,NA,NA,NA,NA,NA,NA,NA,NA
"grid","Turkish","h1a",NA,NA,6,80,0.72,NA,0.816666666666667,0.0353225874644707,NA,NA,NA,NA,NA,0.150129669957844,NA,NA,NA,NA,NA,NA,NA,NA,NA,NA,NA,NA,NA,NA,NA,NA,NA,NA,NA,NA,NA,NA,NA,NA,NA,NA,NA,NA,NA,NA,NA,NA,NA,NA,NA,NA,NA,NA,NA,NA,NA,NA,NA,NA,NA,NA,NA,NA,NA,NA,NA,0.154470630623509,0.111218854048927,"near ceiling: MC interval reaches the verb floor",0.816666666666666,0.898988025102529,8.23213584358623,3.53225874644707,2.33055855601364,Inf,Inf,Inf,Inf,0.165908791381939,0.792794994199622,0.884843909672539,9.20489154729179,Inf,3200,Inf,NA,NA,NA,NA,NA,NA,NA,NA,NA,NA,NA
"grid","Turkish","h1a",NA,NA,6,80,0.73,NA,0.816666666666667,0.0353225874644707,NA,NA,NA,NA,NA,0.150129669957844,NA,NA,NA,NA,NA,NA,NA,NA,NA,NA,NA,NA,NA,NA,NA,NA,NA,NA,NA,NA,NA,NA,NA,NA,NA,NA,NA,NA,NA,NA,NA,NA,NA,NA,NA,NA,NA,NA,NA,NA,NA,NA,NA,NA,NA,NA,NA,NA,NA,NA,NA,0.154470630623509,0.112763560355162,"near ceiling: MC interval reaches the verb floor",0.816666666666666,0.896406524207517,7.97398575408503,3.53225874644707,2.25747498314094,Inf,Inf,Inf,Inf,0.165908791381939,0.792794994199622,0.881885633316103,8.90906391164814,Inf,3200,Inf,NA,NA,NA,NA,NA,NA,NA,NA,NA,NA,NA
"grid","Turkish","h1a",NA,NA,6,80,0.74,NA,0.816666666666667,0.0353225874644707,NA,NA,NA,NA,NA,0.150129669957844,NA,NA,NA,NA,NA,NA,NA,NA,NA,NA,NA,NA,NA,NA,NA,NA,NA,NA,NA,NA,NA,NA,NA,NA,NA,NA,NA,NA,NA,NA,NA,NA,NA,NA,NA,NA,NA,NA,NA,NA,NA,NA,NA,NA,NA,NA,NA,NA,NA,NA,NA,0.154470630623509,0.114308266661397,"near ceiling: MC interval reaches the verb floor",0.816666666666666,0.893791218228867,7.71245515622003,3.53225874644707,2.18343437155549,Inf,Inf,Inf,Inf,0.165908791381939,0.792794994199622,0.878893136898026,8.60981426984049,Inf,3200,Inf,NA,NA,NA,NA,NA,NA,NA,NA,NA,NA,NA
"grid","Turkish","h1a",NA,NA,6,80,0.75,NA,0.816666666666667,0.0353225874644707,NA,NA,NA,NA,NA,0.150129669957844,NA,NA,NA,NA,NA,NA,NA,NA,NA,NA,NA,NA,NA,NA,NA,NA,NA,NA,NA,NA,NA,NA,NA,NA,NA,NA,NA,NA,NA,NA,NA,NA,NA,NA,NA,NA,NA,NA,NA,NA,NA,NA,NA,NA,NA,NA,NA,NA,NA,NA,NA,0.154470630623509,0.115852972967632,"near ceiling: MC interval reaches the verb floor",0.816666666666666,0.891142813567381,7.44761469007144,3.53225874644707,2.10845671981494,Inf,Inf,Inf,Inf,0.165908791381939,0.792794994199622,0.87586746595342,8.30724717537984,Inf,3200,Inf,NA,NA,NA,NA,NA,NA,NA,NA,NA,NA,NA
"grid","Turkish","h1a",NA,NA,6,80,0.76,NA,0.816666666666667,0.0353225874644707,NA,NA,NA,NA,NA,0.150129669957844,NA,NA,NA,NA,NA,NA,NA,NA,NA,NA,NA,NA,NA,NA,NA,NA,NA,NA,NA,NA,NA,NA,NA,NA,NA,NA,NA,NA,NA,NA,NA,NA,NA,NA,NA,NA,NA,NA,NA,NA,NA,NA,NA,NA,NA,NA,NA,NA,NA,NA,NA,0.154470630623509,0.117397679273867,"near ceiling: MC interval reaches the verb floor",0.816666666666666,0.888462045467432,7.17953788007661,3.53225874644707,2.03256284305281,Inf,Inf,Inf,Inf,0.165908791381939,0.792794994199622,0.872809692218976,8.00146980193547,Inf,3200,Inf,NA,NA,NA,NA,NA,NA,NA,NA,NA,NA,NA
"grid","Turkish","h1a",NA,NA,6,80,0.77,NA,0.816666666666667,0.0353225874644707,NA,NA,NA,NA,NA,0.150129669957844,NA,NA,NA,NA,NA,NA,NA,NA,NA,NA,NA,NA,NA,NA,NA,NA,NA,NA,NA,NA,NA,NA,NA,NA,NA,NA,NA,NA,NA,NA,NA,NA,NA,NA,NA,NA,NA,NA,NA,NA,NA,NA,NA,NA,NA,NA,NA,NA,NA,NA,NA,0.154470630623509,0.118942385580102,"near ceiling: MC interval reaches the verb floor",0.816666666666666,0.885749676480861,6.90830098141945,3.53225874644707,1.95577432949049,Inf,Inf,Inf,Inf,0.165908791381939,0.792794994199622,0.86972091106427,7.69259168646487,Inf,3200,Inf,NA,NA,NA,NA,NA,NA,NA,NA,NA,NA,NA
"grid","Turkish","h1a",NA,NA,6,80,0.78,NA,0.816666666666667,0.0353225874644707,NA,NA,NA,NA,NA,0.150129669957844,NA,NA,NA,NA,NA,NA,NA,NA,NA,NA,NA,NA,NA,NA,NA,NA,NA,NA,NA,NA,NA,NA,NA,NA,NA,NA,NA,NA,NA,NA,NA,NA,NA,NA,NA,NA,NA,NA,NA,NA,NA,NA,NA,NA,NA,NA,NA,NA,NA,NA,NA,0.154470630623509,0.120487091886337,"near ceiling: MC interval reaches the verb floor",0.816666666666666,0.883006494857164,6.63398281904972,3.53225874644707,1.87811349486289,Inf,Inf,Inf,Inf,0.165908791381939,0.792794994199622,0.866602238905804,7.3807244706182,Inf,3200,Inf,NA,NA,NA,NA,NA,NA,NA,NA,NA,NA,NA
"grid","Turkish","h1a",NA,NA,6,80,0.79,NA,0.816666666666667,0.0353225874644707,NA,NA,NA,NA,NA,0.150129669957844,NA,NA,NA,NA,NA,NA,NA,NA,NA,NA,NA,NA,NA,NA,NA,NA,NA,NA,NA,NA,NA,NA,NA,NA,NA,NA,NA,NA,NA,NA,NA,NA,NA,NA,NA,NA,NA,NA,NA,NA,NA,NA,NA,NA,NA,NA,NA,NA,NA,NA,NA,0.154470630623509,0.122031798192572,"near ceiling: MC interval reaches the verb floor",0.816666666666666,0.880233312871921,6.3566646205255,3.53225874644707,1.79960333509524,Inf,Inf,Inf,Inf,0.165908791381939,0.792794994199622,0.863454810619757,7.0659816420136,Inf,3200,Inf,NA,NA,NA,NA,NA,NA,NA,NA,NA,NA,NA
"grid","Turkish","h1a",NA,NA,6,80,0.8,NA,0.816666666666667,0.0353225874644707,NA,NA,NA,NA,NA,0.150129669957844,NA,NA,NA,NA,NA,NA,NA,NA,NA,NA,NA,NA,NA,NA,NA,NA,NA,NA,NA,NA,NA,NA,NA,NA,NA,NA,NA,NA,NA,NA,NA,NA,NA,NA,NA,NA,NA,NA,NA,NA,NA,NA,NA,NA,NA,NA,NA,NA,NA,NA,NA,0.154470630623509,0.123576504498807,"near ceiling: MC interval reaches the verb floor",0.816666666666666,0.877430965105219,6.07642984385529,3.53225874644707,1.7202674775644,Inf,Inf,Inf,Inf,0.165908791381939,0.792794994199622,0.860279776968308,6.74847827686865,Inf,3200,Inf,NA,NA,NA,NA,NA,NA,NA,NA,NA,NA,NA
"grid","Turkish","h1a",NA,NA,6,80,0.81,NA,0.816666666666667,0.0353225874644707,NA,NA,NA,NA,NA,0.150129669957844,NA,NA,NA,NA,NA,NA,NA,NA,NA,NA,NA,NA,NA,NA,NA,NA,NA,NA,NA,NA,NA,NA,NA,NA,NA,NA,NA,NA,NA,NA,NA,NA,NA,NA,NA,NA,NA,NA,NA,NA,NA,NA,NA,NA,NA,NA,NA,NA,NA,NA,NA,0.154470630623509,0.125121210805042,"near ceiling: MC interval reaches the verb floor",0.816666666666666,0.87460030668155,5.79336400148841,3.53225874644707,1.64013013126959,Inf,Inf,Inf,Inf,0.165908791381939,0.792794994199622,0.857078302053194,6.42833078535723,Inf,3200,Inf,NA,NA,NA,NA,NA,NA,NA,NA,NA,NA,NA
"grid","Turkish","h1a",NA,NA,6,80,0.82,NA,0.816666666666667,0.0353225874644707,NA,NA,NA,NA,NA,0.150129669957844,NA,NA,NA,NA,NA,NA,NA,NA,NA,NA,NA,NA,NA,NA,NA,NA,NA,NA,NA,NA,NA,NA,NA,NA,NA,NA,NA,NA,NA,NA,NA,NA,NA,NA,NA,NA,NA,NA,NA,NA,NA,NA,NA,NA,NA,NA,NA,NA,NA,NA,NA,0.154470630623509,0.126665917111278,"near ceiling: MC interval reaches the verb floor",0.816666666666666,0.871742211482279,5.50755448156129,3.53225874644707,1.55921603622642,Inf,Inf,Inf,Inf,0.165908791381939,0.792794994199622,0.853851560809024,6.10565666094022,Inf,3200,Inf,NA,NA,NA,NA,NA,NA,NA,NA,NA,NA,NA
"grid","Turkish","h1a",NA,NA,6,80,0.83,NA,0.816666666666667,0.0353225874644707,NA,NA,NA,NA,NA,0.150129669957844,NA,NA,NA,NA,NA,NA,NA,NA,NA,NA,NA,NA,NA,NA,NA,NA,NA,NA,NA,NA,NA,NA,NA,NA,NA,NA,NA,NA,NA,NA,NA,NA,NA,NA,NA,NA,NA,NA,NA,NA,NA,NA,NA,NA,NA,NA,NA,NA,NA,NA,NA,0.154470630623509,0.128210623417513,"near ceiling: MC interval reaches the verb floor",0.816666666666666,0.868857570341257,5.21909036745907,3.53225874644707,1.47755041238377,Inf,Inf,Inf,Inf,0.165908791381939,0.792794994199622,0.850600736547609,5.78057423479872,Inf,3200,Inf,NA,NA,NA,NA,NA,NA,NA,NA,NA,NA,NA
"grid","Turkish","h1a",NA,NA,6,80,0.84,NA,0.816666666666667,0.0353225874644707,NA,NA,NA,NA,NA,0.150129669957844,NA,NA,NA,NA,NA,NA,NA,NA,NA,NA,NA,NA,NA,NA,NA,NA,NA,NA,NA,NA,NA,NA,NA,NA,NA,NA,NA,NA,NA,NA,NA,NA,NA,NA,NA,NA,NA,NA,NA,NA,NA,NA,NA,NA,NA,NA,NA,NA,NA,NA,NA,0.154470630623509,0.129755329723748,"near ceiling: MC interval reaches the verb floor",0.816666666666666,0.865947289233628,4.92806225669615,3.53225874644707,1.39515890834811,Inf,Inf,Inf,Inf,0.165908791381939,0.792794994199622,0.847327018563389,5.45320243637673,Inf,3200,Inf,NA,NA,NA,NA,NA,NA,NA,NA,NA,NA,NA
"grid","Turkish","h1a",NA,NA,6,80,0.85,NA,0.816666666666667,0.0353225874644707,NA,NA,NA,NA,NA,0.150129669957844,NA,NA,NA,NA,NA,NA,NA,NA,NA,NA,NA,NA,NA,NA,NA,NA,NA,NA,NA,NA,NA,NA,NA,NA,NA,NA,NA,NA,NA,NA,NA,NA,NA,NA,NA,NA,NA,NA,NA,NA,NA,NA,NA,NA,NA,NA,NA,NA,NA,NA,NA,0.154470630623509,0.131300036029983,"near ceiling: MC interval reaches the verb floor",0.816666666666666,0.863012287467258,4.63456208005914,3.53225874644707,1.31206755018182,Inf,Inf,Inf,Inf,0.165908791381939,0.792794994199622,0.844031599808842,5.123660560922,Inf,3200,Inf,NA,NA,NA,NA,NA,NA,NA,NA,NA,NA,NA
"grid","Turkish","h1a",NA,NA,6,80,0.86,NA,0.816666666666667,0.0353225874644707,NA,NA,NA,NA,NA,0.150129669957844,NA,NA,NA,NA,NA,NA,NA,NA,NA,NA,NA,NA,NA,NA,NA,NA,NA,NA,NA,NA,NA,NA,NA,NA,NA,NA,NA,NA,NA,NA,NA,NA,NA,NA,NA,NA,NA,NA,NA,NA,NA,NA,NA,NA,NA,NA,NA,NA,NA,NA,NA,0.154470630623509,0.132844742336218,"near ceiling: MC interval reaches the verb floor",0.816666666666666,0.860053495885578,4.33868292189112,3.53225874644707,1.22830269052492,Inf,Inf,Inf,Inf,0.165908791381939,0.792794994199622,0.840715674647595,4.79206804479738,Inf,3200,Inf,NA,NA,NA,NA,NA,NA,NA,NA,NA,NA,NA
"grid","Turkish","h1a",NA,NA,6,80,0.87,NA,0.816666666666667,0.0353225874644707,NA,NA,NA,NA,NA,0.150129669957844,NA,NA,NA,NA,NA,NA,NA,NA,NA,NA,NA,NA,NA,NA,NA,NA,NA,NA,NA,NA,NA,NA,NA,NA,NA,NA,NA,NA,NA,NA,NA,NA,NA,NA,NA,NA,NA,NA,NA,NA,NA,NA,NA,NA,NA,NA,NA,NA,NA,NA,NA,0.154470630623509,0.134389448642453,"near ceiling: MC interval reaches the verb floor",0.816666666666666,0.857071855089969,4.0405188423303,3.53225874644707,1.14389095826982,Inf,Inf,Inf,Inf,0.165908791381939,0.792794994199622,0.837380436691844,4.45854424922221,Inf,3200,Inf,NA,NA,NA,NA,NA,NA,NA,NA,NA,NA,NA
"grid","Turkish","h1a",NA,NA,6,80,0.88,NA,0.816666666666667,0.0353225874644707,NA,NA,NA,NA,NA,0.150129669957844,NA,NA,NA,NA,NA,NA,NA,NA,NA,NA,NA,NA,NA,NA,NA,NA,NA,NA,NA,NA,NA,NA,NA,NA,NA,NA,NA,NA,NA,NA,NA,NA,NA,NA,NA,NA,NA,NA,NA,NA,NA,NA,NA,NA,NA,NA,NA,NA,NA,NA,NA,0.154470630623509,0.135934154948688,"near ceiling: MC interval reaches the verb floor",0.816666666666666,0.854068313689141,3.74016470224747,3.53225874644707,1.05885920900034,Inf,Inf,Inf,Inf,0.165908791381939,0.792794994199622,0.834027076729585,4.12320825299632,Inf,3200,Inf,NA,NA,NA,NA,NA,NA,NA,NA,NA,NA,NA
"grid","Turkish","h1a",NA,NA,6,80,0.89,NA,0.816666666666667,0.0353225874644707,NA,NA,NA,NA,NA,0.150129669957844,NA,NA,NA,NA,NA,NA,NA,NA,NA,NA,NA,NA,NA,NA,NA,NA,NA,NA,NA,NA,NA,NA,NA,NA,NA,NA,NA,NA,NA,NA,NA,NA,NA,NA,NA,NA,NA,NA,NA,NA,NA,NA,NA,NA,NA,NA,NA,NA,NA,NA,NA,0.154470630623509,0.137478861254923,"near ceiling: MC interval reaches the verb floor",0.816666666666666,0.851043826582257,3.43771599155908,3.53225874644707,0.973234476386224,Inf,Inf,Inf,Inf,0.165908791381939,0.792794994199622,0.830656780746182,3.78617865465608,Inf,3200,Inf,NA,NA,NA,NA,NA,NA,NA,NA,NA,NA,NA
"grid","Turkish","h1a",NA,NA,6,80,0.9,NA,0.816666666666667,0.0353225874644707,NA,NA,NA,NA,NA,0.150129669957844,NA,NA,NA,NA,NA,NA,NA,NA,NA,NA,NA,NA,NA,NA,NA,NA,NA,NA,NA,NA,NA,NA,NA,NA,NA,NA,NA,NA,NA,NA,NA,NA,NA,NA,NA,NA,NA,NA,NA,NA,NA,NA,NA,NA,NA,NA,NA,NA,NA,NA,NA,0.154470630623509,0.139023567561158,"near ceiling: MC interval reaches the verb floor",0.816666666666666,0.847999353281906,3.13326866152398,3.53225874644707,0.887043924705567,Inf,Inf,Inf,Inf,0.165908791381939,0.792794994199622,0.827270728043775,3.44757338441534,Inf,3200,Inf,NA,NA,NA,NA,NA,NA,NA,NA,NA,NA,NA
"grid","Turkish","h1a",NA,NA,6,80,0.91,NA,0.816666666666667,0.0353225874644707,NA,NA,NA,NA,NA,0.150129669957844,NA,NA,NA,NA,NA,NA,NA,NA,NA,NA,NA,NA,NA,NA,NA,NA,NA,NA,NA,NA,NA,NA,NA,NA,NA,NA,NA,NA,NA,NA,NA,NA,NA,NA,NA,NA,NA,NA,NA,NA,NA,NA,NA,NA,NA,NA,NA,NA,NA,NA,NA,0.154470630623509,0.140568273867393,"near ceiling: MC interval reaches the verb floor",0.816666666666666,0.844935856282317,2.82691896156503,3.53225874644707,0.80031480264816,Inf,Inf,2132.61628705066,2052.61628705066,0.165908791381939,0.792794994199622,0.823870089461161,3.10750952615391,1483.65047966363,3200,Inf,NA,NA,NA,NA,NA,NA,NA,NA,NA,NA,NA
"grid","Turkish","h1a",NA,NA,6,80,0.92,NA,0.816666666666667,0.0353225874644707,NA,NA,NA,NA,NA,0.150129669957844,NA,NA,NA,NA,NA,NA,NA,NA,NA,NA,NA,NA,NA,NA,NA,NA,NA,NA,NA,NA,NA,NA,NA,NA,NA,NA,NA,NA,NA,NA,NA,NA,NA,NA,NA,NA,NA,NA,NA,NA,NA,NA,NA,NA,NA,NA,NA,NA,NA,NA,NA,0.154470630623509,0.142112980173629,"near ceiling: MC interval reaches the verb floor",0.816666666666666,0.841854299477576,2.51876328109097,3.53225874644707,0.7130743985345,Inf,Inf,571.525068211492,491.525068211492,0.165908791381939,0.792794994199622,0.82045602569594,2.7661031496318,445.717540370223,3200,Inf,NA,NA,NA,NA,NA,NA,NA,NA,NA,NA,NA
"grid","Turkish","h1a",NA,NA,6,80,0.93,NA,0.816666666666667,0.0353225874644707,NA,NA,NA,NA,NA,0.150129669957844,NA,NA,NA,NA,NA,NA,NA,NA,NA,NA,NA,NA,NA,NA,NA,NA,NA,NA,NA,NA,NA,NA,NA,NA,NA,NA,NA,NA,NA,NA,NA,NA,NA,NA,NA,NA,NA,NA,NA,NA,NA,NA,NA,NA,NA,NA,NA,NA,NA,NA,NA,0.154470630623509,0.143657686479864,"near ceiling: MC interval reaches the verb floor",0.816666666666666,0.838755646633966,2.20889799673,3.53225874644707,0.62534999706684,Inf,Inf,328.461242490033,248.461242490033,0.165908791381939,0.792794994199622,0.817029685729924,2.42346915303021,234.604464807996,3200,Inf,NA,NA,NA,NA,NA,NA,NA,NA,NA,NA,NA
"grid","Turkish","h1a",NA,NA,6,80,0.94,NA,0.816666666666667,0.0353225874644707,NA,NA,NA,NA,NA,0.150129669957844,NA,NA,NA,NA,NA,NA,NA,NA,NA,NA,NA,NA,NA,NA,NA,NA,NA,NA,NA,NA,NA,NA,NA,NA,NA,NA,NA,NA,NA,NA,NA,NA,NA,NA,NA,NA,NA,NA,NA,NA,NA,NA,NA,NA,NA,NA,NA,NA,NA,NA,NA,0.154470630623509,0.145202392786099,"near ceiling: MC interval reaches the verb floor",0.816666666666666,0.835640859919918,1.89741932532521,3.53225874644707,0.537168837711488,Inf,Inf,229.711231391441,149.711231391441,0.165908791381939,0.792794994199622,0.813592205358115,2.07972111584936,143.772418361958,3200,Inf,NA,NA,NA,NA,NA,NA,NA,NA,NA,NA,NA
"grid","Turkish","h1a",NA,NA,6,80,0.95,NA,0.816666666666667,0.0353225874644707,NA,NA,NA,NA,NA,0.150129669957844,NA,NA,NA,NA,NA,NA,NA,NA,NA,NA,NA,NA,NA,NA,NA,NA,NA,NA,NA,NA,NA,NA,NA,NA,NA,NA,NA,NA,NA,NA,NA,NA,NA,NA,NA,NA,NA,NA,NA,NA,NA,NA,NA,NA,NA,NA,NA,NA,NA,NA,NA,0.154470630623509,0.146747099092334,"near ceiling: MC interval reaches the verb floor",0.816666666666666,0.832510898496501,1.58442318298342,3.53225874644707,0.448558074794807,Inf,Inf,176.177864275229,96.1778642752293,0.165908791381939,0.792794994199622,0.810144705820915,1.73497116212934,93.2244589260119,3200,Inf,NA,NA,NA,NA,NA,NA,NA,NA,NA,NA,NA
"grid","Turkish","h1a",NA,NA,6,80,0.96,NA,0.816666666666667,0.0353225874644707,NA,NA,NA,NA,NA,0.150129669957844,NA,NA,NA,NA,NA,NA,NA,NA,NA,NA,NA,NA,NA,NA,NA,NA,NA,NA,NA,NA,NA,NA,NA,NA,NA,NA,NA,NA,NA,NA,NA,NA,NA,NA,NA,NA,NA,NA,NA,NA,NA,NA,NA,NA,NA,NA,NA,NA,NA,NA,NA,0.154470630623509,0.148291805398569,"near ceiling: MC interval reaches the verb floor",0.816666666666666,0.829366717170793,1.27000505041268,3.53225874644707,0.359544739379616,Inf,Inf,142.594971414431,62.5949714144314,0.165908791381939,0.792794994199622,0.806688292538646,1.38932983390246,61.0300596700679,3200,Inf,NA,NA,NA,NA,NA,NA,NA,NA,NA,NA,NA
"grid","Turkish","h1a",NA,NA,6,80,0.97,NA,0.816666666666667,0.0353225874644707,NA,NA,NA,NA,NA,0.150129669957844,NA,NA,NA,NA,NA,NA,NA,NA,NA,NA,NA,NA,NA,NA,NA,NA,NA,NA,NA,NA,NA,NA,NA,NA,NA,NA,NA,NA,NA,NA,NA,NA,NA,NA,NA,NA,NA,NA,NA,NA,NA,NA,NA,NA,NA,NA,NA,NA,NA,NA,NA,0.154470630623509,0.149836511704804,"near ceiling: MC interval reaches the verb floor",0.816666666666666,0.826209265113985,0.954259844731875,3.53225874644707,0.270155702973832,Inf,Inf,119.564938904154,39.5649389041535,0.165908791381939,0.792794994199622,0.803224053946967,1.04290597473458,38.7321831018797,3200,Inf,NA,NA,NA,NA,NA,NA,NA,NA,NA,NA,NA
"grid","Turkish","h1a",NA,NA,6,80,0.98,NA,0.816666666666667,0.0353225874644707,NA,NA,NA,NA,NA,0.150129669957844,NA,NA,NA,NA,NA,NA,NA,NA,NA,NA,NA,NA,NA,NA,NA,NA,NA,NA,NA,NA,NA,NA,NA,NA,NA,NA,NA,NA,NA,NA,NA,NA,NA,NA,NA,NA,NA,NA,NA,NA,NA,NA,NA,NA,NA,NA,NA,NA,NA,NA,NA,0.154470630623509,0.151381218011039,"near ceiling: MC interval reaches the verb floor",0.816666666666666,0.823039484645525,0.637281797885825,3.53225874644707,0.180417643109196,280.321001734325,200.321001734325,102.791409173866,22.7914091738661,0.165908791381939,0.792794994199622,0.799753060431297,0.695806623167516,22.3777757900126,3200,5606.42003468649,NA,NA,NA,NA,NA,NA,NA,NA,NA,NA,NA
"grid","Turkish","h1a",NA,NA,6,80,0.99,NA,0.816666666666667,0.0353225874644707,NA,NA,NA,NA,NA,0.150129669957844,NA,NA,NA,NA,NA,NA,NA,NA,NA,NA,NA,NA,NA,NA,NA,NA,NA,NA,NA,NA,NA,NA,NA,NA,NA,NA,NA,NA,NA,NA,NA,NA,NA,NA,NA,NA,NA,NA,NA,NA,NA,NA,NA,NA,NA,NA,NA,NA,NA,NA,NA,0.154470630623509,0.152925924317274,"near ceiling: MC interval reaches the verb floor",0.816666666666666,0.819858310084209,0.319164341754252,3.53225874644707,0.0903570108150441,124.826612715063,44.8266127150625,90.0315222805601,10.0315222805601,0.165908791381939,0.792794994199622,0.796276363357984,0.348136915836239,9.87170323626088,3200,2496.53225430125,NA,NA,NA,NA,NA,NA,NA,NA,NA,NA,NA
"grid","Turkish","h1a",NA,NA,6,80,1,NA,0.816666666666667,0.0353225874644707,NA,NA,NA,NA,NA,0.150129669957844,NA,NA,NA,NA,NA,NA,NA,NA,NA,NA,NA,NA,NA,NA,NA,NA,NA,NA,NA,NA,NA,NA,NA,NA,NA,NA,NA,NA,NA,NA,NA,NA,NA,NA,NA,NA,NA,NA,NA,NA,NA,NA,NA,NA,NA,NA,NA,NA,NA,NA,NA,0.154470630623509,0.154470630623509,"near ceiling: MC interval reaches the verb floor",0.816666666666666,0.816666666666666,0,3.53225874644707,0,80,0,80,0,0.165908791381939,0.792794994199622,0.792794994199622,0,0,3200,1600,NA,NA,NA,NA,NA,NA,NA,NA,NA,NA,NA
"grid","Turkish","h1b",NA,NA,6,80,0.7,NA,0.641666666666667,0.0437731420275374,NA,NA,NA,NA,NA,0.150175861352492,NA,NA,NA,NA,NA,NA,NA,NA,NA,NA,NA,NA,NA,NA,NA,NA,NA,NA,NA,NA,NA,NA,NA,NA,NA,NA,NA,NA,NA,NA,NA,NA,NA,NA,NA,NA,NA,NA,NA,NA,NA,NA,NA,NA,NA,NA,NA,NA,NA,NA,NA,0.184217213877059,0.128952049713942,"near ceiling: MC interval reaches the verb floor",0.641666666666667,0.755718235399439,11.4051568732772,4.37731420275374,2.60551478486563,Inf,Inf,Inf,Inf,0.192350473272513,0.62602715477437,0.74372139092039,11.769423614602,Inf,3200,Inf,NA,NA,NA,NA,NA,NA,NA,NA,NA,NA,NA
"grid","Turkish","h1b",NA,NA,6,80,0.71,NA,0.641666666666667,0.0437731420275374,NA,NA,NA,NA,NA,0.150175861352492,NA,NA,NA,NA,NA,NA,NA,NA,NA,NA,NA,NA,NA,NA,NA,NA,NA,NA,NA,NA,NA,NA,NA,NA,NA,NA,NA,NA,NA,NA,NA,NA,NA,NA,NA,NA,NA,NA,NA,NA,NA,NA,NA,NA,NA,NA,NA,NA,NA,NA,NA,0.184217213877059,0.130794221852712,"near ceiling: MC interval reaches the verb floor",0.641666666666667,0.751841612860729,11.0174946194062,4.37731420275374,2.51695311533158,Inf,Inf,Inf,Inf,0.192350473272513,0.62602715477437,0.739660424861988,11.3633270087618,Inf,3200,Inf,NA,NA,NA,NA,NA,NA,NA,NA,NA,NA,NA
"grid","Turkish","h1b",NA,NA,6,80,0.72,NA,0.641666666666667,0.0437731420275374,NA,NA,NA,NA,NA,0.150175861352492,NA,NA,NA,NA,NA,NA,NA,NA,NA,NA,NA,NA,NA,NA,NA,NA,NA,NA,NA,NA,NA,NA,NA,NA,NA,NA,NA,NA,NA,NA,NA,NA,NA,NA,NA,NA,NA,NA,NA,NA,NA,NA,NA,NA,NA,NA,NA,NA,NA,NA,NA,0.184217213877059,0.132636393991483,"near ceiling: MC interval reaches the verb floor",0.641666666666667,0.747959545643152,10.6292878976485,4.37731420275374,2.4282670617891,Inf,Inf,Inf,Inf,0.192350473272513,0.62602715477437,0.735597951174046,10.9570796399676,Inf,3200,Inf,NA,NA,NA,NA,NA,NA,NA,NA,NA,NA,NA
"grid","Turkish","h1b",NA,NA,6,80,0.73,NA,0.641666666666667,0.0437731420275374,NA,NA,NA,NA,NA,0.150175861352492,NA,NA,NA,NA,NA,NA,NA,NA,NA,NA,NA,NA,NA,NA,NA,NA,NA,NA,NA,NA,NA,NA,NA,NA,NA,NA,NA,NA,NA,NA,NA,NA,NA,NA,NA,NA,NA,NA,NA,NA,NA,NA,NA,NA,NA,NA,NA,NA,NA,NA,NA,0.184217213877059,0.134478566130253,"near ceiling: MC interval reaches the verb floor",0.641666666666667,0.744073352699575,10.2406686032908,4.37731420275374,2.33948675579388,Inf,Inf,Inf,Inf,0.192350473272513,0.62602715477437,0.731535389355766,10.5508234581396,Inf,3200,Inf,NA,NA,NA,NA,NA,NA,NA,NA,NA,NA,NA
"grid","Turkish","h1b",NA,NA,6,80,0.74,NA,0.641666666666667,0.0437731420275374,NA,NA,NA,NA,NA,0.150175861352492,NA,NA,NA,NA,NA,NA,NA,NA,NA,NA,NA,NA,NA,NA,NA,NA,NA,NA,NA,NA,NA,NA,NA,NA,NA,NA,NA,NA,NA,NA,NA,NA,NA,NA,NA,NA,NA,NA,NA,NA,NA,NA,NA,NA,NA,NA,NA,NA,NA,NA,NA,0.184217213877059,0.136320738269024,"near ceiling: MC interval reaches the verb floor",0.641666666666667,0.740184331980656,9.85176653139889,4.37731420275374,2.25064184910491,Inf,Inf,Inf,Inf,0.192350473272513,0.62602715477437,0.727474128036573,10.1446973262203,Inf,3200,Inf,NA,NA,NA,NA,NA,NA,NA,NA,NA,NA,NA
"grid","Turkish","h1b",NA,NA,6,80,0.75,NA,0.641666666666667,0.0437731420275374,NA,NA,NA,NA,NA,0.150175861352492,NA,NA,NA,NA,NA,NA,NA,NA,NA,NA,NA,NA,NA,NA,NA,NA,NA,NA,NA,NA,NA,NA,NA,NA,NA,NA,NA,NA,NA,NA,NA,NA,NA,NA,NA,NA,NA,NA,NA,NA,NA,NA,NA,NA,NA,NA,NA,NA,NA,NA,NA,0.184217213877059,0.138162910407795,"near ceiling: MC interval reaches the verb floor",0.641666666666667,0.736293758700156,9.46270920334892,4.37731420275374,2.16176147405548,Inf,Inf,Inf,Inf,0.192350473272513,0.62602715477437,0.723415523433533,9.73883686591626,Inf,3200,Inf,NA,NA,NA,NA,NA,NA,NA,NA,NA,NA,NA
"grid","Turkish","h1b",NA,NA,6,80,0.76,NA,0.641666666666667,0.0437731420275374,NA,NA,NA,NA,NA,0.150175861352492,NA,NA,NA,NA,NA,NA,NA,NA,NA,NA,NA,NA,NA,NA,NA,NA,NA,NA,NA,NA,NA,NA,NA,NA,NA,NA,NA,NA,NA,NA,NA,NA,NA,NA,NA,NA,NA,NA,NA,NA,NA,NA,NA,NA,NA,NA,NA,NA,NA,NA,NA,0.184217213877059,0.140005082546565,"near ceiling: MC interval reaches the verb floor",0.641666666666667,0.732402883758967,9.07362170923002,4.37731420275374,2.07287420754988,Inf,Inf,Inf,Inf,0.192350473272513,0.62602715477437,0.719360897993749,9.33337432193795,Inf,3200,Inf,NA,NA,NA,NA,NA,NA,NA,NA,NA,NA,NA
"grid","Turkish","h1b",NA,NA,6,80,0.77,NA,0.641666666666667,0.0437731420275374,NA,NA,NA,NA,NA,0.150175861352492,NA,NA,NA,NA,NA,NA,NA,NA,NA,NA,NA,NA,NA,NA,NA,NA,NA,NA,NA,NA,NA,NA,NA,NA,NA,NA,NA,NA,NA,NA,NA,NA,NA,NA,NA,NA,NA,NA,NA,NA,NA,NA,NA,NA,NA,NA,NA,NA,NA,NA,NA,0.184217213877059,0.141847254685336,"near ceiling: MC interval reaches the verb floor",0.641666666666667,0.728512932323509,8.68462656568418,4.37731420275374,1.98400803858693,Inf,Inf,Inf,Inf,0.192350473272513,0.62602715477437,0.715311539213895,8.92843844395252,Inf,3200,Inf,NA,NA,NA,NA,NA,NA,NA,NA,NA,NA,NA
"grid","Turkish","h1b",NA,NA,6,80,0.78,NA,0.641666666666667,0.0437731420275374,NA,NA,NA,NA,NA,0.150175861352492,NA,NA,NA,NA,NA,NA,NA,NA,NA,NA,NA,NA,NA,NA,NA,NA,NA,NA,NA,NA,NA,NA,NA,NA,NA,NA,NA,NA,NA,NA,NA,NA,NA,NA,NA,NA,NA,NA,NA,NA,NA,NA,NA,NA,NA,NA,NA,NA,NA,NA,NA,0.184217213877059,0.143689426824106,"near ceiling: MC interval reaches the verb floor",0.641666666666667,0.724625102553557,8.29584358868899,4.37731420275374,1.89519033919706,Inf,Inf,Inf,Inf,0.192350473272513,0.62602715477437,0.711268698628654,8.52415438542841,Inf,3200,Inf,NA,NA,NA,NA,NA,NA,NA,NA,NA,NA,NA
"grid","Turkish","h1b",NA,NA,6,80,0.79,NA,0.641666666666667,0.0437731420275374,NA,NA,NA,NA,NA,0.150175861352492,NA,NA,NA,NA,NA,NA,NA,NA,NA,NA,NA,NA,NA,NA,NA,NA,NA,NA,NA,NA,NA,NA,NA,NA,NA,NA,NA,NA,NA,NA,NA,NA,NA,NA,NA,NA,NA,NA,NA,NA,NA,NA,NA,NA,NA,NA,NA,NA,NA,NA,NA,0.184217213877059,0.145531598962877,"near ceiling: MC interval reaches the verb floor",0.641666666666667,0.720740564474086,7.90738978074187,4.37731420275374,1.80644783866952,Inf,Inf,Inf,Inf,0.192350473272513,0.62602715477437,0.707233590959718,8.12064361853484,2067.68355255325,3200,Inf,NA,NA,NA,NA,NA,NA,NA,NA,NA,NA,NA
"grid","Turkish","h1b",NA,NA,6,80,0.8,NA,0.641666666666667,0.0437731420275374,NA,NA,NA,NA,NA,0.150175861352492,NA,NA,NA,NA,NA,NA,NA,NA,NA,NA,NA,NA,NA,NA,NA,NA,NA,NA,NA,NA,NA,NA,NA,NA,NA,NA,NA,NA,NA,NA,NA,NA,NA,NA,NA,NA,NA,NA,NA,NA,NA,NA,NA,NA,NA,NA,NA,NA,NA,NA,NA,0.184217213877059,0.147373771101648,"near ceiling: MC interval reaches the verb floor",0.641666666666667,0.716860458985372,7.51937923187049,4.37731420275374,1.7178066009381,Inf,Inf,1938.26056556219,1858.26056556219,0.192350473272513,0.62602715477437,0.703207393416856,7.71802386424857,946.005066488299,3200,Inf,NA,NA,NA,NA,NA,NA,NA,NA,NA,NA,NA
"grid","Turkish","h1b",NA,NA,6,80,0.81,NA,0.641666666666667,0.0437731420275374,NA,NA,NA,NA,NA,0.150175861352492,NA,NA,NA,NA,NA,NA,NA,NA,NA,NA,NA,NA,NA,NA,NA,NA,NA,NA,NA,NA,NA,NA,NA,NA,NA,NA,NA,NA,NA,NA,NA,NA,NA,NA,NA,NA,NA,NA,NA,NA,NA,NA,NA,NA,NA,NA,NA,NA,NA,NA,NA,0.184217213877059,0.149215943240418,"near ceiling: MC interval reaches the verb floor",0.641666666666667,0.712985897005356,7.13192303386891,4.37731420275374,1.62929200498842,Inf,Inf,950.677968276094,870.677968276094,0.192350473272513,0.62602715477437,0.699191245142565,7.31640903681946,591.098989634678,3200,Inf,NA,NA,NA,NA,NA,NA,NA,NA,NA,NA,NA
"grid","Turkish","h1b",NA,NA,6,80,0.82,NA,0.641666666666667,0.0437731420275374,NA,NA,NA,NA,NA,0.150175861352492,NA,NA,NA,NA,NA,NA,NA,NA,NA,NA,NA,NA,NA,NA,NA,NA,NA,NA,NA,NA,NA,NA,NA,NA,NA,NA,NA,NA,NA,NA,NA,NA,NA,NA,NA,NA,NA,NA,NA,NA,NA,NA,NA,NA,NA,NA,NA,NA,NA,NA,NA,0.184217213877059,0.151058115379189,"near ceiling: MC interval reaches the verb floor",0.641666666666667,0.709117958738106,6.74512920714391,4.37731420275374,1.54092872814581,3426.54519960399,3346.54519960399,627.158554372862,547.158554372862,0.192350473272513,0.62602715477437,0.695186246791894,6.91590920175241,417.033902625551,3200,68530.9039920799,NA,NA,NA,NA,NA,NA,NA,NA,NA,NA,NA
"grid","Turkish","h1b",NA,NA,6,80,0.83,NA,0.641666666666667,0.0437731420275374,NA,NA,NA,NA,NA,0.150175861352492,NA,NA,NA,NA,NA,NA,NA,NA,NA,NA,NA,NA,NA,NA,NA,NA,NA,NA,NA,NA,NA,NA,NA,NA,NA,NA,NA,NA,NA,NA,NA,NA,NA,NA,NA,NA,NA,NA,NA,NA,NA,NA,NA,NA,NA,NA,NA,NA,NA,NA,NA,0.184217213877059,0.152900287517959,"near ceiling: MC interval reaches the verb floor",0.641666666666667,0.705257693062133,6.3591026395466,4.37731420275374,1.45274073210146,1102.87747440023,1022.87747440023,466.469440739777,386.469440739777,0.192350473272513,0.62602715477437,0.691193460239101,6.51663054647315,313.67285619003,3200,22057.5494880045,NA,NA,NA,NA,NA,NA,NA,NA,NA,NA,NA
"grid","Turkish","h1b",NA,NA,6,80,0.84,NA,0.641666666666667,0.0437731420275374,NA,NA,NA,NA,NA,0.150175861352492,NA,NA,NA,NA,NA,NA,NA,NA,NA,NA,NA,NA,NA,NA,NA,NA,NA,NA,NA,NA,NA,NA,NA,NA,NA,NA,NA,NA,NA,NA,NA,NA,NA,NA,NA,NA,NA,NA,NA,NA,NA,NA,NA,NA,NA,NA,NA,NA,NA,NA,NA,0.184217213877059,0.15474245965673,"near ceiling: MC interval reaches the verb floor",0.641666666666667,0.701406117032288,5.97394503656213,4.37731420275374,1.36475125153318,653.999985298291,573.999985298291,370.412760845838,290.412760845838,0.192350473272513,0.62602715477437,0.687213908402984,6.11867536286145,245.221421474269,3200,13079.9997059658,NA,NA,NA,NA,NA,NA,NA,NA,NA,NA,NA
"grid","Turkish","h1b",NA,NA,6,80,0.85,NA,0.641666666666667,0.0437731420275374,NA,NA,NA,NA,NA,0.150175861352492,NA,NA,NA,NA,NA,NA,NA,NA,NA,NA,NA,NA,NA,NA,NA,NA,NA,NA,NA,NA,NA,NA,NA,NA,NA,NA,NA,NA,NA,NA,NA,NA,NA,NA,NA,NA,NA,NA,NA,NA,NA,NA,NA,NA,NA,NA,NA,NA,NA,NA,NA,0.184217213877059,0.156584631795501,"near ceiling: MC interval reaches the verb floor",0.641666666666667,0.697564215488988,5.58975488223211,4.37731420275374,1.2769827851781,463.2121328508,383.2121328508,306.534392305377,226.534392305377,0.192350473272513,0.62602715477437,0.683248575182897,5.72214204085266,196.557913966256,3200,9264.242657016,NA,NA,NA,NA,NA,NA,NA,NA,NA,NA,NA
"grid","Turkish","h1b",NA,NA,6,80,0.86,NA,0.641666666666667,0.0437731420275374,NA,NA,NA,NA,NA,0.150175861352492,NA,NA,NA,NA,NA,NA,NA,NA,NA,NA,NA,NA,NA,NA,NA,NA,NA,NA,NA,NA,NA,NA,NA,NA,NA,NA,NA,NA,NA,NA,NA,NA,NA,NA,NA,NA,NA,NA,NA,NA,NA,NA,NA,NA,NA,NA,NA,NA,NA,NA,NA,0.184217213877059,0.158426803934271,"near ceiling: MC interval reaches the verb floor",0.641666666666667,0.69373294076857,5.20662741019028,4.37731420275374,1.18945708921576,357.643908064376,277.643908064376,260.99301453754,180.99301453754,0.192350473272513,0.62602715477437,0.679298405497673,5.32712507233029,160.192167136137,3200,7152.87816128752,NA,NA,NA,NA,NA,NA,NA,NA,NA,NA,NA
"grid","Turkish","h1b",NA,NA,6,80,0.87,NA,0.641666666666667,0.0437731420275374,NA,NA,NA,NA,NA,0.150175861352492,NA,NA,NA,NA,NA,NA,NA,NA,NA,NA,NA,NA,NA,NA,NA,NA,NA,NA,NA,NA,NA,NA,NA,NA,NA,NA,NA,NA,NA,NA,NA,NA,NA,NA,NA,NA,NA,NA,NA,NA,NA,NA,NA,NA,NA,NA,NA,NA,NA,NA,NA,0.184217213877059,0.160268976073042,"near ceiling: MC interval reaches the verb floor",0.641666666666667,0.689913212508683,4.82465458420166,4.37731420275374,1.1021951728223,290.632660598658,210.632660598658,226.890031763829,146.890031763829,0.192350473272513,0.62602715477437,0.675364305419915,4.93371506455446,131.990612915203,3200,5812.65321197316,NA,NA,NA,NA,NA,NA,NA,NA,NA,NA,NA
"grid","Turkish","h1b",NA,NA,6,80,0.88,NA,0.641666666666667,0.0437731420275374,NA,NA,NA,NA,NA,0.150175861352492,NA,NA,NA,NA,NA,NA,NA,NA,NA,NA,NA,NA,NA,NA,NA,NA,NA,NA,NA,NA,NA,NA,NA,NA,NA,NA,NA,NA,NA,NA,NA,NA,NA,NA,NA,NA,NA,NA,NA,NA,NA,NA,NA,NA,NA,NA,NA,NA,NA,NA,NA,0.184217213877059,0.162111148211812,"near ceiling: MC interval reaches the verb floor",0.641666666666667,0.686105917542734,4.44392508760674,4.37731420275374,1.01521729575891,244.324651998538,164.324651998538,200.401580317814,120.401580317814,0.192350473272513,0.62602715477437,0.671447142398334,4.54199876239644,109.485456728823,3200,4886.49303997077,NA,NA,NA,NA,NA,NA,NA,NA,NA,NA,NA
"grid","Turkish","h1b",NA,NA,6,80,0.89,NA,0.641666666666667,0.0437731420275374,NA,NA,NA,NA,NA,0.150175861352492,NA,NA,NA,NA,NA,NA,NA,NA,NA,NA,NA,NA,NA,NA,NA,NA,NA,NA,NA,NA,NA,NA,NA,NA,NA,NA,NA,NA,NA,NA,NA,NA,NA,NA,NA,NA,NA,NA,NA,NA,NA,NA,NA,NA,NA,NA,NA,NA,NA,NA,NA,0.184217213877059,0.163953320350583,"near ceiling: MC interval reaches the verb floor",0.641666666666667,0.682311909877527,4.06452432108605,4.37731420275374,0.928542967861224,210.414981917812,130.414981917812,179.237245108243,99.2372451082432,0.192350473272513,0.62602715477437,0.667547745561113,4.15205907867425,91.1123738232468,3200,4208.29963835625,NA,NA,NA,NA,NA,NA,NA,NA,NA,NA,NA
"grid","Turkish","h1b",NA,NA,6,80,0.9,NA,0.641666666666667,0.0437731420275374,NA,NA,NA,NA,NA,0.150175861352492,NA,NA,NA,NA,NA,NA,NA,NA,NA,NA,NA,NA,NA,NA,NA,NA,NA,NA,NA,NA,NA,NA,NA,NA,NA,NA,NA,NA,NA,NA,NA,NA,NA,NA,NA,NA,NA,NA,NA,NA,NA,NA,NA,NA,NA,NA,NA,NA,NA,NA,NA,0.184217213877059,0.165795492489354,"near ceiling: MC interval reaches the verb floor",0.641666666666667,0.678532010748431,3.68653440817642,4.37731420275374,0.842190950299443,184.516660001633,104.516660001633,161.941423162933,81.941423162933,0.192350473272513,0.62602715477437,0.663666906093483,3.76397513191127,75.8317250107008,3200,3690.33320003265,NA,NA,NA,NA,NA,NA,NA,NA,NA,NA,NA
"grid","Turkish","h1b",NA,NA,6,80,0.91,NA,0.641666666666667,0.0437731420275374,NA,NA,NA,NA,NA,0.150175861352492,NA,NA,NA,NA,NA,NA,NA,NA,NA,NA,NA,NA,NA,NA,NA,NA,NA,NA,NA,NA,NA,NA,NA,NA,NA,NA,NA,NA,NA,NA,NA,NA,NA,NA,NA,NA,NA,NA,NA,NA,NA,NA,NA,NA,NA,NA,NA,NA,NA,NA,NA,0.184217213877059,0.167637664628124,"near ceiling: MC interval reaches the verb floor",0.641666666666667,0.674767008746527,3.31003420798597,4.37731420275374,0.756179258483123,164.093962194082,84.093962194082,147.544746828122,67.5447468281219,0.192350473272513,0.62602715477437,0.659805377683036,3.37782229086662,62.925597848951,3200,3281.87924388164,NA,NA,NA,NA,NA,NA,NA,NA,NA,NA,NA
"grid","Turkish","h1b",NA,NA,6,80,0.92,NA,0.641666666666667,0.0437731420275374,NA,NA,NA,NA,NA,0.150175861352492,NA,NA,NA,NA,NA,NA,NA,NA,NA,NA,NA,NA,NA,NA,NA,NA,NA,NA,NA,NA,NA,NA,NA,NA,NA,NA,NA,NA,NA,NA,NA,NA,NA,NA,NA,NA,NA,NA,NA,NA,NA,NA,NA,NA,NA,NA,NA,NA,NA,NA,NA,0.184217213877059,0.169479836766895,"near ceiling: MC interval reaches the verb floor",0.641666666666667,0.671017660012401,2.93509933457338,4.37731420275374,0.670525166488374,147.579101890504,67.579101890504,135.376703722913,55.376703722913,0.192350473272513,0.62602715477437,0.655963877026505,2.9936722252135,51.882292882852,3200,2951.58203781008,NA,NA,NA,NA,NA,NA,NA,NA,NA,NA,NA
"grid","Turkish","h1b",NA,NA,6,80,0.93,NA,0.641666666666667,0.0437731420275374,NA,NA,NA,NA,NA,0.150175861352492,NA,NA,NA,NA,NA,NA,NA,NA,NA,NA,NA,NA,NA,NA,NA,NA,NA,NA,NA,NA,NA,NA,NA,NA,NA,NA,NA,NA,NA,NA,NA,NA,NA,NA,NA,NA,NA,NA,NA,NA,NA,NA,NA,NA,NA,NA,NA,NA,NA,NA,NA,0.184217213877059,0.171322008905665,"near ceiling: MC interval reaches the verb floor",0.641666666666667,0.667284688491412,2.56180218247454,4.37731420275374,0.58524521288943,133.950614638946,53.9506146389458,124.958708485158,44.9587084851575,0.192350473272513,0.62602715477437,0.652143084392062,2.61159296176919,42.3272447177348,3200,2679.01229277892,NA,NA,NA,NA,NA,NA,NA,NA,NA,NA,NA
"grid","Turkish","h1b",NA,NA,6,80,0.94,NA,0.641666666666667,0.0437731420275374,NA,NA,NA,NA,NA,0.150175861352492,NA,NA,NA,NA,NA,NA,NA,NA,NA,NA,NA,NA,NA,NA,NA,NA,NA,NA,NA,NA,NA,NA,NA,NA,NA,NA,NA,NA,NA,NA,NA,NA,NA,NA,NA,NA,NA,NA,NA,NA,NA,NA,NA,NA,NA,NA,NA,NA,NA,NA,NA,0.184217213877059,0.173164181044436,"near ceiling: MC interval reaches the verb floor",0.641666666666667,0.663568786245456,2.19021195787896,4.37731420275374,0.500355207880922,122.514460042267,42.5144600422668,115.940018416818,35.940018416818,0.192350473272513,0.62602715477437,0.648343644231452,2.23164894570823,33.9799681891594,3200,2450.28920084534,NA,NA,NA,NA,NA,NA,NA,NA,NA,NA,NA
"grid","Turkish","h1b",NA,NA,6,80,0.95,NA,0.641666666666667,0.0437731420275374,NA,NA,NA,NA,NA,0.150175861352492,NA,NA,NA,NA,NA,NA,NA,NA,NA,NA,NA,NA,NA,NA,NA,NA,NA,NA,NA,NA,NA,NA,NA,NA,NA,NA,NA,NA,NA,NA,NA,NA,NA,NA,NA,NA,NA,NA,NA,NA,NA,NA,NA,NA,NA,NA,NA,NA,NA,NA,NA,0.184217213877059,0.175006353183207,"near ceiling: MC interval reaches the verb floor",0.641666666666667,0.659870613816439,1.8203947149772,4.37731420275374,0.415870241581471,112.78256385413,32.7825638541299,108.057719000266,28.0577190002658,0.192350473272513,0.62602715477437,0.644566165836544,1.85390110621739,26.6262665112168,3200,2255.6512770826,NA,NA,NA,NA,NA,NA,NA,NA,NA,NA,NA
"grid","Turkish","h1b",NA,NA,6,80,0.96,NA,0.641666666666667,0.0437731420275374,NA,NA,NA,NA,NA,0.150175861352492,NA,NA,NA,NA,NA,NA,NA,NA,NA,NA,NA,NA,NA,NA,NA,NA,NA,NA,NA,NA,NA,NA,NA,NA,NA,NA,NA,NA,NA,NA,NA,NA,NA,NA,NA,NA,NA,NA,NA,NA,NA,NA,NA,NA,NA,NA,NA,NA,NA,NA,NA,0.184217213877059,0.176848525321977,"near ceiling: MC interval reaches the verb floor",0.641666666666667,0.656190800636868,1.4524133970201,4.37731420275374,0.331804693413691,104.401691690707,24.4016916907069,101.110853322253,21.1108533222525,0.192350473272513,0.62602715477437,0.640811224035161,1.47840692607913,20.0997416619086,3200,2088.03383381414,NA,NA,NA,NA,NA,NA,NA,NA,NA,NA,NA
"grid","Turkish","h1b",NA,NA,6,80,0.97,NA,0.641666666666667,0.0437731420275374,NA,NA,NA,NA,NA,0.150175861352492,NA,NA,NA,NA,NA,NA,NA,NA,NA,NA,NA,NA,NA,NA,NA,NA,NA,NA,NA,NA,NA,NA,NA,NA,NA,NA,NA,NA,NA,NA,NA,NA,NA,NA,NA,NA,NA,NA,NA,NA,NA,NA,NA,NA,NA,NA,NA,NA,NA,NA,NA,0.184217213877059,0.178690697460748,"near ceiling: MC interval reaches the verb floor",0.641666666666667,0.652529945483171,1.08632788165038,4.37731420275374,0.248172242460224,97.1098929962058,17.1098929962058,94.9431872193862,14.9431872193862,0.192350473272513,0.62602715477437,0.637079359921336,1.10522051469659,14.2691664510738,3200,1942.19785992412,NA,NA,NA,NA,NA,NA,NA,NA,NA,NA,NA
"grid","Turkish","h1b",NA,NA,6,80,0.98,NA,0.641666666666667,0.0437731420275374,NA,NA,NA,NA,NA,0.150175861352492,NA,NA,NA,NA,NA,NA,NA,NA,NA,NA,NA,NA,NA,NA,NA,NA,NA,NA,NA,NA,NA,NA,NA,NA,NA,NA,NA,NA,NA,NA,NA,NA,NA,NA,NA,NA,NA,NA,NA,NA,NA,NA,NA,NA,NA,NA,NA,NA,NA,NA,NA,0.184217213877059,0.180532869599518,"near ceiling: MC interval reaches the verb floor",0.641666666666667,0.648888616967526,0.722195030085948,4.37731420275374,0.164985878699687,90.7088038289314,10.7088038289314,89.4314243017808,9.43142430178081,0.192350473272513,0.62602715477437,0.633371081615375,0.734392684100504,9.02965905458913,3200,1814.17607657863,NA,NA,NA,NA,NA,NA,NA,NA,NA,NA,NA
"grid","Turkish","h1b",NA,NA,6,80,0.99,NA,0.641666666666667,0.0437731420275374,NA,NA,NA,NA,NA,0.150175861352492,NA,NA,NA,NA,NA,NA,NA,NA,NA,NA,NA,NA,NA,NA,NA,NA,NA,NA,NA,NA,NA,NA,NA,NA,NA,NA,NA,NA,NA,NA,NA,NA,NA,NA,NA,NA,NA,NA,NA,NA,NA,NA,NA,NA,NA,NA,NA,NA,NA,NA,NA,0.184217213877059,0.182375041738289,"near ceiling: MC interval reaches the verb floor",0.641666666666667,0.645267354064215,0.360068739754815,4.37731420275374,0.0822579150311618,85.0454572893268,5.04545728932682,84.476960970361,4.47696097036096,0.192350473272513,0.62602715477437,0.629686865049413,0.365971027504342,4.29638803898017,3200,1700.90914578654,NA,NA,NA,NA,NA,NA,NA,NA,NA,NA,NA
"grid","Turkish","h1b",NA,NA,6,80,1,NA,0.641666666666667,0.0437731420275374,NA,NA,NA,NA,NA,0.150175861352492,NA,NA,NA,NA,NA,NA,NA,NA,NA,NA,NA,NA,NA,NA,NA,NA,NA,NA,NA,NA,NA,NA,NA,NA,NA,NA,NA,NA,NA,NA,NA,NA,NA,NA,NA,NA,NA,NA,NA,NA,NA,NA,NA,NA,NA,NA,NA,NA,NA,NA,NA,0.184217213877059,0.184217213877059,"near ceiling: MC interval reaches the verb floor",0.641666666666667,0.641666666666667,0,4.37731420275374,0,80,0,80,0,0.192350473272513,0.62602715477437,0.62602715477437,0,0,3200,1600,NA,NA,NA,NA,NA,NA,NA,NA,NA,NA,NA
"grid","Turkish","joint",NA,NA,6,80,0.7,NA,0.516666666666667,0.0456181818852803,NA,NA,NA,NA,NA,NA,NA,NA,NA,NA,NA,NA,NA,NA,NA,NA,NA,NA,NA,NA,NA,NA,NA,NA,NA,NA,NA,NA,NA,NA,NA,NA,NA,NA,NA,NA,NA,NA,NA,NA,NA,NA,NA,NA,NA,NA,NA,NA,NA,NA,NA,NA,NA,NA,NA,NA,NA,NA,NA,NA,0.515986698287321,0.677567681563298,16.1580983275977,4.56181818852803,NA,NA,NA,NA,NA,NA,NA,NA,NA,NA,NA,NA,NA,NA,NA,"indep = independent given the pilot draw; corr = DGP-implied correlation of the two estimates",NA,NA,NA,NA,NA,NA,NA
"grid","Turkish","joint",NA,NA,6,80,0.71,NA,0.516666666666667,0.0456181818852803,NA,NA,NA,NA,NA,NA,NA,NA,NA,NA,NA,NA,NA,NA,NA,NA,NA,NA,NA,NA,NA,NA,NA,NA,NA,NA,NA,NA,NA,NA,NA,NA,NA,NA,NA,NA,NA,NA,NA,NA,NA,NA,NA,NA,NA,NA,NA,NA,NA,NA,NA,NA,NA,NA,NA,NA,NA,NA,NA,NA,0.515986698287321,0.672060214453848,15.6073516166527,4.56181818852803,NA,NA,NA,NA,NA,NA,NA,NA,NA,NA,NA,NA,NA,NA,NA,"indep = independent given the pilot draw; corr = DGP-implied correlation of the two estimates",NA,NA,NA,NA,NA,NA,NA
"grid","Turkish","joint",NA,NA,6,80,0.72,NA,0.516666666666667,0.0456181818852803,NA,NA,NA,NA,NA,NA,NA,NA,NA,NA,NA,NA,NA,NA,NA,NA,NA,NA,NA,NA,NA,NA,NA,NA,NA,NA,NA,NA,NA,NA,NA,NA,NA,NA,NA,NA,NA,NA,NA,NA,NA,NA,NA,NA,NA,NA,NA,NA,NA,NA,NA,NA,NA,NA,NA,NA,NA,NA,NA,NA,0.515986698287321,0.666542782927636,15.0556084640315,4.56181818852803,NA,NA,NA,NA,NA,NA,NA,NA,NA,NA,NA,NA,NA,NA,NA,"indep = independent given the pilot draw; corr = DGP-implied correlation of the two estimates",NA,NA,NA,NA,NA,NA,NA
"grid","Turkish","joint",NA,NA,6,80,0.73,NA,0.516666666666667,0.0456181818852803,NA,NA,NA,NA,NA,NA,NA,NA,NA,NA,NA,NA,NA,NA,NA,NA,NA,NA,NA,NA,NA,NA,NA,NA,NA,NA,NA,NA,NA,NA,NA,NA,NA,NA,NA,NA,NA,NA,NA,NA,NA,NA,NA,NA,NA,NA,NA,NA,NA,NA,NA,NA,NA,NA,NA,NA,NA,NA,NA,NA,0.515986698287321,0.661017598574908,14.5030900287587,4.56181818852803,NA,NA,NA,NA,NA,NA,NA,NA,NA,NA,NA,NA,NA,NA,NA,"indep = independent given the pilot draw; corr = DGP-implied correlation of the two estimates",NA,NA,NA,NA,NA,NA,NA
"grid","Turkish","joint",NA,NA,6,80,0.74,NA,0.516666666666667,0.0456181818852803,NA,NA,NA,NA,NA,NA,NA,NA,NA,NA,NA,NA,NA,NA,NA,NA,NA,NA,NA,NA,NA,NA,NA,NA,NA,NA,NA,NA,NA,NA,NA,NA,NA,NA,NA,NA,NA,NA,NA,NA,NA,NA,NA,NA,NA,NA,NA,NA,NA,NA,NA,NA,NA,NA,NA,NA,NA,NA,NA,NA,0.515986698287321,0.655486850397944,13.9500152110623,4.56181818852803,NA,NA,NA,NA,NA,NA,NA,NA,NA,NA,NA,NA,NA,NA,NA,"indep = independent given the pilot draw; corr = DGP-implied correlation of the two estimates",NA,NA,NA,NA,NA,NA,NA
"grid","Turkish","joint",NA,NA,6,80,0.75,NA,0.516666666666667,0.0456181818852803,NA,NA,NA,NA,NA,NA,NA,NA,NA,NA,NA,NA,NA,NA,NA,NA,NA,NA,NA,NA,NA,NA,NA,NA,NA,NA,NA,NA,NA,NA,NA,NA,NA,NA,NA,NA,NA,NA,NA,NA,NA,NA,NA,NA,NA,NA,NA,NA,NA,NA,NA,NA,NA,NA,NA,NA,NA,NA,NA,NA,0.515986698287321,0.649952701369908,13.3966003082587,4.56181818852803,NA,NA,NA,NA,NA,NA,NA,NA,NA,NA,NA,NA,NA,NA,NA,"indep = independent given the pilot draw; corr = DGP-implied correlation of the two estimates",NA,NA,NA,NA,NA,NA,NA
"grid","Turkish","joint",NA,NA,6,80,0.76,NA,0.516666666666667,0.0456181818852803,NA,NA,NA,NA,NA,NA,NA,NA,NA,NA,NA,NA,NA,NA,NA,NA,NA,NA,NA,NA,NA,NA,NA,NA,NA,NA,NA,NA,NA,NA,NA,NA,NA,NA,NA,NA,NA,NA,NA,NA,NA,NA,NA,NA,NA,NA,NA,NA,NA,NA,NA,NA,NA,NA,NA,NA,NA,NA,NA,NA,0.515986698287321,0.644417285163019,12.8430586875698,4.56181818852803,NA,NA,NA,NA,NA,NA,NA,NA,NA,NA,NA,NA,NA,NA,NA,"indep = independent given the pilot draw; corr = DGP-implied correlation of the two estimates",NA,NA,NA,NA,NA,NA,NA
"grid","Turkish","joint",NA,NA,6,80,0.77,NA,0.516666666666667,0.0456181818852803,NA,NA,NA,NA,NA,NA,NA,NA,NA,NA,NA,NA,NA,NA,NA,NA,NA,NA,NA,NA,NA,NA,NA,NA,NA,NA,NA,NA,NA,NA,NA,NA,NA,NA,NA,NA,NA,NA,NA,NA,NA,NA,NA,NA,NA,NA,NA,NA,NA,NA,NA,NA,NA,NA,NA,NA,NA,NA,NA,NA,0.515986698287321,0.638882703052779,12.2896004765458,4.56181818852803,NA,NA,NA,NA,NA,NA,NA,NA,NA,NA,NA,NA,NA,NA,NA,"indep = independent given the pilot draw; corr = DGP-implied correlation of the two estimates",NA,NA,NA,NA,NA,NA,NA
"grid","Turkish","joint",NA,NA,6,80,0.78,NA,0.516666666666667,0.0456181818852803,NA,NA,NA,NA,NA,NA,NA,NA,NA,NA,NA,NA,NA,NA,NA,NA,NA,NA,NA,NA,NA,NA,NA,NA,NA,NA,NA,NA,NA,NA,NA,NA,NA,NA,NA,NA,NA,NA,NA,NA,NA,NA,NA,NA,NA,NA,NA,NA,NA,NA,NA,NA,NA,NA,NA,NA,NA,NA,NA,NA,0.515986698287321,0.633351021003899,11.7364322716578,4.56181818852803,NA,NA,NA,NA,NA,NA,NA,NA,NA,NA,NA,NA,NA,NA,NA,"indep = independent given the pilot draw; corr = DGP-implied correlation of the two estimates",NA,NA,NA,NA,NA,NA,NA
"grid","Turkish","joint",NA,NA,6,80,0.79,NA,0.516666666666667,0.0456181818852803,NA,NA,NA,NA,NA,NA,NA,NA,NA,NA,NA,NA,NA,NA,NA,NA,NA,NA,NA,NA,NA,NA,NA,NA,NA,NA,NA,NA,NA,NA,NA,NA,NA,NA,NA,NA,NA,NA,NA,NA,NA,NA,NA,NA,NA,NA,NA,NA,NA,NA,NA,NA,NA,NA,NA,NA,NA,NA,NA,NA,0.515986698287321,0.627824266942421,11.18375686551,4.56181818852803,NA,NA,NA,NA,NA,NA,NA,NA,NA,NA,NA,NA,NA,NA,NA,"indep = independent given the pilot draw; corr = DGP-implied correlation of the two estimates",NA,NA,NA,NA,NA,NA,NA
"grid","Turkish","joint",NA,NA,6,80,0.8,NA,0.516666666666667,0.0456181818852803,NA,NA,NA,NA,NA,NA,NA,NA,NA,NA,NA,NA,NA,NA,NA,NA,NA,NA,NA,NA,NA,NA,NA,NA,NA,NA,NA,NA,NA,NA,NA,NA,NA,NA,NA,NA,NA,NA,NA,NA,NA,NA,NA,NA,NA,NA,NA,NA,NA,NA,NA,NA,NA,NA,NA,NA,NA,NA,NA,NA,0.515986698287321,0.622304428217354,10.6317729930033,4.56181818852803,NA,NA,NA,NA,NA,NA,NA,NA,NA,NA,NA,NA,NA,NA,NA,"indep = independent given the pilot draw; corr = DGP-implied correlation of the two estimates",NA,NA,NA,NA,NA,NA,NA
"grid","Turkish","joint",NA,NA,6,80,0.81,NA,0.516666666666667,0.0456181818852803,NA,NA,NA,NA,NA,NA,NA,NA,NA,NA,NA,NA,NA,NA,NA,NA,NA,NA,NA,NA,NA,NA,NA,NA,NA,NA,NA,NA,NA,NA,NA,NA,NA,NA,NA,NA,NA,NA,NA,NA,NA,NA,NA,NA,NA,NA,NA,NA,NA,NA,NA,NA,NA,NA,NA,NA,NA,NA,NA,NA,0.515986698287321,0.616793449254063,10.0806750966742,4.56181818852803,NA,NA,NA,NA,NA,NA,NA,NA,NA,NA,NA,NA,NA,NA,NA,"indep = independent given the pilot draw; corr = DGP-implied correlation of the two estimates",NA,NA,NA,NA,NA,NA,NA
"grid","Turkish","joint",NA,NA,6,80,0.82,NA,0.516666666666667,0.0456181818852803,NA,NA,NA,NA,NA,NA,NA,NA,NA,NA,NA,NA,NA,NA,NA,NA,NA,NA,NA,NA,NA,NA,NA,NA,NA,NA,NA,NA,NA,NA,NA,NA,NA,NA,NA,NA,NA,NA,NA,NA,NA,NA,NA,NA,NA,NA,NA,NA,NA,NA,NA,NA,NA,NA,NA,NA,NA,NA,NA,NA,0.515986698287321,0.61129322940053,9.53065311132095,4.56181818852803,NA,NA,NA,NA,NA,NA,NA,NA,NA,NA,NA,NA,NA,NA,NA,"indep = independent given the pilot draw; corr = DGP-implied correlation of the two estimates",NA,NA,NA,NA,NA,NA,NA
"grid","Turkish","joint",NA,NA,6,80,0.83,NA,0.516666666666667,0.0456181818852803,NA,NA,NA,NA,NA,NA,NA,NA,NA,NA,NA,NA,NA,NA,NA,NA,NA,NA,NA,NA,NA,NA,NA,NA,NA,NA,NA,NA,NA,NA,NA,NA,NA,NA,NA,NA,NA,NA,NA,NA,NA,NA,NA,NA,NA,NA,NA,NA,NA,NA,NA,NA,NA,NA,NA,NA,NA,NA,NA,NA,0.515986698287321,0.605805620966578,8.98189226792573,4.56181818852803,NA,NA,NA,NA,NA,NA,NA,NA,NA,NA,NA,NA,NA,NA,NA,"indep = independent given the pilot draw; corr = DGP-implied correlation of the two estimates",NA,NA,NA,NA,NA,NA,NA
"grid","Turkish","joint",NA,NA,6,80,0.84,NA,0.516666666666667,0.0456181818852803,NA,NA,NA,NA,NA,NA,NA,NA,NA,NA,NA,NA,NA,NA,NA,NA,NA,NA,NA,NA,NA,NA,NA,NA,NA,NA,NA,NA,NA,NA,NA,NA,NA,NA,NA,NA,NA,NA,NA,NA,NA,NA,NA,NA,NA,NA,NA,NA,NA,NA,NA,NA,NA,NA,NA,NA,NA,NA,NA,NA,0.515986698287321,0.600332427455162,8.43457291678407,4.56181818852803,NA,NA,NA,NA,NA,NA,NA,NA,NA,NA,NA,NA,NA,NA,NA,"indep = independent given the pilot draw; corr = DGP-implied correlation of the two estimates",NA,NA,NA,NA,NA,NA,NA
"grid","Turkish","joint",NA,NA,6,80,0.85,NA,0.516666666666667,0.0456181818852803,NA,NA,NA,NA,NA,NA,NA,NA,NA,NA,NA,NA,NA,NA,NA,NA,NA,NA,NA,NA,NA,NA,NA,NA,NA,NA,NA,NA,NA,NA,NA,NA,NA,NA,NA,NA,NA,NA,NA,NA,NA,NA,NA,NA,NA,NA,NA,NA,NA,NA,NA,NA,NA,NA,NA,NA,NA,NA,NA,NA,0.515986698287321,0.594875401983923,7.88887036966025,4.56181818852803,NA,NA,NA,NA,NA,NA,NA,NA,NA,NA,NA,NA,NA,NA,NA,"indep = independent given the pilot draw; corr = DGP-implied correlation of the two estimates",NA,NA,NA,NA,NA,NA,NA
"grid","Turkish","joint",NA,NA,6,80,0.86,NA,0.516666666666667,0.0456181818852803,NA,NA,NA,NA,NA,NA,NA,NA,NA,NA,NA,NA,NA,NA,NA,NA,NA,NA,NA,NA,NA,NA,NA,NA,NA,NA,NA,NA,NA,NA,NA,NA,NA,NA,NA,NA,NA,NA,NA,NA,NA,NA,NA,NA,NA,NA,NA,NA,NA,NA,NA,NA,NA,NA,NA,NA,NA,NA,NA,NA,0.515986698287321,0.589436245894348,7.34495476070266,4.56181818852803,NA,NA,NA,NA,NA,NA,NA,NA,NA,NA,NA,NA,NA,NA,NA,"indep = independent given the pilot draw; corr = DGP-implied correlation of the two estimates",NA,NA,NA,NA,NA,NA,NA
"grid","Turkish","joint",NA,NA,6,80,0.87,NA,0.516666666666667,0.0456181818852803,NA,NA,NA,NA,NA,NA,NA,NA,NA,NA,NA,NA,NA,NA,NA,NA,NA,NA,NA,NA,NA,NA,NA,NA,NA,NA,NA,NA,NA,NA,NA,NA,NA,NA,NA,NA,NA,NA,NA,NA,NA,NA,NA,NA,NA,NA,NA,NA,NA,NA,NA,NA,NA,NA,NA,NA,NA,NA,NA,NA,0.515986698287321,0.584016607545069,6.80299092577484,4.56181818852803,NA,NA,NA,NA,NA,NA,NA,NA,NA,NA,NA,NA,NA,NA,NA,"indep = independent given the pilot draw; corr = DGP-implied correlation of the two estimates",NA,NA,NA,NA,NA,NA,NA
"grid","Turkish","joint",NA,NA,6,80,0.88,NA,0.516666666666667,0.0456181818852803,NA,NA,NA,NA,NA,NA,NA,NA,NA,NA,NA,NA,NA,NA,NA,NA,NA,NA,NA,NA,NA,NA,NA,NA,NA,NA,NA,NA,NA,NA,NA,NA,NA,NA,NA,NA,NA,NA,NA,NA,NA,NA,NA,NA,NA,NA,NA,NA,NA,NA,NA,NA,NA,NA,NA,NA,NA,NA,NA,NA,0.515986698287321,0.578618081285194,6.26313829978726,4.56181818852803,NA,NA,NA,NA,NA,NA,NA,NA,NA,NA,NA,NA,NA,NA,NA,"indep = independent given the pilot draw; corr = DGP-implied correlation of the two estimates",NA,NA,NA,NA,NA,NA,NA
"grid","Turkish","joint",NA,NA,6,80,0.89,NA,0.516666666666667,0.0456181818852803,NA,NA,NA,NA,NA,NA,NA,NA,NA,NA,NA,NA,NA,NA,NA,NA,NA,NA,NA,NA,NA,NA,NA,NA,NA,NA,NA,NA,NA,NA,NA,NA,NA,NA,NA,NA,NA,NA,NA,NA,NA,NA,NA,NA,NA,NA,NA,NA,NA,NA,NA,NA,NA,NA,NA,NA,NA,NA,NA,NA,0.515986698287321,0.573242206602825,5.72555083155042,4.56181818852803,NA,NA,NA,NA,NA,NA,NA,NA,NA,NA,NA,NA,NA,NA,NA,"indep = independent given the pilot draw; corr = DGP-implied correlation of the two estimates",NA,NA,NA,NA,NA,NA,NA
"grid","Turkish","joint",NA,NA,6,80,0.9,NA,0.516666666666667,0.0456181818852803,NA,NA,NA,NA,NA,NA,NA,NA,NA,NA,NA,NA,NA,NA,NA,NA,NA,NA,NA,NA,NA,NA,NA,NA,NA,NA,NA,NA,NA,NA,NA,NA,NA,NA,NA,NA,NA,NA,NA,NA,NA,NA,NA,NA,NA,NA,NA,NA,NA,NA,NA,NA,NA,NA,NA,NA,NA,NA,NA,NA,0.515986698287321,0.567890467443456,5.19037691561353,4.56181818852803,NA,NA,NA,NA,NA,NA,NA,NA,NA,NA,NA,NA,NA,NA,NA,"indep = independent given the pilot draw; corr = DGP-implied correlation of the two estimates",NA,NA,NA,NA,NA,NA,NA
"grid","Turkish","joint",NA,NA,6,80,0.91,NA,0.516666666666667,0.0456181818852803,NA,NA,NA,NA,NA,NA,NA,NA,NA,NA,NA,NA,NA,NA,NA,NA,NA,NA,NA,NA,NA,NA,NA,NA,NA,NA,NA,NA,NA,NA,NA,NA,NA,NA,NA,NA,NA,NA,NA,NA,NA,NA,NA,NA,NA,NA,NA,NA,NA,NA,NA,NA,NA,NA,NA,NA,NA,NA,NA,NA,0.515986698287321,0.562564291692345,4.6577593405024,4.56181818852803,NA,NA,NA,NA,NA,NA,NA,NA,NA,NA,NA,NA,NA,NA,NA,"indep = independent given the pilot draw; corr = DGP-implied correlation of the two estimates",NA,NA,NA,NA,NA,NA,NA
"grid","Turkish","joint",NA,NA,6,80,0.92,NA,0.516666666666667,0.0456181818852803,NA,NA,NA,NA,NA,NA,NA,NA,NA,NA,NA,NA,NA,NA,NA,NA,NA,NA,NA,NA,NA,NA,NA,NA,NA,NA,NA,NA,NA,NA,NA,NA,NA,NA,NA,NA,NA,NA,NA,NA,NA,NA,NA,NA,NA,NA,NA,NA,NA,NA,NA,NA,NA,NA,NA,NA,NA,NA,NA,NA,0.515986698287321,0.557265050814596,4.12783525272746,4.56181818852803,NA,NA,NA,NA,NA,NA,NA,NA,NA,NA,NA,NA,NA,NA,NA,"indep = independent given the pilot draw; corr = DGP-implied correlation of the two estimates",NA,NA,NA,NA,NA,NA,NA
"grid","Turkish","joint",NA,NA,6,80,0.93,NA,0.516666666666667,0.0456181818852803,NA,NA,NA,NA,NA,NA,NA,NA,NA,NA,NA,NA,NA,NA,NA,NA,NA,NA,NA,NA,NA,NA,NA,NA,NA,NA,NA,NA,NA,NA,NA,NA,NA,NA,NA,NA,NA,NA,NA,NA,NA,NA,NA,NA,NA,NA,NA,NA,NA,NA,NA,NA,NA,NA,NA,NA,NA,NA,NA,NA,0.515986698287321,0.551994059646273,3.60073613589524,4.56181818852803,NA,NA,NA,NA,NA,NA,NA,NA,NA,NA,NA,NA,NA,NA,NA,"indep = independent given the pilot draw; corr = DGP-implied correlation of the two estimates",NA,NA,NA,NA,NA,NA,NA
"grid","Turkish","joint",NA,NA,6,80,0.94,NA,0.516666666666667,0.0456181818852803,NA,NA,NA,NA,NA,NA,NA,NA,NA,NA,NA,NA,NA,NA,NA,NA,NA,NA,NA,NA,NA,NA,NA,NA,NA,NA,NA,NA,NA,NA,NA,NA,NA,NA,NA,NA,NA,NA,NA,NA,NA,NA,NA,NA,NA,NA,NA,NA,NA,NA,NA,NA,NA,NA,NA,NA,NA,NA,NA,NA,0.515986698287321,0.546752576329591,3.07658780422705,4.56181818852803,NA,NA,NA,NA,NA,NA,NA,NA,NA,NA,NA,NA,NA,NA,NA,"indep = independent given the pilot draw; corr = DGP-implied correlation of the two estimates",NA,NA,NA,NA,NA,NA,NA
"grid","Turkish","joint",NA,NA,6,80,0.95,NA,0.516666666666667,0.0456181818852803,NA,NA,NA,NA,NA,NA,NA,NA,NA,NA,NA,NA,NA,NA,NA,NA,NA,NA,NA,NA,NA,NA,NA,NA,NA,NA,NA,NA,NA,NA,NA,NA,NA,NA,NA,NA,NA,NA,NA,NA,NA,NA,NA,NA,NA,NA,NA,NA,NA,NA,NA,NA,NA,NA,NA,NA,NA,NA,NA,NA,0.515986698287321,0.541541802384954,2.55551040976332,4.56181818852803,NA,NA,NA,NA,NA,NA,NA,NA,NA,NA,NA,NA,NA,NA,NA,"indep = independent given the pilot draw; corr = DGP-implied correlation of the two estimates",NA,NA,NA,NA,NA,NA,NA
"grid","Turkish","joint",NA,NA,6,80,0.96,NA,0.516666666666667,0.0456181818852803,NA,NA,NA,NA,NA,NA,NA,NA,NA,NA,NA,NA,NA,NA,NA,NA,NA,NA,NA,NA,NA,NA,NA,NA,NA,NA,NA,NA,NA,NA,NA,NA,NA,NA,NA,NA,NA,NA,NA,NA,NA,NA,NA,NA,NA,NA,NA,NA,NA,NA,NA,NA,NA,NA,NA,NA,NA,NA,NA,NA,0.515986698287321,0.536362882912461,2.03761846251403,4.56181818852803,NA,NA,NA,NA,NA,NA,NA,NA,NA,NA,NA,NA,NA,NA,NA,"indep = independent given the pilot draw; corr = DGP-implied correlation of the two estimates",NA,NA,NA,NA,NA,NA,NA
"grid","Turkish","joint",NA,NA,6,80,0.97,NA,0.516666666666667,0.0456181818852803,NA,NA,NA,NA,NA,NA,NA,NA,NA,NA,NA,NA,NA,NA,NA,NA,NA,NA,NA,NA,NA,NA,NA,NA,NA,NA,NA,NA,NA,NA,NA,NA,NA,NA,NA,NA,NA,NA,NA,NA,NA,NA,NA,NA,NA,NA,NA,NA,NA,NA,NA,NA,NA,NA,NA,NA,NA,NA,NA,NA,0.515986698287321,0.531216906915341,1.52302086280202,4.56181818852803,NA,NA,NA,NA,NA,NA,NA,NA,NA,NA,NA,NA,NA,NA,NA,"indep = independent given the pilot draw; corr = DGP-implied correlation of the two estimates",NA,NA,NA,NA,NA,NA,NA
"grid","Turkish","joint",NA,NA,6,80,0.98,NA,0.516666666666667,0.0456181818852803,NA,NA,NA,NA,NA,NA,NA,NA,NA,NA,NA,NA,NA,NA,NA,NA,NA,NA,NA,NA,NA,NA,NA,NA,NA,NA,NA,NA,NA,NA,NA,NA,NA,NA,NA,NA,NA,NA,NA,NA,NA,NA,NA,NA,NA,NA,NA,NA,NA,NA,NA,NA,NA,NA,NA,NA,NA,NA,NA,NA,0.515986698287321,0.526104907737702,1.01182094503808,4.56181818852803,NA,NA,NA,NA,NA,NA,NA,NA,NA,NA,NA,NA,NA,NA,NA,"indep = independent given the pilot draw; corr = DGP-implied correlation of the two estimates",NA,NA,NA,NA,NA,NA,NA
"grid","Turkish","joint",NA,NA,6,80,0.99,NA,0.516666666666667,0.0456181818852803,NA,NA,NA,NA,NA,NA,NA,NA,NA,NA,NA,NA,NA,NA,NA,NA,NA,NA,NA,NA,NA,NA,NA,NA,NA,NA,NA,NA,NA,NA,NA,NA,NA,NA,NA,NA,NA,NA,NA,NA,NA,NA,NA,NA,NA,NA,NA,NA,NA,NA,NA,NA,NA,NA,NA,NA,NA,NA,NA,NA,0.515986698287321,0.52102786360896,0.504116532163934,4.56181818852803,NA,NA,NA,NA,NA,NA,NA,NA,NA,NA,NA,NA,NA,NA,NA,"indep = independent given the pilot draw; corr = DGP-implied correlation of the two estimates",NA,NA,NA,NA,NA,NA,NA
"grid","Turkish","joint",NA,NA,6,80,1,NA,0.516666666666667,0.0456181818852803,NA,NA,NA,NA,NA,NA,NA,NA,NA,NA,NA,NA,NA,NA,NA,NA,NA,NA,NA,NA,NA,NA,NA,NA,NA,NA,NA,NA,NA,NA,NA,NA,NA,NA,NA,NA,NA,NA,NA,NA,NA,NA,NA,NA,NA,NA,NA,NA,NA,NA,NA,NA,NA,NA,NA,NA,NA,NA,NA,NA,0.515986698287321,0.515986698287321,0,4.56181818852803,NA,NA,NA,NA,NA,NA,NA,NA,NA,NA,NA,NA,NA,NA,NA,"indep = independent given the pilot draw; corr = DGP-implied correlation of the two estimates",NA,NA,NA,NA,NA,NA,NA
"grid","Turkish","h1a",NA,NA,3,80,0.7,NA,0.875,0.030190368221228,NA,NA,NA,NA,NA,0.150129669957844,NA,NA,NA,NA,NA,NA,NA,NA,NA,NA,NA,NA,NA,NA,NA,NA,NA,NA,NA,NA,NA,NA,NA,NA,NA,NA,NA,NA,NA,NA,NA,NA,NA,NA,NA,NA,NA,NA,NA,NA,NA,NA,NA,NA,NA,NA,NA,NA,NA,NA,NA,0.158778299633337,0.111144809743336,"near ceiling: MC interval reaches the verb floor",0.875000000000028,0.933711535488004,5.87115354879761,3.0190368221228,1.94471081166522,Inf,Inf,Inf,Inf,0.159517958301963,0.873972930794294,0.933175295290564,5.92023644962706,Inf,3200,Inf,NA,NA,NA,NA,NA,NA,NA,NA,NA,NA,NA
"grid","Turkish","h1a",NA,NA,3,80,0.71,NA,0.875,0.030190368221228,NA,NA,NA,NA,NA,0.150129669957844,NA,NA,NA,NA,NA,NA,NA,NA,NA,NA,NA,NA,NA,NA,NA,NA,NA,NA,NA,NA,NA,NA,NA,NA,NA,NA,NA,NA,NA,NA,NA,NA,NA,NA,NA,NA,NA,NA,NA,NA,NA,NA,NA,NA,NA,NA,NA,NA,NA,NA,NA,0.158778299633337,0.112732592739669,"near ceiling: MC interval reaches the verb floor",0.875000000000028,0.932058709974475,5.70587099744472,3.0190368221228,1.88996402946576,Inf,Inf,Inf,Inf,0.159517958301963,0.873972930794294,0.931506590695425,5.75336599011311,Inf,3200,Inf,NA,NA,NA,NA,NA,NA,NA,NA,NA,NA,NA
"grid","Turkish","h1a",NA,NA,3,80,0.72,NA,0.875,0.030190368221228,NA,NA,NA,NA,NA,0.150129669957844,NA,NA,NA,NA,NA,NA,NA,NA,NA,NA,NA,NA,NA,NA,NA,NA,NA,NA,NA,NA,NA,NA,NA,NA,NA,NA,NA,NA,NA,NA,NA,NA,NA,NA,NA,NA,NA,NA,NA,NA,NA,NA,NA,NA,NA,NA,NA,NA,NA,NA,NA,0.158778299633337,0.114320375736003,"near ceiling: MC interval reaches the verb floor",0.875000000000028,0.930381188031193,5.5381188031165,3.0190368221228,1.83439922379696,Inf,Inf,Inf,Inf,0.159517958301963,0.873972930794294,0.929813054008511,5.58401232142172,Inf,3200,Inf,NA,NA,NA,NA,NA,NA,NA,NA,NA,NA,NA
"grid","Turkish","h1a",NA,NA,3,80,0.73,NA,0.875,0.030190368221228,NA,NA,NA,NA,NA,0.150129669957844,NA,NA,NA,NA,NA,NA,NA,NA,NA,NA,NA,NA,NA,NA,NA,NA,NA,NA,NA,NA,NA,NA,NA,NA,NA,NA,NA,NA,NA,NA,NA,NA,NA,NA,NA,NA,NA,NA,NA,NA,NA,NA,NA,NA,NA,NA,NA,NA,NA,NA,NA,0.158778299633337,0.115908158732336,"near ceiling: MC interval reaches the verb floor",0.875000000000028,0.92867926063227,5.36792606322417,3.0190368221228,1.77802603263705,Inf,Inf,Inf,Inf,0.159517958301963,0.873972930794294,0.928094986865332,5.41220560710383,Inf,3200,Inf,NA,NA,NA,NA,NA,NA,NA,NA,NA,NA,NA
"grid","Turkish","h1a",NA,NA,3,80,0.74,NA,0.875,0.030190368221228,NA,NA,NA,NA,NA,0.150129669957844,NA,NA,NA,NA,NA,NA,NA,NA,NA,NA,NA,NA,NA,NA,NA,NA,NA,NA,NA,NA,NA,NA,NA,NA,NA,NA,NA,NA,NA,NA,NA,NA,NA,NA,NA,NA,NA,NA,NA,NA,NA,NA,NA,NA,NA,NA,NA,NA,NA,NA,NA,0.158778299633337,0.117495941728669,"near ceiling: MC interval reaches the verb floor",0.875000000000028,0.926953238070555,5.19532380705265,3.0190368221228,1.72085473386165,Inf,Inf,Inf,Inf,0.159517958301963,0.873972930794294,0.926352710421767,5.23797796274736,Inf,3200,Inf,NA,NA,NA,NA,NA,NA,NA,NA,NA,NA,NA
"grid","Turkish","h1a",NA,NA,3,80,0.75,NA,0.875,0.030190368221228,NA,NA,NA,NA,NA,0.150129669957844,NA,NA,NA,NA,NA,NA,NA,NA,NA,NA,NA,NA,NA,NA,NA,NA,NA,NA,NA,NA,NA,NA,NA,NA,NA,NA,NA,NA,NA,NA,NA,NA,NA,NA,NA,NA,NA,NA,NA,NA,NA,NA,NA,NA,NA,NA,NA,NA,NA,NA,NA,0.158778299633337,0.119083724725003,"near ceiling: MC interval reaches the verb floor",0.875000000000028,0.925203449467771,5.02034494677427,3.0190368221228,1.66289622901793,Inf,Inf,Inf,Inf,0.159517958301963,0.873972930794294,0.924586564832824,5.06136340385304,Inf,3200,Inf,NA,NA,NA,NA,NA,NA,NA,NA,NA,NA,NA
"grid","Turkish","h1a",NA,NA,3,80,0.76,NA,0.875,0.030190368221228,NA,NA,NA,NA,NA,0.150129669957844,NA,NA,NA,NA,NA,NA,NA,NA,NA,NA,NA,NA,NA,NA,NA,NA,NA,NA,NA,NA,NA,NA,NA,NA,NA,NA,NA,NA,NA,NA,NA,NA,NA,NA,NA,NA,NA,NA,NA,NA,NA,NA,NA,NA,NA,NA,NA,NA,NA,NA,NA,0.158778299633337,0.120671507721336,"near ceiling: MC interval reaches the verb floor",0.875000000000028,0.923430242228295,4.84302422282665,3.0190368221228,1.60416202523205,Inf,Inf,Inf,Inf,0.159517958301963,0.873972930794294,0.922796908674667,4.88239778803738,Inf,3200,Inf,NA,NA,NA,NA,NA,NA,NA,NA,NA,NA,NA
"grid","Turkish","h1a",NA,NA,3,80,0.77,NA,0.875,0.030190368221228,NA,NA,NA,NA,NA,0.150129669957844,NA,NA,NA,NA,NA,NA,NA,NA,NA,NA,NA,NA,NA,NA,NA,NA,NA,NA,NA,NA,NA,NA,NA,NA,NA,NA,NA,NA,NA,NA,NA,NA,NA,NA,NA,NA,NA,NA,NA,NA,NA,NA,NA,NA,NA,NA,NA,NA,NA,NA,NA,0.158778299633337,0.12225929071767,"near ceiling: MC interval reaches the verb floor",0.875000000000028,0.921633981440232,4.66339814402039,3.0190368221228,1.54466421537097,Inf,Inf,Inf,Inf,0.159517958301963,0.873972930794294,0.920984118313859,4.70111875195656,Inf,3200,Inf,NA,NA,NA,NA,NA,NA,NA,NA,NA,NA,NA
"grid","Turkish","h1a",NA,NA,3,80,0.78,NA,0.875,0.030190368221228,NA,NA,NA,NA,NA,0.150129669957844,NA,NA,NA,NA,NA,NA,NA,NA,NA,NA,NA,NA,NA,NA,NA,NA,NA,NA,NA,NA,NA,NA,NA,NA,NA,NA,NA,NA,NA,NA,NA,NA,NA,NA,NA,NA,NA,NA,NA,NA,NA,NA,NA,NA,NA,NA,NA,NA,NA,NA,NA,0.158778299633337,0.123847073714003,"near ceiling: MC interval reaches the verb floor",0.875000000000028,0.91981504922786,4.48150492278319,3.0190368221228,1.48441545659323,Inf,Inf,Inf,Inf,0.159517958301963,0.873972930794294,0.919148587228129,4.5175656433835,Inf,3200,Inf,NA,NA,NA,NA,NA,NA,NA,NA,NA,NA,NA
"grid","Turkish","h1a",NA,NA,3,80,0.79,NA,0.875,0.030190368221228,NA,NA,NA,NA,NA,0.150129669957844,NA,NA,NA,NA,NA,NA,NA,NA,NA,NA,NA,NA,NA,NA,NA,NA,NA,NA,NA,NA,NA,NA,NA,NA,NA,NA,NA,NA,NA,NA,NA,NA,NA,NA,NA,NA,NA,NA,NA,NA,NA,NA,NA,NA,NA,NA,NA,NA,NA,NA,NA,0.158778299633337,0.125434856710336,"near ceiling: MC interval reaches the verb floor",0.875000000000028,0.917973844059814,4.29738440597857,3.0190368221228,1.42342894743394,Inf,Inf,Inf,Inf,0.159517958301963,0.873972930794294,0.91729072528329,4.3317794488997,Inf,3200,Inf,NA,NA,NA,NA,NA,NA,NA,NA,NA,NA,NA
"grid","Turkish","h1a",NA,NA,3,80,0.8,NA,0.875,0.030190368221228,NA,NA,NA,NA,NA,0.150129669957844,NA,NA,NA,NA,NA,NA,NA,NA,NA,NA,NA,NA,NA,NA,NA,NA,NA,NA,NA,NA,NA,NA,NA,NA,NA,NA,NA,NA,NA,NA,NA,NA,NA,NA,NA,NA,NA,NA,NA,NA,NA,NA,NA,NA,NA,NA,NA,NA,NA,NA,NA,0.158778299633337,0.12702263970667,"near ceiling: MC interval reaches the verb floor",0.875000000000028,0.916110780017613,4.11107800175848,3.0190368221228,1.36171840357609,Inf,Inf,Inf,Inf,0.159517958301963,0.873972930794294,0.915410957971111,4.14380271768173,Inf,3200,Inf,NA,NA,NA,NA,NA,NA,NA,NA,NA,NA,NA
"grid","Turkish","h1a",NA,NA,3,80,0.81,NA,0.875,0.030190368221228,NA,NA,NA,NA,NA,0.150129669957844,NA,NA,NA,NA,NA,NA,NA,NA,NA,NA,NA,NA,NA,NA,NA,NA,NA,NA,NA,NA,NA,NA,NA,NA,NA,NA,NA,NA,NA,NA,NA,NA,NA,NA,NA,NA,NA,NA,NA,NA,NA,NA,NA,NA,NA,NA,NA,NA,NA,NA,NA,0.158778299633337,0.128610422703003,"near ceiling: MC interval reaches the verb floor",0.875000000000028,0.91422628602925,3.92262860292213,3.0190368221228,1.29929803246453,Inf,Inf,Inf,Inf,0.159517958301963,0.873972930794294,0.91350972561303,3.9536794818737,Inf,3200,Inf,NA,NA,NA,NA,NA,NA,NA,NA,NA,NA,NA
"grid","Turkish","h1a",NA,NA,3,80,0.82,NA,0.875,0.030190368221228,NA,NA,NA,NA,NA,0.150129669957844,NA,NA,NA,NA,NA,NA,NA,NA,NA,NA,NA,NA,NA,NA,NA,NA,NA,NA,NA,NA,NA,NA,NA,NA,NA,NA,NA,NA,NA,NA,NA,NA,NA,NA,NA,NA,NA,NA,NA,NA,NA,NA,NA,NA,NA,NA,NA,NA,NA,NA,NA,0.158778299633337,0.130198205699336,"near ceiling: MC interval reaches the verb floor",0.875000000000028,0.91232080507262,3.73208050725922,3.0190368221228,1.23618250692121,Inf,Inf,Inf,Inf,0.159517958301963,0.873972930794294,0.911587482534692,3.7614551740399,Inf,3200,Inf,NA,NA,NA,NA,NA,NA,NA,NA,NA,NA,NA
"grid","Turkish","h1a",NA,NA,3,80,0.83,NA,0.875,0.030190368221228,NA,NA,NA,NA,NA,0.150129669957844,NA,NA,NA,NA,NA,NA,NA,NA,NA,NA,NA,NA,NA,NA,NA,NA,NA,NA,NA,NA,NA,NA,NA,NA,NA,NA,NA,NA,NA,NA,NA,NA,NA,NA,NA,NA,NA,NA,NA,NA,NA,NA,NA,NA,NA,NA,NA,NA,NA,NA,NA,0.158778299633337,0.13178598869567,"near ceiling: MC interval reaches the verb floor",0.875000000000028,0.910394793353581,3.53947933535524,3.0190368221228,1.17238693791966,Inf,Inf,Inf,Inf,0.159517958301963,0.873972930794294,0.909644696216186,3.56717654218929,Inf,3200,Inf,NA,NA,NA,NA,NA,NA,NA,NA,NA,NA,NA
"grid","Turkish","h1a",NA,NA,3,80,0.84,NA,0.875,0.030190368221228,NA,NA,NA,NA,NA,0.150129669957844,NA,NA,NA,NA,NA,NA,NA,NA,NA,NA,NA,NA,NA,NA,NA,NA,NA,NA,NA,NA,NA,NA,NA,NA,NA,NA,NA,NA,NA,NA,NA,NA,NA,NA,NA,NA,NA,NA,NA,NA,NA,NA,NA,NA,NA,NA,NA,NA,NA,NA,NA,0.158778299633337,0.133373771692003,"near ceiling: MC interval reaches the verb floor",0.875000000000028,0.90844871946333,3.34487194633013,3.0190368221228,1.10792684667497,Inf,Inf,Inf,Inf,0.159517958301963,0.873972930794294,0.907681846422848,3.3708915628554,Inf,3200,Inf,NA,NA,NA,NA,NA,NA,NA,NA,NA,NA,NA
"grid","Turkish","h1a",NA,NA,3,80,0.85,NA,0.875,0.030190368221228,NA,NA,NA,NA,NA,0.150129669957844,NA,NA,NA,NA,NA,NA,NA,NA,NA,NA,NA,NA,NA,NA,NA,NA,NA,NA,NA,NA,NA,NA,NA,NA,NA,NA,NA,NA,NA,NA,NA,NA,NA,NA,NA,NA,NA,NA,NA,NA,NA,NA,NA,NA,NA,NA,NA,NA,NA,NA,NA,0.158778299633337,0.134961554688336,"near ceiling: MC interval reaches the verb floor",0.875000000000028,0.906483063519741,3.14830635197123,3.0190368221228,1.04281813620197,Inf,Inf,Inf,Inf,0.159517958301963,0.873972930794294,0.905699424321314,3.17264935270208,Inf,3200,Inf,NA,NA,NA,NA,NA,NA,NA,NA,NA,NA,NA
"grid","Turkish","h1a",NA,NA,3,80,0.86,NA,0.875,0.030190368221228,NA,NA,NA,NA,NA,0.150129669957844,NA,NA,NA,NA,NA,NA,NA,NA,NA,NA,NA,NA,NA,NA,NA,NA,NA,NA,NA,NA,NA,NA,NA,NA,NA,NA,NA,NA,NA,NA,NA,NA,NA,NA,NA,NA,NA,NA,NA,NA,NA,NA,NA,NA,NA,NA,NA,NA,NA,NA,NA,0.158778299633337,0.13654933768467,"near ceiling: MC interval reaches the verb floor",0.875000000000028,0.904498316297096,2.94983162970678,3.0190368221228,0.977077062489301,Inf,Inf,Inf,Inf,0.159517958301963,0.873972930794294,0.903697931585393,2.97250007910992,Inf,3200,Inf,NA,NA,NA,NA,NA,NA,NA,NA,NA,NA,NA
"grid","Turkish","h1a",NA,NA,3,80,0.87,NA,0.875,0.030190368221228,NA,NA,NA,NA,NA,0.150129669957844,NA,NA,NA,NA,NA,NA,NA,NA,NA,NA,NA,NA,NA,NA,NA,NA,NA,NA,NA,NA,NA,NA,NA,NA,NA,NA,NA,NA,NA,NA,NA,NA,NA,NA,NA,NA,NA,NA,NA,NA,NA,NA,NA,NA,NA,NA,NA,NA,NA,NA,NA,0.158778299633337,0.138137120681003,"near ceiling: MC interval reaches the verb floor",0.875000000000028,0.902494978348515,2.74949783484862,3.0190368221228,0.910720205431396,Inf,Inf,Inf,Inf,0.159517958301963,0.873972930794294,0.901677879496073,2.77049487017798,Inf,3200,Inf,NA,NA,NA,NA,NA,NA,NA,NA,NA,NA,NA
"grid","Turkish","h1a",NA,NA,3,80,0.88,NA,0.875,0.030190368221228,NA,NA,NA,NA,NA,0.150129669957844,NA,NA,NA,NA,NA,NA,NA,NA,NA,NA,NA,NA,NA,NA,NA,NA,NA,NA,NA,NA,NA,NA,NA,NA,NA,NA,NA,NA,NA,NA,NA,NA,NA,NA,NA,NA,NA,NA,NA,NA,NA,NA,NA,NA,NA,NA,NA,NA,NA,NA,NA,0.158778299633337,0.139724903677337,"near ceiling: MC interval reaches the verb floor",0.875000000000028,0.900473559125155,2.54735591251264,3.0190368221228,0.843764439653802,Inf,Inf,Inf,Inf,0.159517958301963,0.873972930794294,0.899639788039835,2.5666857245542,Inf,3200,Inf,NA,NA,NA,NA,NA,NA,NA,NA,NA,NA,NA
"grid","Turkish","h1a",NA,NA,3,80,0.89,NA,0.875,0.030190368221228,NA,NA,NA,NA,NA,0.150129669957844,NA,NA,NA,NA,NA,NA,NA,NA,NA,NA,NA,NA,NA,NA,NA,NA,NA,NA,NA,NA,NA,NA,NA,NA,NA,NA,NA,NA,NA,NA,NA,NA,NA,NA,NA,NA,NA,NA,NA,NA,NA,NA,NA,NA,NA,NA,NA,NA,NA,NA,NA,0.158778299633337,0.14131268667367,"near ceiling: MC interval reaches the verb floor",0.875000000000028,0.898434576096058,2.34345760960295,3.0190368221228,0.776226905359563,Inf,Inf,Inf,Inf,0.159517958301963,0.873972930794294,0.897584185009131,2.36112542148376,Inf,3200,Inf,NA,NA,NA,NA,NA,NA,NA,NA,NA,NA,NA
"grid","Turkish","h1a",NA,NA,3,80,0.9,NA,0.875,0.030190368221228,NA,NA,NA,NA,NA,0.150129669957844,NA,NA,NA,NA,NA,NA,NA,NA,NA,NA,NA,NA,NA,NA,NA,NA,NA,NA,NA,NA,NA,NA,NA,NA,NA,NA,NA,NA,NA,NA,NA,NA,NA,NA,NA,NA,NA,NA,NA,NA,NA,NA,NA,NA,NA,NA,NA,NA,NA,NA,NA,0.158778299633337,0.142900469670003,"near ceiling: MC interval reaches the verb floor",0.875000000000028,0.896378553872255,2.13785538722263,3.0190368221228,0.708124979316888,Inf,Inf,Inf,Inf,0.159517958301963,0.873972930794294,0.895511605108689,2.15386743143956,Inf,3200,Inf,NA,NA,NA,NA,NA,NA,NA,NA,NA,NA,NA
"grid","Turkish","h1a",NA,NA,3,80,0.91,NA,0.875,0.030190368221228,NA,NA,NA,NA,NA,0.150129669957844,NA,NA,NA,NA,NA,NA,NA,NA,NA,NA,NA,NA,NA,NA,NA,NA,NA,NA,NA,NA,NA,NA,NA,NA,NA,NA,NA,NA,NA,NA,NA,NA,NA,NA,NA,NA,NA,NA,NA,NA,NA,NA,NA,NA,NA,NA,NA,NA,NA,NA,NA,0.158778299633337,0.144488252666337,"near ceiling: MC interval reaches the verb floor",0.875000000000028,0.894306023338513,1.93060233384845,3.0190368221228,0.639476246099898,Inf,Inf,2132.61628705066,2052.61628705066,0.159517958301963,0.873972930794294,0.893422589071027,1.94496582767334,Inf,3200,Inf,NA,NA,NA,NA,NA,NA,NA,NA,NA,NA,NA
"grid","Turkish","h1a",NA,NA,3,80,0.92,NA,0.875,0.030190368221228,NA,NA,NA,NA,NA,0.150129669957844,NA,NA,NA,NA,NA,NA,NA,NA,NA,NA,NA,NA,NA,NA,NA,NA,NA,NA,NA,NA,NA,NA,NA,NA,NA,NA,NA,NA,NA,NA,NA,NA,NA,NA,NA,NA,NA,NA,NA,NA,NA,NA,NA,NA,NA,NA,NA,NA,NA,NA,NA,0.158778299633337,0.14607603566267,"near ceiling: MC interval reaches the verb floor",0.875000000000028,0.892217520795846,1.72175207958175,3.0190368221228,0.570298469685812,Inf,Inf,571.525068211492,491.525068211492,0.159517958301963,0.873972930794294,0.891317682784277,1.73447519899833,Inf,3200,Inf,NA,NA,NA,NA,NA,NA,NA,NA,NA,NA,NA
"grid","Turkish","h1a",NA,NA,3,80,0.93,NA,0.875,0.030190368221228,NA,NA,NA,NA,NA,0.150129669957844,NA,NA,NA,NA,NA,NA,NA,NA,NA,NA,NA,NA,NA,NA,NA,NA,NA,NA,NA,NA,NA,NA,NA,NA,NA,NA,NA,NA,NA,NA,NA,NA,NA,NA,NA,NA,NA,NA,NA,NA,NA,NA,NA,NA,NA,NA,NA,NA,NA,NA,NA,0.158778299633337,0.147663818659003,"near ceiling: MC interval reaches the verb floor",0.875000000000028,0.890113587117646,1.5113587117618,3.0190368221228,0.500609565503447,Inf,Inf,328.461242490033,248.461242490033,0.159517958301963,0.873972930794294,0.889197436435178,1.52245056408848,Inf,3200,Inf,NA,NA,NA,NA,NA,NA,NA,NA,NA,NA,NA
"grid","Turkish","h1a",NA,NA,3,80,0.94,NA,0.875,0.030190368221228,NA,NA,NA,NA,NA,0.150129669957844,NA,NA,NA,NA,NA,NA,NA,NA,NA,NA,NA,NA,NA,NA,NA,NA,NA,NA,NA,NA,NA,NA,NA,NA,NA,NA,NA,NA,NA,NA,NA,NA,NA,NA,NA,NA,NA,NA,NA,NA,NA,NA,NA,NA,NA,NA,NA,NA,NA,NA,NA,0.158778299633337,0.149251601655337,"near ceiling: MC interval reaches the verb floor",0.875000000000028,0.887994766922047,1.29947669220186,3.0190368221228,0.430427573019182,Inf,Inf,229.711231391441,149.711231391441,0.159517958301963,0.873972930794294,0.887062403669808,1.3089472875515,Inf,3200,Inf,NA,NA,NA,NA,NA,NA,NA,NA,NA,NA,NA
"grid","Turkish","h1a",NA,NA,3,80,0.95,NA,0.875,0.030190368221228,NA,NA,NA,NA,NA,0.150129669957844,NA,NA,NA,NA,NA,NA,NA,NA,NA,NA,NA,NA,NA,NA,NA,NA,NA,NA,NA,NA,NA,NA,NA,NA,NA,NA,NA,NA,NA,NA,NA,NA,NA,NA,NA,NA,NA,NA,NA,NA,NA,NA,NA,NA,NA,NA,NA,NA,NA,NA,NA,0.158778299633337,0.15083938465167,"near ceiling: MC interval reaches the verb floor",0.875000000000028,0.885861607762851,1.08616077628232,3.0190368221228,0.359770628938072,1000.6006033857,920.600603385701,176.177864275229,96.1778642752293,0.159517958301963,0.873972930794294,0.884913140774361,1.09402099800679,465.826710329389,3200,20012.012067714,NA,NA,NA,NA,NA,NA,NA,NA,NA,NA,NA
"grid","Turkish","h1a",NA,NA,3,80,0.96,NA,0.875,0.030190368221228,NA,NA,NA,NA,NA,0.150129669957844,NA,NA,NA,NA,NA,NA,NA,NA,NA,NA,NA,NA,NA,NA,NA,NA,NA,NA,NA,NA,NA,NA,NA,NA,NA,NA,NA,NA,NA,NA,NA,NA,NA,NA,NA,NA,NA,NA,NA,NA,NA,NA,NA,NA,NA,NA,NA,NA,NA,NA,NA,0.158778299633337,0.152427167648004,"near ceiling: MC interval reaches the verb floor",0.875000000000028,0.883714659341129,0.871465934110094,3.0190368221228,0.288656941089355,307.471131315672,227.471131315672,142.594971414431,62.5949714144314,0.159517958301963,0.873972930794294,0.882750205878027,0.877727508373316,174.978400561621,3200,6149.42262631344,NA,NA,NA,NA,NA,NA,NA,NA,NA,NA,NA
"grid","Turkish","h1a",NA,NA,3,80,0.97,NA,0.875,0.030190368221228,NA,NA,NA,NA,NA,0.150129669957844,NA,NA,NA,NA,NA,NA,NA,NA,NA,NA,NA,NA,NA,NA,NA,NA,NA,NA,NA,NA,NA,NA,NA,NA,NA,NA,NA,NA,NA,NA,NA,NA,NA,NA,NA,NA,NA,NA,NA,NA,NA,NA,NA,NA,NA,NA,NA,NA,NA,NA,NA,0.158778299633337,0.154014950644337,"near ceiling: MC interval reaches the verb floor",0.875000000000028,0.881554472739315,0.655447273928622,3.0190368221228,0.217104763057428,180.868885562768,100.868885562768,119.564938904154,39.5649389041535,0.159517958301963,0.873972930794294,0.880574158179759,0.660122738546576,85.7384962526884,3200,3617.37771125535,NA,NA,NA,NA,NA,NA,NA,NA,NA,NA,NA
"grid","Turkish","h1a",NA,NA,3,80,0.98,NA,0.875,0.030190368221228,NA,NA,NA,NA,NA,0.150129669957844,NA,NA,NA,NA,NA,NA,NA,NA,NA,NA,NA,NA,NA,NA,NA,NA,NA,NA,NA,NA,NA,NA,NA,NA,NA,NA,NA,NA,NA,NA,NA,NA,NA,NA,NA,NA,NA,NA,NA,NA,NA,NA,NA,NA,NA,NA,NA,NA,NA,NA,NA,0.158778299633337,0.15560273364067,"near ceiling: MC interval reaches the verb floor",0.875000000000028,0.879381599679415,0.438159967938667,3.0190368221228,0.145132369611372,127.730446196251,47.7304461962508,102.791409173866,22.7914091738661,0.159517958301963,0.873972930794294,0.878385557200494,0.441262640620088,42.441214300051,3200,2554.60892392502,NA,NA,NA,NA,NA,NA,NA,NA,NA,NA,NA
"grid","Turkish","h1a",NA,NA,3,80,0.99,NA,0.875,0.030190368221228,NA,NA,NA,NA,NA,0.150129669957844,NA,NA,NA,NA,NA,NA,NA,NA,NA,NA,NA,NA,NA,NA,NA,NA,NA,NA,NA,NA,NA,NA,NA,NA,NA,NA,NA,NA,NA,NA,NA,NA,NA,NA,NA,NA,NA,NA,NA,NA,NA,NA,NA,NA,NA,NA,NA,NA,NA,NA,NA,0.158778299633337,0.157190516637004,"near ceiling: MC interval reaches the verb floor",0.875000000000028,0.877196591806701,0.219659180667275,3.0190368221228,0.0727580329784864,98.4959859764927,18.4959859764927,90.0315222805601,10.0315222805601,0.159517958301963,0.873972930794294,0.876184962062119,0.221203126782543,16.8743411706715,3200,1969.91971952985,NA,NA,NA,NA,NA,NA,NA,NA,NA,NA,NA
"grid","Turkish","h1a",NA,NA,3,80,1,NA,0.875,0.030190368221228,NA,NA,NA,NA,NA,0.150129669957844,NA,NA,NA,NA,NA,NA,NA,NA,NA,NA,NA,NA,NA,NA,NA,NA,NA,NA,NA,NA,NA,NA,NA,NA,NA,NA,NA,NA,NA,NA,NA,NA,NA,NA,NA,NA,NA,NA,NA,NA,NA,NA,NA,NA,NA,NA,NA,NA,NA,NA,NA,0.158778299633337,0.158778299633337,"near ceiling: MC interval reaches the verb floor",0.875000000000028,0.875000000000028,0,3.0190368221228,0,80,0,80,0,0.159517958301963,0.873972930794294,0.873972930794294,0,0,3200,1600,NA,NA,NA,NA,NA,NA,NA,NA,NA,NA,NA
"grid","Turkish","h1b",NA,NA,3,80,0.7,NA,0.741666666666667,0.0399580219545277,NA,NA,NA,NA,NA,0.150175861352492,NA,NA,NA,NA,NA,NA,NA,NA,NA,NA,NA,NA,NA,NA,NA,NA,NA,NA,NA,NA,NA,NA,NA,NA,NA,NA,NA,NA,NA,NA,NA,NA,NA,NA,NA,NA,NA,NA,NA,NA,NA,NA,NA,NA,NA,NA,NA,NA,NA,NA,NA,0.183631420622145,0.128541994435502,"near ceiling: MC interval reaches the verb floor",0.741666666666667,0.822442508655696,8.07758419890292,3.99580219545277,2.02151753359944,Inf,Inf,Inf,Inf,0.186300372818867,0.737813844484231,0.819757023138613,8.19431786543814,Inf,3200,Inf,NA,NA,NA,NA,NA,NA,NA,NA,NA,NA,NA
"grid","Turkish","h1b",NA,NA,3,80,0.71,NA,0.741666666666667,0.0399580219545277,NA,NA,NA,NA,NA,0.150175861352492,NA,NA,NA,NA,NA,NA,NA,NA,NA,NA,NA,NA,NA,NA,NA,NA,NA,NA,NA,NA,NA,NA,NA,NA,NA,NA,NA,NA,NA,NA,NA,NA,NA,NA,NA,NA,NA,NA,NA,NA,NA,NA,NA,NA,NA,NA,NA,NA,NA,NA,NA,0.183631420622145,0.130378308641723,"near ceiling: MC interval reaches the verb floor",0.741666666666667,0.819803043345991,7.8136376679324,3.99580219545277,1.95546157835949,Inf,Inf,Inf,Inf,0.186300372818867,0.737813844484231,0.817068560061838,7.92547155776072,Inf,3200,Inf,NA,NA,NA,NA,NA,NA,NA,NA,NA,NA,NA
"grid","Turkish","h1b",NA,NA,3,80,0.72,NA,0.741666666666667,0.0399580219545277,NA,NA,NA,NA,NA,0.150175861352492,NA,NA,NA,NA,NA,NA,NA,NA,NA,NA,NA,NA,NA,NA,NA,NA,NA,NA,NA,NA,NA,NA,NA,NA,NA,NA,NA,NA,NA,NA,NA,NA,NA,NA,NA,NA,NA,NA,NA,NA,NA,NA,NA,NA,NA,NA,NA,NA,NA,NA,NA,0.183631420622145,0.132214622847945,"near ceiling: MC interval reaches the verb floor",0.741666666666667,0.817153337481346,7.54866708146793,3.99580219545277,1.88914934028975,Inf,Inf,Inf,Inf,0.186300372818867,0.737813844484231,0.814370360972333,7.65565164881022,Inf,3200,Inf,NA,NA,NA,NA,NA,NA,NA,NA,NA,NA,NA
"grid","Turkish","h1b",NA,NA,3,80,0.73,NA,0.741666666666667,0.0399580219545277,NA,NA,NA,NA,NA,0.150175861352492,NA,NA,NA,NA,NA,NA,NA,NA,NA,NA,NA,NA,NA,NA,NA,NA,NA,NA,NA,NA,NA,NA,NA,NA,NA,NA,NA,NA,NA,NA,NA,NA,NA,NA,NA,NA,NA,NA,NA,NA,NA,NA,NA,NA,NA,NA,NA,NA,NA,NA,NA,0.183631420622145,0.134050937054166,"near ceiling: MC interval reaches the verb floor",0.741666666666667,0.814494148430419,7.28274817637525,3.99580219545277,1.82259977349806,Inf,Inf,Inf,Inf,0.186300372818867,0.737813844484231,0.811663213314811,7.38493688305799,Inf,3200,Inf,NA,NA,NA,NA,NA,NA,NA,NA,NA,NA,NA
"grid","Turkish","h1b",NA,NA,3,80,0.74,NA,0.741666666666667,0.0399580219545277,NA,NA,NA,NA,NA,0.150175861352492,NA,NA,NA,NA,NA,NA,NA,NA,NA,NA,NA,NA,NA,NA,NA,NA,NA,NA,NA,NA,NA,NA,NA,NA,NA,NA,NA,NA,NA,NA,NA,NA,NA,NA,NA,NA,NA,NA,NA,NA,NA,NA,NA,NA,NA,NA,NA,NA,NA,NA,NA,0.183631420622145,0.135887251260388,"near ceiling: MC interval reaches the verb floor",0.741666666666667,0.811826230427786,7.01595637611198,3.99580219545277,1.75583175365791,Inf,Inf,Inf,Inf,0.186300372818867,0.737813844484231,0.808947899965731,7.11340554815001,Inf,3200,Inf,NA,NA,NA,NA,NA,NA,NA,NA,NA,NA,NA
"grid","Turkish","h1b",NA,NA,3,80,0.75,NA,0.741666666666667,0.0399580219545277,NA,NA,NA,NA,NA,0.150175861352492,NA,NA,NA,NA,NA,NA,NA,NA,NA,NA,NA,NA,NA,NA,NA,NA,NA,NA,NA,NA,NA,NA,NA,NA,NA,NA,NA,NA,NA,NA,NA,NA,NA,NA,NA,NA,NA,NA,NA,NA,NA,NA,NA,NA,NA,NA,NA,NA,NA,NA,NA,0.183631420622145,0.137723565466609,"near ceiling: MC interval reaches the verb floor",0.741666666666667,0.809150333446711,6.74836667800447,3.99580219545277,1.68886404979809,Inf,Inf,Inf,Inf,0.186300372818867,0.737813844484231,0.806225198086294,6.84113536020624,Inf,3200,Inf,NA,NA,NA,NA,NA,NA,NA,NA,NA,NA,NA
"grid","Turkish","h1b",NA,NA,3,80,0.76,NA,0.741666666666667,0.0399580219545277,NA,NA,NA,NA,NA,0.150175861352492,NA,NA,NA,NA,NA,NA,NA,NA,NA,NA,NA,NA,NA,NA,NA,NA,NA,NA,NA,NA,NA,NA,NA,NA,NA,NA,NA,NA,NA,NA,NA,NA,NA,NA,NA,NA,NA,NA,NA,NA,NA,NA,NA,NA,NA,NA,NA,NA,NA,NA,NA,0.183631420622145,0.13955987967283,"near ceiling: MC interval reaches the verb floor",0.741666666666667,0.806467202128859,6.48005354621924,3.99580219545277,1.62171529751737,Inf,Inf,Inf,Inf,0.186300372818867,0.737813844484231,0.803495878039298,6.56820335550671,Inf,3200,Inf,NA,NA,NA,NA,NA,NA,NA,NA,NA,NA,NA
"grid","Turkish","h1b",NA,NA,3,80,0.77,NA,0.741666666666667,0.0399580219545277,NA,NA,NA,NA,NA,0.150175861352492,NA,NA,NA,NA,NA,NA,NA,NA,NA,NA,NA,NA,NA,NA,NA,NA,NA,NA,NA,NA,NA,NA,NA,NA,NA,NA,NA,NA,NA,NA,NA,NA,NA,NA,NA,NA,NA,NA,NA,NA,NA,NA,NA,NA,NA,NA,NA,NA,NA,NA,NA,0.183631420622145,0.141396193879052,"near ceiling: MC interval reaches the verb floor",0.741666666666667,0.803777574772511,6.21109081058446,3.99580219545277,1.55440397366333,Inf,Inf,Inf,Inf,0.186300372818867,0.737813844484231,0.800760702370888,6.29468578866568,Inf,3200,Inf,NA,NA,NA,NA,NA,NA,NA,NA,NA,NA,NA
"grid","Turkish","h1b",NA,NA,3,80,0.78,NA,0.741666666666667,0.0399580219545277,NA,NA,NA,NA,NA,0.150175861352492,NA,NA,NA,NA,NA,NA,NA,NA,NA,NA,NA,NA,NA,NA,NA,NA,NA,NA,NA,NA,NA,NA,NA,NA,NA,NA,NA,NA,NA,NA,NA,NA,NA,NA,NA,NA,NA,NA,NA,NA,NA,NA,NA,NA,NA,NA,NA,NA,NA,NA,NA,0.183631420622145,0.143232508085273,"near ceiling: MC interval reaches the verb floor",0.741666666666667,0.801082182380234,5.94155157135674,3.99580219545277,1.48694837249908,Inf,Inf,Inf,Inf,0.186300372818867,0.737813844484231,0.798020424857596,6.02065803733647,Inf,3200,Inf,NA,NA,NA,NA,NA,NA,NA,NA,NA,NA,NA
"grid","Turkish","h1b",NA,NA,3,80,0.79,NA,0.741666666666667,0.0399580219545277,NA,NA,NA,NA,NA,0.150175861352492,NA,NA,NA,NA,NA,NA,NA,NA,NA,NA,NA,NA,NA,NA,NA,NA,NA,NA,NA,NA,NA,NA,NA,NA,NA,NA,NA,NA,NA,NA,NA,NA,NA,NA,NA,NA,NA,NA,NA,NA,NA,NA,NA,NA,NA,NA,NA,NA,NA,NA,NA,0.183631420622145,0.145068822291495,"near ceiling: MC interval reaches the verb floor",0.741666666666667,0.798381747766426,5.67150810997595,3.99580219545277,1.41936658336845,Inf,Inf,Inf,Inf,0.186300372818867,0.737813844484231,0.795275789618626,5.74619451343946,Inf,3200,Inf,NA,NA,NA,NA,NA,NA,NA,NA,NA,NA,NA
"grid","Turkish","h1b",NA,NA,3,80,0.8,NA,0.741666666666667,0.0399580219545277,NA,NA,NA,NA,NA,0.150175861352492,NA,NA,NA,NA,NA,NA,NA,NA,NA,NA,NA,NA,NA,NA,NA,NA,NA,NA,NA,NA,NA,NA,NA,NA,NA,NA,NA,NA,NA,NA,NA,NA,NA,NA,NA,NA,NA,NA,NA,NA,NA,NA,NA,NA,NA,NA,NA,NA,NA,NA,NA,0.183631420622145,0.146905136497716,"near ceiling: MC interval reaches the verb floor",0.741666666666667,0.795676984724717,5.40103180580499,3.99580219545277,1.35167646985914,Inf,Inf,1938.26056556219,1858.26056556219,0.186300372818867,0.737813844484231,0.792527530292854,5.47136858086226,Inf,3200,Inf,NA,NA,NA,NA,NA,NA,NA,NA,NA,NA,NA
"grid","Turkish","h1b",NA,NA,3,80,0.81,NA,0.741666666666667,0.0399580219545277,NA,NA,NA,NA,NA,0.150175861352492,NA,NA,NA,NA,NA,NA,NA,NA,NA,NA,NA,NA,NA,NA,NA,NA,NA,NA,NA,NA,NA,NA,NA,NA,NA,NA,NA,NA,NA,NA,NA,NA,NA,NA,NA,NA,NA,NA,NA,NA,NA,NA,NA,NA,NA,NA,NA,NA,NA,NA,NA,0.183631420622145,0.148741450703938,"near ceiling: MC interval reaches the verb floor",0.741666666666667,0.792968597254793,5.13019305881263,3.99580219545277,1.28389565045307,Inf,Inf,950.677968276094,870.677968276094,0.186300372818867,0.737813844484231,0.789776369279676,5.19625247954447,4359.84807186161,3200,Inf,NA,NA,NA,NA,NA,NA,NA,NA,NA,NA,NA
"grid","Turkish","h1b",NA,NA,3,80,0.82,NA,0.741666666666667,0.0399580219545277,NA,NA,NA,NA,NA,0.150175861352492,NA,NA,NA,NA,NA,NA,NA,NA,NA,NA,NA,NA,NA,NA,NA,NA,NA,NA,NA,NA,NA,NA,NA,NA,NA,NA,NA,NA,NA,NA,NA,NA,NA,NA,NA,NA,NA,NA,NA,NA,NA,NA,NA,NA,NA,NA,NA,NA,NA,NA,NA,0.183631420622145,0.150577764910159,"near ceiling: MC interval reaches the verb floor",0.741666666666667,0.790257278847906,4.85906121812391,3.99580219545277,1.21604148064524,7391.30910320572,7311.30910320572,627.158554372862,547.158554372862,0.186300372818867,0.737813844484231,0.787023017042519,4.9209172558288,1159.11715092593,3200,147826.182064114,NA,NA,NA,NA,NA,NA,NA,NA,NA,NA,NA
"grid","Turkish","h1b",NA,NA,3,80,0.83,NA,0.741666666666667,0.0399580219545277,NA,NA,NA,NA,NA,0.150175861352492,NA,NA,NA,NA,NA,NA,NA,NA,NA,NA,NA,NA,NA,NA,NA,NA,NA,NA,NA,NA,NA,NA,NA,NA,NA,NA,NA,NA,NA,NA,NA,NA,NA,NA,NA,NA,NA,NA,NA,NA,NA,NA,NA,NA,NA,NA,NA,NA,NA,NA,NA,0.183631420622145,0.152414079116381,"near ceiling: MC interval reaches the verb floor",0.741666666666667,0.787543711830014,4.58770451633478,3.99580219545277,1.14813103650516,1319.15936104674,1239.15936104674,466.469440739777,386.469440739777,0.186300372818867,0.737813844484231,0.784268171473574,4.64543269893428,636.353916952004,3200,26383.1872209348,NA,NA,NA,NA,NA,NA,NA,NA,NA,NA,NA
"grid","Turkish","h1b",NA,NA,3,80,0.84,NA,0.741666666666667,0.0399580219545277,NA,NA,NA,NA,NA,0.150175861352492,NA,NA,NA,NA,NA,NA,NA,NA,NA,NA,NA,NA,NA,NA,NA,NA,NA,NA,NA,NA,NA,NA,NA,NA,NA,NA,NA,NA,NA,NA,NA,NA,NA,NA,NA,NA,NA,NA,NA,NA,NA,NA,NA,NA,NA,NA,NA,NA,NA,NA,NA,0.183631420622145,0.154250393322602,"near ceiling: MC interval reaches the verb floor",0.741666666666667,0.784828566761306,4.31619000946388,3.99580219545277,1.08018109964895,720.268220588777,640.268220588777,370.412760845838,290.412760845838,0.186300372818867,0.737813844484231,0.781512517318099,4.36986728338677,422.000868861893,3200,14405.3644117755,NA,NA,NA,NA,NA,NA,NA,NA,NA,NA,NA
"grid","Turkish","h1b",NA,NA,3,80,0.85,NA,0.741666666666667,0.0399580219545277,NA,NA,NA,NA,NA,0.150175861352492,NA,NA,NA,NA,NA,NA,NA,NA,NA,NA,NA,NA,NA,NA,NA,NA,NA,NA,NA,NA,NA,NA,NA,NA,NA,NA,NA,NA,NA,NA,NA,NA,NA,NA,NA,NA,NA,NA,NA,NA,NA,NA,NA,NA,NA,NA,NA,NA,NA,NA,NA,0.183631420622145,0.156086707528824,"near ceiling: MC interval reaches the verb floor",0.741666666666667,0.782112501890619,4.04458352239523,3.99580219545277,1.01220814358578,493.526536635088,413.526536635088,306.534392305377,226.534392305377,0.186300372818867,0.737813844484231,0.778756725656478,4.0942881172247,305.321205504823,3200,9870.53073270176,NA,NA,NA,NA,NA,NA,NA,NA,NA,NA,NA
"grid","Turkish","h1b",NA,NA,3,80,0.86,NA,0.741666666666667,0.0399580219545277,NA,NA,NA,NA,NA,0.150175861352492,NA,NA,NA,NA,NA,NA,NA,NA,NA,NA,NA,NA,NA,NA,NA,NA,NA,NA,NA,NA,NA,NA,NA,NA,NA,NA,NA,NA,NA,NA,NA,NA,NA,NA,NA,NA,NA,NA,NA,NA,NA,NA,NA,NA,NA,NA,NA,NA,NA,NA,NA,0.183631420622145,0.157923021735045,"near ceiling: MC interval reaches the verb floor",0.741666666666667,0.779396162663166,3.77294959964989,3.99580219545277,0.944228321397769,374.301370276168,294.301370276168,260.99301453754,180.99301453754,0.186300372818867,0.737813844484231,0.776001453442076,3.81876089578453,231.95554743698,3200,7486.02740552337,NA,NA,NA,NA,NA,NA,NA,NA,NA,NA,NA
"grid","Turkish","h1b",NA,NA,3,80,0.87,NA,0.741666666666667,0.0399580219545277,NA,NA,NA,NA,NA,0.150175861352492,NA,NA,NA,NA,NA,NA,NA,NA,NA,NA,NA,NA,NA,NA,NA,NA,NA,NA,NA,NA,NA,NA,NA,NA,NA,NA,NA,NA,NA,NA,NA,NA,NA,NA,NA,NA,NA,NA,NA,NA,NA,NA,NA,NA,NA,NA,NA,NA,NA,NA,NA,0.183631420622145,0.159759335941266,"near ceiling: MC interval reaches the verb floor",0.741666666666667,0.776680181279787,3.50135146131206,3.99580219545277,0.876257454709997,300.787783356451,220.787783356451,226.890031763829,146.890031763829,0.186300372818867,0.737813844484231,0.773247343092836,3.54334986086053,181.569819971071,3200,6015.75566712903,NA,NA,NA,NA,NA,NA,NA,NA,NA,NA,NA
"grid","Turkish","h1b",NA,NA,3,80,0.88,NA,0.741666666666667,0.0399580219545277,NA,NA,NA,NA,NA,0.150175861352492,NA,NA,NA,NA,NA,NA,NA,NA,NA,NA,NA,NA,NA,NA,NA,NA,NA,NA,NA,NA,NA,NA,NA,NA,NA,NA,NA,NA,NA,NA,NA,NA,NA,NA,NA,NA,NA,NA,NA,NA,NA,NA,NA,NA,NA,NA,NA,NA,NA,NA,NA,0.183631420622145,0.161595650147488,"near ceiling: MC interval reaches the verb floor",0.741666666666667,0.77396517630592,3.22985096392537,3.99580219545277,0.808311023904274,250.934045050724,170.934045050724,200.401580317814,120.401580317814,0.186300372818867,0.737813844484231,0.770495022134483,3.26811776502516,144.835525757718,3200,5018.68090101447,NA,NA,NA,NA,NA,NA,NA,NA,NA,NA,NA
"grid","Turkish","h1b",NA,NA,3,80,0.89,NA,0.741666666666667,0.0399580219545277,NA,NA,NA,NA,NA,0.150175861352492,NA,NA,NA,NA,NA,NA,NA,NA,NA,NA,NA,NA,NA,NA,NA,NA,NA,NA,NA,NA,NA,NA,NA,NA,NA,NA,NA,NA,NA,NA,NA,NA,NA,NA,NA,NA,NA,NA,NA,NA,NA,NA,NA,NA,NA,NA,NA,NA,NA,NA,NA,0.183631420622145,0.163431964353709,"near ceiling: MC interval reaches the verb floor",0.741666666666667,0.771251752328345,2.95850856616787,3.99580219545277,0.740404159528882,214.907378444689,134.907378444689,179.237245108243,99.2372451082432,0.186300372818867,0.737813844484231,0.767745102893146,2.9931258408915,116.871362372195,3200,4298.14756889377,NA,NA,NA,NA,NA,NA,NA,NA,NA,NA,NA
"grid","Turkish","h1b",NA,NA,3,80,0.9,NA,0.741666666666667,0.0399580219545277,NA,NA,NA,NA,NA,0.150175861352492,NA,NA,NA,NA,NA,NA,NA,NA,NA,NA,NA,NA,NA,NA,NA,NA,NA,NA,NA,NA,NA,NA,NA,NA,NA,NA,NA,NA,NA,NA,NA,NA,NA,NA,NA,NA,NA,NA,NA,NA,NA,NA,NA,NA,NA,NA,NA,NA,NA,NA,NA,0.183631420622145,0.165268278559931,"near ceiling: MC interval reaches the verb floor",0.741666666666667,0.768540499657756,2.68738329910896,3.99580219545277,0.672551634855,187.660479588961,107.660479588961,161.941423162933,81.941423162933,0.186300372818867,0.737813844484231,0.764998182235189,2.71843377509575,94.8752913916638,3200,3753.20959177923,NA,NA,NA,NA,NA,NA,NA,NA,NA,NA,NA
"grid","Turkish","h1b",NA,NA,3,80,0.91,NA,0.741666666666667,0.0399580219545277,NA,NA,NA,NA,NA,0.150175861352492,NA,NA,NA,NA,NA,NA,NA,NA,NA,NA,NA,NA,NA,NA,NA,NA,NA,NA,NA,NA,NA,NA,NA,NA,NA,NA,NA,NA,NA,NA,NA,NA,NA,NA,NA,NA,NA,NA,NA,NA,NA,NA,NA,NA,NA,NA,NA,NA,NA,NA,NA,0.183631420622145,0.167104592766152,"near ceiling: MC interval reaches the verb floor",0.741666666666667,0.765831994075149,2.41653274084821,3.99580219545277,0.60476785952974,166.336038767272,86.3360387672716,147.544746828122,67.5447468281219,0.186300372818867,0.737813844484231,0.762254841351992,2.44409968677608,77.123974907353,3200,3326.72077534543,NA,NA,NA,NA,NA,NA,NA,NA,NA,NA,NA
"grid","Turkish","h1b",NA,NA,3,80,0.92,NA,0.741666666666667,0.0399580219545277,NA,NA,NA,NA,NA,0.150175861352492,NA,NA,NA,NA,NA,NA,NA,NA,NA,NA,NA,NA,NA,NA,NA,NA,NA,NA,NA,NA,NA,NA,NA,NA,NA,NA,NA,NA,NA,NA,NA,NA,NA,NA,NA,NA,NA,NA,NA,NA,NA,NA,NA,NA,NA,NA,NA,NA,NA,NA,NA,0.183631420622145,0.168940906972374,"near ceiling: MC interval reaches the verb floor",0.741666666666667,0.763126796620008,2.1460129953341,3.99580219545277,0.537066874275275,149.195195543721,69.195195543721,135.376703722913,55.376703722913,0.186300372818867,0.737813844484231,0.759515645587468,2.17018011032367,62.4992651607356,3200,2983.90391087442,NA,NA,NA,NA,NA,NA,NA,NA,NA,NA,NA
"grid","Turkish","h1b",NA,NA,3,80,0.93,NA,0.741666666666667,0.0399580219545277,NA,NA,NA,NA,NA,0.150175861352492,NA,NA,NA,NA,NA,NA,NA,NA,NA,NA,NA,NA,NA,NA,NA,NA,NA,NA,NA,NA,NA,NA,NA,NA,NA,NA,NA,NA,NA,NA,NA,NA,NA,NA,NA,NA,NA,NA,NA,NA,NA,NA,NA,NA,NA,NA,NA,NA,NA,NA,NA,0.183631420622145,0.170777221178595,"near ceiling: MC interval reaches the verb floor",0.741666666666667,0.760425453418267,1.87587867516004,3.99580219545277,0.469462346583319,135.119070514444,55.1190705144439,124.958708485158,44.9587084851575,0.186300372818867,0.737813844484231,0.756781144306067,1.89672998218359,50.2439883891222,3200,2702.38141028888,NA,NA,NA,NA,NA,NA,NA,NA,NA,NA,NA
"grid","Turkish","h1b",NA,NA,3,80,0.94,NA,0.741666666666667,0.0399580219545277,NA,NA,NA,NA,NA,0.150175861352492,NA,NA,NA,NA,NA,NA,NA,NA,NA,NA,NA,NA,NA,NA,NA,NA,NA,NA,NA,NA,NA,NA,NA,NA,NA,NA,NA,NA,NA,NA,NA,NA,NA,NA,NA,NA,NA,NA,NA,NA,NA,NA,NA,NA,NA,NA,NA,NA,NA,NA,NA,0.183631420622145,0.172613535384817,"near ceiling: MC interval reaches the verb floor",0.741666666666667,0.757728495548028,1.60618288813612,3.99580219545277,0.40196756735455,123.355066905864,43.3550669058636,115.940018416818,35.940018416818,0.186300372818867,0.737813844484231,0.754051870799075,1.62380263148435,39.8271570446012,3200,2467.10133811727,NA,NA,NA,NA,NA,NA,NA,NA,NA,NA,NA
"grid","Turkish","h1b",NA,NA,3,80,0.95,NA,0.741666666666667,0.0399580219545277,NA,NA,NA,NA,NA,0.150175861352492,NA,NA,NA,NA,NA,NA,NA,NA,NA,NA,NA,NA,NA,NA,NA,NA,NA,NA,NA,NA,NA,NA,NA,NA,NA,NA,NA,NA,NA,NA,NA,NA,NA,NA,NA,NA,NA,NA,NA,NA,NA,NA,NA,NA,NA,NA,NA,NA,NA,NA,NA,0.183631420622145,0.174449849591038,"near ceiling: MC interval reaches the verb floor",0.741666666666667,0.755036438941029,1.33697722743626,3.99580219545277,0.334595448432794,113.378325065051,33.3783250650513,108.057719000266,28.0577190002658,0.186300372818867,0.737813844484231,0.751328342227018,1.35144977427867,30.8653807976381,3200,2267.56650130103,NA,NA,NA,NA,NA,NA,NA,NA,NA,NA,NA
"grid","Turkish","h1b",NA,NA,3,80,0.96,NA,0.741666666666667,0.0399580219545277,NA,NA,NA,NA,NA,0.150175861352492,NA,NA,NA,NA,NA,NA,NA,NA,NA,NA,NA,NA,NA,NA,NA,NA,NA,NA,NA,NA,NA,NA,NA,NA,NA,NA,NA,NA,NA,NA,NA,NA,NA,NA,NA,NA,NA,NA,NA,NA,NA,NA,NA,NA,NA,NA,NA,NA,NA,NA,NA,0.183631420622145,0.17628616379726,"near ceiling: MC interval reaches the verb floor",0.741666666666667,0.752349784317896,1.06831176512291,3.99580219545277,0.26735852098451,104.811639643076,24.8116396430762,101.110853322253,21.1108533222525,0.186300372818867,0.737813844484231,0.748611059596045,1.07972151118134,23.074915599597,3200,2096.23279286153,NA,NA,NA,NA,NA,NA,NA,NA,NA,NA,NA
"grid","Turkish","h1b",NA,NA,3,80,0.97,NA,0.741666666666667,0.0399580219545277,NA,NA,NA,NA,NA,0.150175861352492,NA,NA,NA,NA,NA,NA,NA,NA,NA,NA,NA,NA,NA,NA,NA,NA,NA,NA,NA,NA,NA,NA,NA,NA,NA,NA,NA,NA,NA,NA,NA,NA,NA,NA,NA,NA,NA,NA,NA,NA,NA,NA,NA,NA,NA,NA,NA,NA,NA,NA,NA,0.183631420622145,0.178122478003481,"near ceiling: MC interval reaches the verb floor",0.741666666666667,0.749669017155214,0.800235048854681,3.99580219545277,0.200268934674832,97.3769492352975,17.3769492352975,94.9431872193862,14.9431872193862,0.186300372818867,0.737813844484231,0.745900507766178,0.808666328194663,16.2412659774925,3200,1947.53898470595,NA,NA,NA,NA,NA,NA,NA,NA,NA,NA,NA
"grid","Turkish","h1b",NA,NA,3,80,0.98,NA,0.741666666666667,0.0399580219545277,NA,NA,NA,NA,NA,0.150175861352492,NA,NA,NA,NA,NA,NA,NA,NA,NA,NA,NA,NA,NA,NA,NA,NA,NA,NA,NA,NA,NA,NA,NA,NA,NA,NA,NA,NA,NA,NA,NA,NA,NA,NA,NA,NA,NA,NA,NA,NA,NA,NA,NA,NA,NA,NA,NA,NA,NA,NA,NA,0.183631420622145,0.179958792209702,"near ceiling: MC interval reaches the verb floor",0.741666666666667,0.746994607682528,0.532794101586165,3.99580219545277,0.133338457592442,90.8647719264295,10.8647719264295,89.4314243017808,9.43142430178081,0.186300372818867,0.737813844484231,0.743197155489399,0.538331100516753,10.199275044536,3200,1817.29543852859,NA,NA,NA,NA,NA,NA,NA,NA,NA,NA,NA
"grid","Turkish","h1b",NA,NA,3,80,0.99,NA,0.741666666666667,0.0399580219545277,NA,NA,NA,NA,NA,0.150175861352492,NA,NA,NA,NA,NA,NA,NA,NA,NA,NA,NA,NA,NA,NA,NA,NA,NA,NA,NA,NA,NA,NA,NA,NA,NA,NA,NA,NA,NA,NA,NA,NA,NA,NA,NA,NA,NA,NA,NA,NA,NA,NA,NA,NA,NA,NA,NA,NA,NA,NA,NA,0.183631420622145,0.181795106415924,"near ceiling: MC interval reaches the verb floor",0.741666666666667,0.744327010907396,0.266034424072947,3.99580219545277,0.0665784768764817,85.1142911758858,5.11429117588578,84.476960970361,4.47696097036096,0.186300372818867,0.737813844484231,0.740501455475565,0.26876109913343,4.81971026619188,3200,1702.28582351772,NA,NA,NA,NA,NA,NA,NA,NA,NA,NA,NA
"grid","Turkish","h1b",NA,NA,3,80,1,NA,0.741666666666667,0.0399580219545277,NA,NA,NA,NA,NA,0.150175861352492,NA,NA,NA,NA,NA,NA,NA,NA,NA,NA,NA,NA,NA,NA,NA,NA,NA,NA,NA,NA,NA,NA,NA,NA,NA,NA,NA,NA,NA,NA,NA,NA,NA,NA,NA,NA,NA,NA,NA,NA,NA,NA,NA,NA,NA,NA,NA,NA,NA,NA,NA,0.183631420622145,0.183631420622145,"near ceiling: MC interval reaches the verb floor",0.741666666666667,0.741666666666667,0,3.99580219545277,0,80,0,80,0,0.186300372818867,0.737813844484231,0.737813844484231,0,0,3200,1600,NA,NA,NA,NA,NA,NA,NA,NA,NA,NA,NA
"grid","Turkish","joint",NA,NA,3,80,0.7,NA,0.641666666666667,0.0437731420275374,NA,NA,NA,NA,NA,NA,NA,NA,NA,NA,NA,NA,NA,NA,NA,NA,NA,NA,NA,NA,NA,NA,NA,NA,NA,NA,NA,NA,NA,NA,NA,NA,NA,NA,NA,NA,NA,NA,NA,NA,NA,NA,NA,NA,NA,NA,NA,NA,NA,NA,NA,NA,NA,NA,NA,NA,NA,NA,NA,NA,0.643757705624128,0.764584155246716,12.0826449622588,4.37731420275374,NA,NA,NA,NA,NA,NA,NA,NA,NA,NA,NA,NA,NA,NA,NA,"indep = independent given the pilot draw; corr = DGP-implied correlation of the two estimates",NA,NA,NA,NA,NA,NA,NA
"grid","Turkish","joint",NA,NA,3,80,0.71,NA,0.641666666666667,0.0437731420275374,NA,NA,NA,NA,NA,NA,NA,NA,NA,NA,NA,NA,NA,NA,NA,NA,NA,NA,NA,NA,NA,NA,NA,NA,NA,NA,NA,NA,NA,NA,NA,NA,NA,NA,NA,NA,NA,NA,NA,NA,NA,NA,NA,NA,NA,NA,NA,NA,NA,NA,NA,NA,NA,NA,NA,NA,NA,NA,NA,NA,0.643757705624128,0.760689675995406,11.6931970371278,4.37731420275374,NA,NA,NA,NA,NA,NA,NA,NA,NA,NA,NA,NA,NA,NA,NA,"indep = independent given the pilot draw; corr = DGP-implied correlation of the two estimates",NA,NA,NA,NA,NA,NA,NA
"grid","Turkish","joint",NA,NA,3,80,0.72,NA,0.641666666666667,0.0437731420275374,NA,NA,NA,NA,NA,NA,NA,NA,NA,NA,NA,NA,NA,NA,NA,NA,NA,NA,NA,NA,NA,NA,NA,NA,NA,NA,NA,NA,NA,NA,NA,NA,NA,NA,NA,NA,NA,NA,NA,NA,NA,NA,NA,NA,NA,NA,NA,NA,NA,NA,NA,NA,NA,NA,NA,NA,NA,NA,NA,NA,0.643757705624128,0.756774685177356,11.3016979553227,4.37731420275374,NA,NA,NA,NA,NA,NA,NA,NA,NA,NA,NA,NA,NA,NA,NA,"indep = independent given the pilot draw; corr = DGP-implied correlation of the two estimates",NA,NA,NA,NA,NA,NA,NA
"grid","Turkish","joint",NA,NA,3,80,0.73,NA,0.641666666666667,0.0437731420275374,NA,NA,NA,NA,NA,NA,NA,NA,NA,NA,NA,NA,NA,NA,NA,NA,NA,NA,NA,NA,NA,NA,NA,NA,NA,NA,NA,NA,NA,NA,NA,NA,NA,NA,NA,NA,NA,NA,NA,NA,NA,NA,NA,NA,NA,NA,NA,NA,NA,NA,NA,NA,NA,NA,NA,NA,NA,NA,NA,NA,0.643757705624128,0.752840427931969,10.9082722307841,4.37731420275374,NA,NA,NA,NA,NA,NA,NA,NA,NA,NA,NA,NA,NA,NA,NA,"indep = independent given the pilot draw; corr = DGP-implied correlation of the two estimates",NA,NA,NA,NA,NA,NA,NA
"grid","Turkish","joint",NA,NA,3,80,0.74,NA,0.641666666666667,0.0437731420275374,NA,NA,NA,NA,NA,NA,NA,NA,NA,NA,NA,NA,NA,NA,NA,NA,NA,NA,NA,NA,NA,NA,NA,NA,NA,NA,NA,NA,NA,NA,NA,NA,NA,NA,NA,NA,NA,NA,NA,NA,NA,NA,NA,NA,NA,NA,NA,NA,NA,NA,NA,NA,NA,NA,NA,NA,NA,NA,NA,NA,0.643757705624128,0.748888153777877,10.5130448153749,4.37731420275374,NA,NA,NA,NA,NA,NA,NA,NA,NA,NA,NA,NA,NA,NA,NA,"indep = independent given the pilot draw; corr = DGP-implied correlation of the two estimates",NA,NA,NA,NA,NA,NA,NA
"grid","Turkish","joint",NA,NA,3,80,0.75,NA,0.641666666666667,0.0437731420275374,NA,NA,NA,NA,NA,NA,NA,NA,NA,NA,NA,NA,NA,NA,NA,NA,NA,NA,NA,NA,NA,NA,NA,NA,NA,NA,NA,NA,NA,NA,NA,NA,NA,NA,NA,NA,NA,NA,NA,NA,NA,NA,NA,NA,NA,NA,NA,NA,NA,NA,NA,NA,NA,NA,NA,NA,NA,NA,NA,NA,0.643757705624128,0.744919114690052,10.1161409065923,4.37731420275374,NA,NA,NA,NA,NA,NA,NA,NA,NA,NA,NA,NA,NA,NA,NA,"indep = independent given the pilot draw; corr = DGP-implied correlation of the two estimates",NA,NA,NA,NA,NA,NA,NA
"grid","Turkish","joint",NA,NA,3,80,0.76,NA,0.641666666666667,0.0437731420275374,NA,NA,NA,NA,NA,NA,NA,NA,NA,NA,NA,NA,NA,NA,NA,NA,NA,NA,NA,NA,NA,NA,NA,NA,NA,NA,NA,NA,NA,NA,NA,NA,NA,NA,NA,NA,NA,NA,NA,NA,NA,NA,NA,NA,NA,NA,NA,NA,NA,NA,NA,NA,NA,NA,NA,NA,NA,NA,NA,NA,0.643757705624128,0.740934563210483,9.71768575863546,4.37731420275374,NA,NA,NA,NA,NA,NA,NA,NA,NA,NA,NA,NA,NA,NA,NA,"indep = independent given the pilot draw; corr = DGP-implied correlation of the two estimates",NA,NA,NA,NA,NA,NA,NA
"grid","Turkish","joint",NA,NA,3,80,0.77,NA,0.641666666666667,0.0437731420275374,NA,NA,NA,NA,NA,NA,NA,NA,NA,NA,NA,NA,NA,NA,NA,NA,NA,NA,NA,NA,NA,NA,NA,NA,NA,NA,NA,NA,NA,NA,NA,NA,NA,NA,NA,NA,NA,NA,NA,NA,NA,NA,NA,NA,NA,NA,NA,NA,NA,NA,NA,NA,NA,NA,NA,NA,NA,NA,NA,NA,0.643757705624128,0.73693575059804,9.3178044973911,4.37731420275374,NA,NA,NA,NA,NA,NA,NA,NA,NA,NA,NA,NA,NA,NA,NA,"indep = independent given the pilot draw; corr = DGP-implied correlation of the two estimates",NA,NA,NA,NA,NA,NA,NA
"grid","Turkish","joint",NA,NA,3,80,0.78,NA,0.641666666666667,0.0437731420275374,NA,NA,NA,NA,NA,NA,NA,NA,NA,NA,NA,NA,NA,NA,NA,NA,NA,NA,NA,NA,NA,NA,NA,NA,NA,NA,NA,NA,NA,NA,NA,NA,NA,NA,NA,NA,NA,NA,NA,NA,NA,NA,NA,NA,NA,NA,NA,NA,NA,NA,NA,NA,NA,NA,NA,NA,NA,NA,NA,NA,0.643757705624128,0.732923925022848,8.91662193987199,4.37731420275374,NA,NA,NA,NA,NA,NA,NA,NA,NA,NA,NA,NA,NA,NA,NA,"indep = independent given the pilot draw; corr = DGP-implied correlation of the two estimates",NA,NA,NA,NA,NA,NA,NA
"grid","Turkish","joint",NA,NA,3,80,0.79,NA,0.641666666666667,0.0437731420275374,NA,NA,NA,NA,NA,NA,NA,NA,NA,NA,NA,NA,NA,NA,NA,NA,NA,NA,NA,NA,NA,NA,NA,NA,NA,NA,NA,NA,NA,NA,NA,NA,NA,NA,NA,NA,NA,NA,NA,NA,NA,NA,NA,NA,NA,NA,NA,NA,NA,NA,NA,NA,NA,NA,NA,NA,NA,NA,NA,NA,0.643757705624128,0.728900329810159,8.51426241860301,4.37731420275374,NA,NA,NA,NA,NA,NA,NA,NA,NA,NA,NA,NA,NA,NA,NA,"indep = independent given the pilot draw; corr = DGP-implied correlation of the two estimates",NA,NA,NA,NA,NA,NA,NA
"grid","Turkish","joint",NA,NA,3,80,0.8,NA,0.641666666666667,0.0437731420275374,NA,NA,NA,NA,NA,NA,NA,NA,NA,NA,NA,NA,NA,NA,NA,NA,NA,NA,NA,NA,NA,NA,NA,NA,NA,NA,NA,NA,NA,NA,NA,NA,NA,NA,NA,NA,NA,NA,NA,NA,NA,NA,NA,NA,NA,NA,NA,NA,NA,NA,NA,NA,NA,NA,NA,NA,NA,NA,NA,NA,0.643757705624128,0.72486620173827,8.1108496114142,4.37731420275374,NA,NA,NA,NA,NA,NA,NA,NA,NA,NA,NA,NA,NA,NA,NA,"indep = independent given the pilot draw; corr = DGP-implied correlation of the two estimates",NA,NA,NA,NA,NA,NA,NA
"grid","Turkish","joint",NA,NA,3,80,0.81,NA,0.641666666666667,0.0437731420275374,NA,NA,NA,NA,NA,NA,NA,NA,NA,NA,NA,NA,NA,NA,NA,NA,NA,NA,NA,NA,NA,NA,NA,NA,NA,NA,NA,NA,NA,NA,NA,NA,NA,NA,NA,NA,NA,NA,NA,NA,NA,NA,NA,NA,NA,NA,NA,NA,NA,NA,NA,NA,NA,NA,NA,NA,NA,NA,NA,NA,0.643757705624128,0.720822769394702,7.7065063770574,4.37731420275374,NA,NA,NA,NA,NA,NA,NA,NA,NA,NA,NA,NA,NA,NA,NA,"indep = independent given the pilot draw; corr = DGP-implied correlation of the two estimates",NA,NA,NA,NA,NA,NA,NA
"grid","Turkish","joint",NA,NA,3,80,0.82,NA,0.641666666666667,0.0437731420275374,NA,NA,NA,NA,NA,NA,NA,NA,NA,NA,NA,NA,NA,NA,NA,NA,NA,NA,NA,NA,NA,NA,NA,NA,NA,NA,NA,NA,NA,NA,NA,NA,NA,NA,NA,NA,NA,NA,NA,NA,NA,NA,NA,NA,NA,NA,NA,NA,NA,NA,NA,NA,NA,NA,NA,NA,NA,NA,NA,NA,0.643757705624128,0.716771251594338,7.3013545970209,4.37731420275374,NA,NA,NA,NA,NA,NA,NA,NA,NA,NA,NA,NA,NA,NA,NA,"indep = independent given the pilot draw; corr = DGP-implied correlation of the two estimates",NA,NA,NA,NA,NA,NA,NA
"grid","Turkish","joint",NA,NA,3,80,0.83,NA,0.641666666666667,0.0437731420275374,NA,NA,NA,NA,NA,NA,NA,NA,NA,NA,NA,NA,NA,NA,NA,NA,NA,NA,NA,NA,NA,NA,NA,NA,NA,NA,NA,NA,NA,NA,NA,NA,NA,NA,NA,NA,NA,NA,NA,NA,NA,NA,NA,NA,NA,NA,NA,NA,NA,NA,NA,NA,NA,NA,NA,NA,NA,NA,NA,NA,0.643757705624128,0.712712855862851,6.89551502387226,4.37731420275374,NA,NA,NA,NA,NA,NA,NA,NA,NA,NA,NA,NA,NA,NA,NA,"indep = independent given the pilot draw; corr = DGP-implied correlation of the two estimates",NA,NA,NA,NA,NA,NA,NA
"grid","Turkish","joint",NA,NA,3,80,0.84,NA,0.641666666666667,0.0437731420275374,NA,NA,NA,NA,NA,NA,NA,NA,NA,NA,NA,NA,NA,NA,NA,NA,NA,NA,NA,NA,NA,NA,NA,NA,NA,NA,NA,NA,NA,NA,NA,NA,NA,NA,NA,NA,NA,NA,NA,NA,NA,NA,NA,NA,NA,NA,NA,NA,NA,NA,NA,NA,NA,NA,NA,NA,NA,NA,NA,NA,0.643757705624128,0.708648776988283,6.48910713641545,4.37731420275374,NA,NA,NA,NA,NA,NA,NA,NA,NA,NA,NA,NA,NA,NA,NA,"indep = independent given the pilot draw; corr = DGP-implied correlation of the two estimates",NA,NA,NA,NA,NA,NA,NA
"grid","Turkish","joint",NA,NA,3,80,0.85,NA,0.641666666666667,0.0437731420275374,NA,NA,NA,NA,NA,NA,NA,NA,NA,NA,NA,NA,NA,NA,NA,NA,NA,NA,NA,NA,NA,NA,NA,NA,NA,NA,NA,NA,NA,NA,NA,NA,NA,NA,NA,NA,NA,NA,NA,NA,NA,NA,NA,NA,NA,NA,NA,NA,NA,NA,NA,NA,NA,NA,NA,NA,NA,NA,NA,NA,0.643757705624128,0.704580195643174,6.08224900190453,4.37731420275374,NA,NA,NA,NA,NA,NA,NA,NA,NA,NA,NA,NA,NA,NA,NA,"indep = independent given the pilot draw; corr = DGP-implied correlation of the two estimates",NA,NA,NA,NA,NA,NA,NA
"grid","Turkish","joint",NA,NA,3,80,0.86,NA,0.641666666666667,0.0437731420275374,NA,NA,NA,NA,NA,NA,NA,NA,NA,NA,NA,NA,NA,NA,NA,NA,NA,NA,NA,NA,NA,NA,NA,NA,NA,NA,NA,NA,NA,NA,NA,NA,NA,NA,NA,NA,NA,NA,NA,NA,NA,NA,NA,NA,NA,NA,NA,NA,NA,NA,NA,NA,NA,NA,NA,NA,NA,NA,NA,NA,0.643757705624128,0.700508277079254,5.67505714551251,4.37731420275374,NA,NA,NA,NA,NA,NA,NA,NA,NA,NA,NA,NA,NA,NA,NA,"indep = independent given the pilot draw; corr = DGP-implied correlation of the two estimates",NA,NA,NA,NA,NA,NA,NA
"grid","Turkish","joint",NA,NA,3,80,0.87,NA,0.641666666666667,0.0437731420275374,NA,NA,NA,NA,NA,NA,NA,NA,NA,NA,NA,NA,NA,NA,NA,NA,NA,NA,NA,NA,NA,NA,NA,NA,NA,NA,NA,NA,NA,NA,NA,NA,NA,NA,NA,NA,NA,NA,NA,NA,NA,NA,NA,NA,NA,NA,NA,NA,NA,NA,NA,NA,NA,NA,NA,NA,NA,NA,NA,NA,0.643757705624128,0.696434169896243,5.26764642721148,4.37731420275374,NA,NA,NA,NA,NA,NA,NA,NA,NA,NA,NA,NA,NA,NA,NA,"indep = independent given the pilot draw; corr = DGP-implied correlation of the two estimates",NA,NA,NA,NA,NA,NA,NA
"grid","Turkish","joint",NA,NA,3,80,0.88,NA,0.641666666666667,0.0437731420275374,NA,NA,NA,NA,NA,NA,NA,NA,NA,NA,NA,NA,NA,NA,NA,NA,NA,NA,NA,NA,NA,NA,NA,NA,NA,NA,NA,NA,NA,NA,NA,NA,NA,NA,NA,NA,NA,NA,NA,NA,NA,NA,NA,NA,NA,NA,NA,NA,NA,NA,NA,NA,NA,NA,NA,NA,NA,NA,NA,NA,0.643757705624128,0.692359004885925,4.86012992617969,4.37731420275374,NA,NA,NA,NA,NA,NA,NA,NA,NA,NA,NA,NA,NA,NA,NA,"indep = independent given the pilot draw; corr = DGP-implied correlation of the two estimates",NA,NA,NA,NA,NA,NA,NA
"grid","Turkish","joint",NA,NA,3,80,0.89,NA,0.641666666666667,0.0437731420275374,NA,NA,NA,NA,NA,NA,NA,NA,NA,NA,NA,NA,NA,NA,NA,NA,NA,NA,NA,NA,NA,NA,NA,NA,NA,NA,NA,NA,NA,NA,NA,NA,NA,NA,NA,NA,NA,NA,NA,NA,NA,NA,NA,NA,NA,NA,NA,NA,NA,NA,NA,NA,NA,NA,NA,NA,NA,NA,NA,NA,0.643757705624128,0.688283893952236,4.45261883281078,4.37731420275374,NA,NA,NA,NA,NA,NA,NA,NA,NA,NA,NA,NA,NA,NA,NA,"indep = independent given the pilot draw; corr = DGP-implied correlation of the two estimates",NA,NA,NA,NA,NA,NA,NA
"grid","Turkish","joint",NA,NA,3,80,0.9,NA,0.641666666666667,0.0437731420275374,NA,NA,NA,NA,NA,NA,NA,NA,NA,NA,NA,NA,NA,NA,NA,NA,NA,NA,NA,NA,NA,NA,NA,NA,NA,NA,NA,NA,NA,NA,NA,NA,NA,NA,NA,NA,NA,NA,NA,NA,NA,NA,NA,NA,NA,NA,NA,NA,NA,NA,NA,NA,NA,NA,NA,NA,NA,NA,NA,NA,0.643757705624128,0.684209929107766,4.04522234836371,4.37731420275374,NA,NA,NA,NA,NA,NA,NA,NA,NA,NA,NA,NA,NA,NA,NA,"indep = independent given the pilot draw; corr = DGP-implied correlation of the two estimates",NA,NA,NA,NA,NA,NA,NA
"grid","Turkish","joint",NA,NA,3,80,0.91,NA,0.641666666666667,0.0437731420275374,NA,NA,NA,NA,NA,NA,NA,NA,NA,NA,NA,NA,NA,NA,NA,NA,NA,NA,NA,NA,NA,NA,NA,NA,NA,NA,NA,NA,NA,NA,NA,NA,NA,NA,NA,NA,NA,NA,NA,NA,NA,NA,NA,NA,NA,NA,NA,NA,NA,NA,NA,NA,NA,NA,NA,NA,NA,NA,NA,NA,0.643757705624128,0.680138181546683,3.63804759225549,4.37731420275374,NA,NA,NA,NA,NA,NA,NA,NA,NA,NA,NA,NA,NA,NA,NA,"indep = independent given the pilot draw; corr = DGP-implied correlation of the two estimates",NA,NA,NA,NA,NA,NA,NA
"grid","Turkish","joint",NA,NA,3,80,0.92,NA,0.641666666666667,0.0437731420275374,NA,NA,NA,NA,NA,NA,NA,NA,NA,NA,NA,NA,NA,NA,NA,NA,NA,NA,NA,NA,NA,NA,NA,NA,NA,NA,NA,NA,NA,NA,NA,NA,NA,NA,NA,NA,NA,NA,NA,NA,NA,NA,NA,NA,NA,NA,NA,NA,NA,NA,NA,NA,NA,NA,NA,NA,NA,NA,NA,NA,0.643757705624128,0.676069700793783,3.23119951696549,4.37731420275374,NA,NA,NA,NA,NA,NA,NA,NA,NA,NA,NA,NA,NA,NA,NA,"indep = independent given the pilot draw; corr = DGP-implied correlation of the two estimates",NA,NA,NA,NA,NA,NA,NA
"grid","Turkish","joint",NA,NA,3,80,0.93,NA,0.641666666666667,0.0437731420275374,NA,NA,NA,NA,NA,NA,NA,NA,NA,NA,NA,NA,NA,NA,NA,NA,NA,NA,NA,NA,NA,NA,NA,NA,NA,NA,NA,NA,NA,NA,NA,NA,NA,NA,NA,NA,NA,NA,NA,NA,NA,NA,NA,NA,NA,NA,NA,NA,NA,NA,NA,NA,NA,NA,NA,NA,NA,NA,NA,NA,0.643757705624128,0.672005513929016,2.82478083048877,4.37731420275374,NA,NA,NA,NA,NA,NA,NA,NA,NA,NA,NA,NA,NA,NA,NA,"indep = independent given the pilot draw; corr = DGP-implied correlation of the two estimates",NA,NA,NA,NA,NA,NA,NA
"grid","Turkish","joint",NA,NA,3,80,0.94,NA,0.641666666666667,0.0437731420275374,NA,NA,NA,NA,NA,NA,NA,NA,NA,NA,NA,NA,NA,NA,NA,NA,NA,NA,NA,NA,NA,NA,NA,NA,NA,NA,NA,NA,NA,NA,NA,NA,NA,NA,NA,NA,NA,NA,NA,NA,NA,NA,NA,NA,NA,NA,NA,NA,NA,NA,NA,NA,NA,NA,NA,NA,NA,NA,NA,NA,0.643757705624128,0.667946624886593,2.41889192624648,4.37731420275374,NA,NA,NA,NA,NA,NA,NA,NA,NA,NA,NA,NA,NA,NA,NA,"indep = independent given the pilot draw; corr = DGP-implied correlation of the two estimates",NA,NA,NA,NA,NA,NA,NA
"grid","Turkish","joint",NA,NA,3,80,0.95,NA,0.641666666666667,0.0437731420275374,NA,NA,NA,NA,NA,NA,NA,NA,NA,NA,NA,NA,NA,NA,NA,NA,NA,NA,NA,NA,NA,NA,NA,NA,NA,NA,NA,NA,NA,NA,NA,NA,NA,NA,NA,NA,NA,NA,NA,NA,NA,NA,NA,NA,NA,NA,NA,NA,NA,NA,NA,NA,NA,NA,NA,NA,NA,NA,NA,NA,0.643757705624128,0.663894013827476,2.01363082033478,4.37731420275374,NA,NA,NA,NA,NA,NA,NA,NA,NA,NA,NA,NA,NA,NA,NA,"indep = independent given the pilot draw; corr = DGP-implied correlation of the two estimates",NA,NA,NA,NA,NA,NA,NA
"grid","Turkish","joint",NA,NA,3,80,0.96,NA,0.641666666666667,0.0437731420275374,NA,NA,NA,NA,NA,NA,NA,NA,NA,NA,NA,NA,NA,NA,NA,NA,NA,NA,NA,NA,NA,NA,NA,NA,NA,NA,NA,NA,NA,NA,NA,NA,NA,NA,NA,NA,NA,NA,NA,NA,NA,NA,NA,NA,NA,NA,NA,NA,NA,NA,NA,NA,NA,NA,NA,NA,NA,NA,NA,NA,0.643757705624128,0.659848636583818,1.60909309596891,4.37731420275374,NA,NA,NA,NA,NA,NA,NA,NA,NA,NA,NA,NA,NA,NA,NA,"indep = independent given the pilot draw; corr = DGP-implied correlation of the two estimates",NA,NA,NA,NA,NA,NA,NA
"grid","Turkish","joint",NA,NA,3,80,0.97,NA,0.641666666666667,0.0437731420275374,NA,NA,NA,NA,NA,NA,NA,NA,NA,NA,NA,NA,NA,NA,NA,NA,NA,NA,NA,NA,NA,NA,NA,NA,NA,NA,NA,NA,NA,NA,NA,NA,NA,NA,NA,NA,NA,NA,NA,NA,NA,NA,NA,NA,NA,NA,NA,NA,NA,NA,NA,NA,NA,NA,NA,NA,NA,NA,NA,NA,0.643757705624128,0.655811424173702,1.20537185495734,4.37731420275374,NA,NA,NA,NA,NA,NA,NA,NA,NA,NA,NA,NA,NA,NA,NA,"indep = independent given the pilot draw; corr = DGP-implied correlation of the two estimates",NA,NA,NA,NA,NA,NA,NA
"grid","Turkish","joint",NA,NA,3,80,0.98,NA,0.641666666666667,0.0437731420275374,NA,NA,NA,NA,NA,NA,NA,NA,NA,NA,NA,NA,NA,NA,NA,NA,NA,NA,NA,NA,NA,NA,NA,NA,NA,NA,NA,NA,NA,NA,NA,NA,NA,NA,NA,NA,NA,NA,NA,NA,NA,NA,NA,NA,NA,NA,NA,NA,NA,NA,NA,NA,NA,NA,NA,NA,NA,NA,NA,NA,0.643757705624128,0.651783282384333,0.802557676020488,4.37731420275374,NA,NA,NA,NA,NA,NA,NA,NA,NA,NA,NA,NA,NA,NA,NA,"indep = independent given the pilot draw; corr = DGP-implied correlation of the two estimates",NA,NA,NA,NA,NA,NA,NA
"grid","Turkish","joint",NA,NA,3,80,0.99,NA,0.641666666666667,0.0437731420275374,NA,NA,NA,NA,NA,NA,NA,NA,NA,NA,NA,NA,NA,NA,NA,NA,NA,NA,NA,NA,NA,NA,NA,NA,NA,NA,NA,NA,NA,NA,NA,NA,NA,NA,NA,NA,NA,NA,NA,NA,NA,NA,NA,NA,NA,NA,NA,NA,NA,NA,NA,NA,NA,NA,NA,NA,NA,NA,NA,NA,0.643757705624128,0.647765091421642,0.40073857975137,4.37731420275374,NA,NA,NA,NA,NA,NA,NA,NA,NA,NA,NA,NA,NA,NA,NA,"indep = independent given the pilot draw; corr = DGP-implied correlation of the two estimates",NA,NA,NA,NA,NA,NA,NA
"grid","Turkish","joint",NA,NA,3,80,1,NA,0.641666666666667,0.0437731420275374,NA,NA,NA,NA,NA,NA,NA,NA,NA,NA,NA,NA,NA,NA,NA,NA,NA,NA,NA,NA,NA,NA,NA,NA,NA,NA,NA,NA,NA,NA,NA,NA,NA,NA,NA,NA,NA,NA,NA,NA,NA,NA,NA,NA,NA,NA,NA,NA,NA,NA,NA,NA,NA,NA,NA,NA,NA,NA,NA,NA,0.643757705624128,0.643757705624128,0,4.37731420275374,NA,NA,NA,NA,NA,NA,NA,NA,NA,NA,NA,NA,NA,NA,NA,"indep = independent given the pilot draw; corr = DGP-implied correlation of the two estimates",NA,NA,NA,NA,NA,NA,NA
"grid","Norwegian","h1a",NA,NA,10,80,0.7,NA,0.691666666666667,0.0421568389952813,NA,NA,NA,NA,NA,0.163264236794721,NA,NA,NA,NA,NA,NA,NA,NA,NA,NA,NA,NA,NA,NA,NA,NA,NA,NA,NA,NA,NA,NA,NA,NA,NA,NA,NA,NA,NA,NA,NA,NA,NA,NA,NA,NA,NA,NA,NA,NA,NA,NA,NA,NA,NA,NA,NA,NA,NA,NA,NA,0.238062969059925,0.166644078341948,"ok",0.691666666666667,0.841396288303797,14.972962163713,4.21568389952813,3.55172790953064,2153.73974991128,2073.73974991128,Inf,Inf,0.212856837854535,0.744584775001735,0.875103306323704,13.0518531321969,Inf,3200,43074.7949982255,NA,NA,NA,NA,NA,NA,NA,NA,NA,NA,NA
"grid","Norwegian","h1a",NA,NA,10,80,0.71,NA,0.691666666666667,0.0421568389952813,NA,NA,NA,NA,NA,0.163264236794721,NA,NA,NA,NA,NA,NA,NA,NA,NA,NA,NA,NA,NA,NA,NA,NA,NA,NA,NA,NA,NA,NA,NA,NA,NA,NA,NA,NA,NA,NA,NA,NA,NA,NA,NA,NA,NA,NA,NA,NA,NA,NA,NA,NA,NA,NA,NA,NA,NA,NA,NA,0.238062969059925,0.169024708032547,"ok",0.691666666666667,0.836636154995787,14.4969488329121,4.21568389952813,3.43881305582108,1254.61050752208,1174.61050752208,Inf,Inf,0.212856837854535,0.744584775001735,0.871205225800117,12.6620450798383,Inf,3200,25092.2101504416,NA,NA,NA,NA,NA,NA,NA,NA,NA,NA,NA
"grid","Norwegian","h1a",NA,NA,10,80,0.72,NA,0.691666666666667,0.0421568389952813,NA,NA,NA,NA,NA,0.163264236794721,NA,NA,NA,NA,NA,NA,NA,NA,NA,NA,NA,NA,NA,NA,NA,NA,NA,NA,NA,NA,NA,NA,NA,NA,NA,NA,NA,NA,NA,NA,NA,NA,NA,NA,NA,NA,NA,NA,NA,NA,NA,NA,NA,NA,NA,NA,NA,NA,NA,NA,NA,0.238062969059925,0.171405337723146,"ok",0.691666666666667,0.831834820771569,14.0168154104903,4.21568389952813,3.32492087750203,881.421125340822,801.421125340822,Inf,Inf,0.212856837854535,0.744584775001735,0.867256718950455,12.2671943948721,Inf,3200,17628.4225068164,NA,NA,NA,NA,NA,NA,NA,NA,NA,NA,NA
"grid","Norwegian","h1a",NA,NA,10,80,0.73,NA,0.691666666666667,0.0421568389952813,NA,NA,NA,NA,NA,0.163264236794721,NA,NA,NA,NA,NA,NA,NA,NA,NA,NA,NA,NA,NA,NA,NA,NA,NA,NA,NA,NA,NA,NA,NA,NA,NA,NA,NA,NA,NA,NA,NA,NA,NA,NA,NA,NA,NA,NA,NA,NA,NA,NA,NA,NA,NA,NA,NA,NA,NA,NA,NA,0.238062969059925,0.173785967413745,"ok",0.691666666666667,0.826995258121596,13.5328591454929,4.21568389952813,3.21012188485187,677.175212052103,597.175212052103,Inf,Inf,0.212856837854535,0.744584775001735,0.863259777149433,11.8675002147698,Inf,3200,13543.5042410421,NA,NA,NA,NA,NA,NA,NA,NA,NA,NA,NA
"grid","Norwegian","h1a",NA,NA,10,80,0.74,NA,0.691666666666667,0.0421568389952813,NA,NA,NA,NA,NA,0.163264236794721,NA,NA,NA,NA,NA,NA,NA,NA,NA,NA,NA,NA,NA,NA,NA,NA,NA,NA,NA,NA,NA,NA,NA,NA,NA,NA,NA,NA,NA,NA,NA,NA,NA,NA,NA,NA,NA,NA,NA,NA,NA,NA,NA,NA,NA,NA,NA,NA,NA,NA,NA,0.238062969059925,0.176166597104345,"ok",0.691666666666667,0.822120428232007,13.045376156534,4.21568389952813,3.09448631999999,548.355708329543,468.355708329543,Inf,Inf,0.212856837854535,0.744584775001735,0.859216427224652,11.4631652222918,Inf,3200,10967.1141665909,NA,NA,NA,NA,NA,NA,NA,NA,NA,NA,NA
"grid","Norwegian","h1a",NA,NA,10,80,0.75,NA,0.691666666666667,0.0421568389952813,NA,NA,NA,NA,NA,0.163264236794721,NA,NA,NA,NA,NA,NA,NA,NA,NA,NA,NA,NA,NA,NA,NA,NA,NA,NA,NA,NA,NA,NA,NA,NA,NA,NA,NA,NA,NA,NA,NA,NA,NA,NA,NA,NA,NA,NA,NA,NA,NA,NA,NA,NA,NA,NA,NA,NA,NA,NA,NA,0.238062969059925,0.178547226794944,"ok",0.691666666666667,0.817213273821516,12.5546607154849,4.21568389952813,2.97808398701102,459.714151353067,379.714151353067,Inf,Inf,0.212856837854535,0.744584775001735,0.855128725897204,11.054395089547,Inf,3200,9194.28302706134,NA,NA,NA,NA,NA,NA,NA,NA,NA,NA,NA
"grid","Norwegian","h1a",NA,NA,10,80,0.76,NA,0.691666666666667,0.0421568389952813,NA,NA,NA,NA,NA,0.163264236794721,NA,NA,NA,NA,NA,NA,NA,NA,NA,NA,NA,NA,NA,NA,NA,NA,NA,NA,NA,NA,NA,NA,NA,NA,NA,NA,NA,NA,NA,NA,NA,NA,NA,NA,NA,NA,NA,NA,NA,NA,NA,NA,NA,NA,NA,NA,NA,NA,NA,NA,NA,0.238062969059925,0.180927856485543,"ok",0.691666666666667,0.812276712416453,12.0610045749786,4.21568389952813,2.86098409236248,395.004670375836,315.004670375836,Inf,Inf,0.212856837854535,0.744584775001735,0.850998754328298,10.6413979326564,Inf,3200,7900.09340751672,NA,NA,NA,NA,NA,NA,NA,NA,NA,NA,NA
"grid","Norwegian","h1a",NA,NA,10,80,0.77,NA,0.691666666666667,0.0421568389952813,NA,NA,NA,NA,NA,0.163264236794721,NA,NA,NA,NA,NA,NA,NA,NA,NA,NA,NA,NA,NA,NA,NA,NA,NA,NA,NA,NA,NA,NA,NA,NA,NA,NA,NA,NA,NA,NA,NA,NA,NA,NA,NA,NA,NA,NA,NA,NA,NA,NA,NA,NA,NA,NA,NA,NA,NA,NA,NA,0.238062969059925,0.183308486176142,"ok",0.691666666666667,0.807313630072601,11.5646963405934,4.21568389952813,2.7432550960208,345.699419053473,265.699419053473,Inf,Inf,0.212856837854535,0.744584775001735,0.846828612793628,10.2243837791893,7096.85380429818,3200,6913.98838106947,NA,NA,NA,NA,NA,NA,NA,NA,NA,NA,NA
"grid","Norwegian","h1a",NA,NA,10,80,0.78,NA,0.691666666666667,0.0421568389952813,NA,NA,NA,NA,NA,0.163264236794721,NA,NA,NA,NA,NA,NA,NA,NA,NA,NA,NA,NA,NA,NA,NA,NA,NA,NA,NA,NA,NA,NA,NA,NA,NA,NA,NA,NA,NA,NA,NA,NA,NA,NA,NA,NA,NA,NA,NA,NA,NA,NA,NA,NA,NA,NA,NA,NA,NA,NA,NA,0.238062969059925,0.185689115866742,"ok",0.691666666666667,0.802326875548406,11.0660208881739,4.21568389952813,2.62496457322442,306.891839694971,226.891839694971,Inf,Inf,0.212856837854535,0.744584775001735,0.842620415505103,9.8035640503368,1559.45451760724,3200,6137.83679389943,NA,NA,NA,NA,NA,NA,NA,NA,NA,NA,NA
"grid","Norwegian","h1a",NA,NA,10,80,0.79,NA,0.691666666666667,0.0421568389952813,NA,NA,NA,NA,NA,0.163264236794721,NA,NA,NA,NA,NA,NA,NA,NA,NA,NA,NA,NA,NA,NA,NA,NA,NA,NA,NA,NA,NA,NA,NA,NA,NA,NA,NA,NA,NA,NA,NA,NA,NA,NA,NA,NA,NA,NA,NA,NA,NA,NA,NA,NA,NA,NA,NA,NA,NA,NA,NA,0.238062969059925,0.188069745557341,"ok",0.691666666666667,0.797319254930498,10.5652588263831,4.21568389952813,2.506179086996,275.558954520994,195.558954520994,Inf,Inf,0.212856837854535,0.744584775001735,0.838376285597454,9.37915105957199,840.256400414056,3200,5511.17909041988,NA,NA,NA,NA,NA,NA,NA,NA,NA,NA,NA
"grid","Norwegian","h1a",NA,NA,10,80,0.8,NA,0.691666666666667,0.0421568389952813,NA,NA,NA,NA,NA,0.163264236794721,NA,NA,NA,NA,NA,NA,NA,NA,NA,NA,NA,NA,NA,NA,NA,NA,NA,NA,NA,NA,NA,NA,NA,NA,NA,NA,NA,NA,NA,NA,NA,NA,NA,NA,NA,NA,NA,NA,NA,NA,NA,NA,NA,NA,NA,NA,NA,NA,NA,NA,NA,0.238062969059925,0.19045037524794,"ok",0.691666666666667,0.792293526709103,10.0626860042436,4.21568389952813,2.38696407132659,249.736660683703,169.736660683703,Inf,Inf,0.212856837854535,0.744584775001735,0.834098350295045,8.95135752933107,557.177692929105,3200,4994.73321367406,NA,NA,NA,NA,NA,NA,NA,NA,NA,NA,NA
"grid","Norwegian","h1a",NA,NA,10,80,0.81,NA,0.691666666666667,0.0421568389952813,NA,NA,NA,NA,NA,0.163264236794721,NA,NA,NA,NA,NA,NA,NA,NA,NA,NA,NA,NA,NA,NA,NA,NA,NA,NA,NA,NA,NA,NA,NA,NA,NA,NA,NA,NA,NA,NA,NA,NA,NA,NA,NA,NA,NA,NA,NA,NA,NA,NA,NA,NA,NA,NA,NA,NA,NA,NA,NA,0.238062969059925,0.192831004938539,"ok",0.691666666666667,0.78725239729798,9.55857306313136,4.21568389952813,2.26738372490434,228.093442300349,148.093442300349,Inf,Inf,0.212856837854535,0.744584775001735,0.829788736272048,8.5203961270313,405.847102621621,3200,4561.86884600698,NA,NA,NA,NA,NA,NA,NA,NA,NA,NA,NA
"grid","Norwegian","h1a",NA,NA,10,80,0.82,NA,0.691666666666667,0.0421568389952813,NA,NA,NA,NA,NA,0.163264236794721,NA,NA,NA,NA,NA,NA,NA,NA,NA,NA,NA,NA,NA,NA,NA,NA,NA,NA,NA,NA,NA,NA,NA,NA,NA,NA,NA,NA,NA,NA,NA,NA,NA,NA,NA,NA,NA,NA,NA,NA,NA,NA,NA,NA,NA,NA,NA,NA,NA,NA,NA,0.238062969059925,0.195211634629139,"ok",0.691666666666667,0.782198516990901,9.05318503242343,4.21568389952813,2.1475009151983,209.694677140169,129.694677140169,Inf,Inf,0.212856837854535,0.744584775001735,0.82544956521705,8.08647902153152,311.669497527899,3200,4193.89354280338,NA,NA,NA,NA,NA,NA,NA,NA,NA,NA,NA
"grid","Norwegian","h1a",NA,NA,10,80,0.83,NA,0.691666666666667,0.0421568389952813,NA,NA,NA,NA,NA,0.163264236794721,NA,NA,NA,NA,NA,NA,NA,NA,NA,NA,NA,NA,NA,NA,NA,NA,NA,NA,NA,NA,NA,NA,NA,NA,NA,NA,NA,NA,NA,NA,NA,NA,NA,NA,NA,NA,NA,NA,NA,NA,NA,NA,NA,NA,NA,NA,NA,NA,NA,NA,NA,0.238062969059925,0.197592264319738,"ok",0.691666666666667,0.777134476344386,8.54678096777192,4.21568389952813,2.02737709265359,193.865014528635,113.865014528635,Inf,Inf,0.212856837854535,0.744584775001735,0.821082949611077,7.64981746093424,247.422493981437,3200,3877.3002905727,NA,NA,NA,NA,NA,NA,NA,NA,NA,NA,NA
"grid","Norwegian","h1a",NA,NA,10,80,0.84,NA,0.691666666666667,0.0421568389952813,NA,NA,NA,NA,NA,0.163264236794721,NA,NA,NA,NA,NA,NA,NA,NA,NA,NA,NA,NA,NA,NA,NA,NA,NA,NA,NA,NA,NA,NA,NA,NA,NA,NA,NA,NA,NA,NA,NA,NA,NA,NA,NA,NA,NA,NA,NA,NA,NA,NA,NA,NA,NA,NA,NA,NA,NA,NA,NA,0.238062969059925,0.199972894010337,"ok",0.691666666666667,0.772062802974476,8.0396136307809,4.21568389952813,1.90707221470774,180.104303669142,100.104303669142,Inf,Inf,0.212856837854535,0.744584775001735,0.816690988726062,7.21062137243278,200.803014609473,3200,3602.08607338283,NA,NA,NA,NA,NA,NA,NA,NA,NA,NA,NA
"grid","Norwegian","h1a",NA,NA,10,80,0.85,NA,0.691666666666667,0.0421568389952813,NA,NA,NA,NA,NA,0.163264236794721,NA,NA,NA,NA,NA,NA,NA,NA,NA,NA,NA,NA,NA,NA,NA,NA,NA,NA,NA,NA,NA,NA,NA,NA,NA,NA,NA,NA,NA,NA,NA,NA,NA,NA,NA,NA,NA,NA,NA,NA,NA,NA,NA,NA,NA,NA,NA,NA,NA,NA,NA,0.238062969059925,0.202353523700936,"ok",0.691666666666667,0.766985958753629,7.53192920869628,4.21568389952813,1.7866446792985,168.034242955275,88.0342429552746,Inf,Inf,0.212856837854535,0.744584775001735,0.812275764848937,6.76909898472022,165.438206268297,3200,3360.68485910549,NA,NA,NA,NA,NA,NA,NA,NA,NA,NA,NA
"grid","Norwegian","h1a",NA,NA,10,80,0.86,NA,0.691666666666667,0.0421568389952813,NA,NA,NA,NA,NA,0.163264236794721,NA,NA,NA,NA,NA,NA,NA,NA,NA,NA,NA,NA,NA,NA,NA,NA,NA,NA,NA,NA,NA,NA,NA,NA,NA,NA,NA,NA,NA,NA,NA,NA,NA,NA,NA,NA,NA,NA,NA,NA,NA,NA,NA,NA,NA,NA,NA,NA,NA,NA,NA,0.238062969059925,0.204734153391536,"ok",0.691666666666667,0.761906337392477,7.02396707258108,4.21568389952813,1.6661512675007,157.36340524921,77.3634052492102,Inf,Inf,0.212856837854535,0.744584775001735,0.807839339734768,6.32545647330335,137.69665714991,3200,3147.2681049842,NA,NA,NA,NA,NA,NA,NA,NA,NA,NA,NA
"grid","Norwegian","h1a",NA,NA,10,80,0.87,NA,0.691666666666667,0.0421568389952813,NA,NA,NA,NA,NA,0.163264236794721,NA,NA,NA,NA,NA,NA,NA,NA,NA,NA,NA,NA,NA,NA,NA,NA,NA,NA,NA,NA,NA,NA,NA,NA,NA,NA,NA,NA,NA,NA,NA,NA,NA,NA,NA,NA,NA,NA,NA,NA,NA,NA,NA,NA,NA,NA,NA,NA,NA,NA,NA,0.238062969059925,0.207114783082135,"ok",0.691666666666667,0.756826262390034,6.51595957233672,4.21568389952813,1.5456470949034,147.86365575573,67.8636557557298,Inf,Inf,0.212856837854535,0.744584775001735,0.803383751290761,5.87989762890263,115.357415114341,3200,2957.2731151146,NA,NA,NA,NA,NA,NA,NA,NA,NA,NA,NA
"grid","Norwegian","h1a",NA,NA,10,80,0.88,NA,0.691666666666667,0.0421568389952813,NA,NA,NA,NA,NA,0.163264236794721,NA,NA,NA,NA,NA,NA,NA,NA,NA,NA,NA,NA,NA,NA,NA,NA,NA,NA,NA,NA,NA,NA,NA,NA,NA,NA,NA,NA,NA,NA,NA,NA,NA,NA,NA,NA,NA,NA,NA,NA,NA,NA,NA,NA,NA,NA,NA,NA,NA,NA,NA,0.238062969059925,0.209495412772734,"ok",0.691666666666667,0.751747985335103,6.00813186684364,4.21568389952813,1.42518557131765,139.353855936645,59.3538559366448,1680.78892879231,1600.78892879231,0.212856837854535,0.744584775001735,0.798911010491445,5.43262354897102,96.9858113545195,3200,2787.0771187329,NA,NA,NA,NA,NA,NA,NA,NA,NA,NA,NA
"grid","Norwegian","h1a",NA,NA,10,80,0.89,NA,0.691666666666667,0.0421568389952813,NA,NA,NA,NA,NA,0.163264236794721,NA,NA,NA,NA,NA,NA,NA,NA,NA,NA,NA,NA,NA,NA,NA,NA,NA,NA,NA,NA,NA,NA,NA,NA,NA,NA,NA,NA,NA,NA,NA,NA,NA,NA,NA,NA,NA,NA,NA,NA,NA,NA,NA,NA,NA,NA,NA,NA,NA,NA,NA,0.238062969059925,0.211876042463333,"ok",0.691666666666667,0.746673684540961,5.50070178742939,4.21568389952813,1.30481836838978,131.688355768553,51.688355768553,654.023157814718,574.023157814718,0.212856837854535,0.744584775001735,0.794423098524014,4.9838323522279,81.6137957114608,3200,2633.76711537106,NA,NA,NA,NA,NA,NA,NA,NA,NA,NA,NA
"grid","Norwegian","h1a",NA,NA,10,80,0.9,NA,0.691666666666667,0.0421568389952813,NA,NA,NA,NA,NA,0.163264236794721,NA,NA,NA,NA,NA,NA,NA,NA,NA,NA,NA,NA,NA,NA,NA,NA,NA,NA,NA,NA,NA,NA,NA,NA,NA,NA,NA,NA,NA,NA,NA,NA,NA,NA,NA,NA,NA,NA,NA,NA,NA,NA,NA,NA,NA,NA,NA,NA,NA,NA,NA,0.238062969059925,0.214256672153933,"ok",0.691666666666667,0.741605463994944,4.99387973282771,4.21568389952813,1.18459539468476,124.748709505521,44.7487095055211,404.270535131823,324.270535131823,0.212856837854535,0.744584775001735,0.789921964161563,4.53371891598281,68.5644971256526,3200,2494.97419011042,NA,NA,NA,NA,NA,NA,NA,NA,NA,NA,NA
"grid","Norwegian","h1a",NA,NA,10,80,0.91,NA,0.691666666666667,0.0421568389952813,NA,NA,NA,NA,NA,0.163264236794721,NA,NA,NA,NA,NA,NA,NA,NA,NA,NA,NA,NA,NA,NA,NA,NA,NA,NA,NA,NA,NA,NA,NA,NA,NA,NA,NA,NA,NA,NA,NA,NA,NA,NA,NA,NA,NA,NA,NA,NA,NA,NA,NA,NA,NA,NA,NA,NA,NA,NA,NA,0.238062969059925,0.216637301844532,"ok",0.691666666666667,0.736545352604319,4.48786859376528,4.21568389952813,1.06456477779741,118.437608487438,38.4376084874377,291.652456444837,211.652456444837,0.212856837854535,0.744584775001735,0.785409521360862,4.08247463591276,57.3504024506506,3200,2368.75216974875,NA,NA,NA,NA,NA,NA,NA,NA,NA,NA,NA
"grid","Norwegian","h1a",NA,NA,10,80,0.92,NA,0.691666666666667,0.0421568389952813,NA,NA,NA,NA,NA,0.163264236794721,NA,NA,NA,NA,NA,NA,NA,NA,NA,NA,NA,NA,NA,NA,NA,NA,NA,NA,NA,NA,NA,NA,NA,NA,NA,NA,NA,NA,NA,NA,NA,NA,NA,NA,NA,NA,NA,NA,NA,NA,NA,NA,NA,NA,NA,NA,NA,NA,NA,NA,NA,0.238062969059925,0.219017931535131,"ok",0.691666666666667,0.731495303719699,3.98286370530319,4.21568389952813,0.9447728530474,112.674368333616,32.6743683336159,227.560282398326,147.560282398326,0.212856837854535,0.744584775001735,0.780887647080337,3.63028720786025,47.6114688784968,3200,2253.48736667232,NA,NA,NA,NA,NA,NA,NA,NA,NA,NA,NA
"grid","Norwegian","h1a",NA,NA,10,80,0.93,NA,0.691666666666667,0.0421568389952813,NA,NA,NA,NA,NA,0.163264236794721,NA,NA,NA,NA,NA,NA,NA,NA,NA,NA,NA,NA,NA,NA,NA,NA,NA,NA,NA,NA,NA,NA,NA,NA,NA,NA,NA,NA,NA,NA,NA,NA,NA,NA,NA,NA,NA,NA,NA,NA,NA,NA,NA,NA,NA,NA,NA,NA,NA,NA,NA,0.238062969059925,0.221398561225731,"ok",0.691666666666667,0.726457194917312,3.47905282506449,4.21568389952813,0.825264158314598,107.39152495144,27.3915249514396,186.195621570316,106.195621570316,0.212856837854535,0.744584775001735,0.776358179313062,3.17734043113277,39.0760190691241,3200,2147.83049902879,NA,NA,NA,NA,NA,NA,NA,NA,NA,NA,NA
"grid","Norwegian","h1a",NA,NA,10,80,0.94,NA,0.691666666666667,0.0421568389952813,NA,NA,NA,NA,NA,0.163264236794721,NA,NA,NA,NA,NA,NA,NA,NA,NA,NA,NA,NA,NA,NA,NA,NA,NA,NA,NA,NA,NA,NA,NA,NA,NA,NA,NA,NA,NA,NA,NA,NA,NA,NA,NA,NA,NA,NA,NA,NA,NA,NA,NA,NA,NA,NA,NA,NA,NA,NA,NA,0.238062969059925,0.22377919091633,"ok",0.691666666666667,0.721432828021639,2.97661613549723,4.21568389952813,0.706081434575873,102.532234018032,22.5322340180316,157.294403183728,77.2944031837283,0.212856837854535,0.744584775001735,0.771822915328844,2.72381403271089,31.5351997868243,3200,2050.64468036063,NA,NA,NA,NA,NA,NA,NA,NA,NA,NA,NA
"grid","Norwegian","h1a",NA,NA,10,80,0.95,NA,0.691666666666667,0.0421568389952813,NA,NA,NA,NA,NA,0.163264236794721,NA,NA,NA,NA,NA,NA,NA,NA,NA,NA,NA,NA,NA,NA,NA,NA,NA,NA,NA,NA,NA,NA,NA,NA,NA,NA,NA,NA,NA,NA,NA,NA,NA,NA,NA,NA,NA,NA,NA,NA,NA,NA,NA,NA,NA,NA,NA,NA,NA,NA,NA,0.238062969059925,0.226159820606929,"ok",0.691666666666667,0.716423929350178,2.4757262683511,4.21568389952813,0.587265631711193,98.0482610517315,18.0482610517315,135.964350103303,55.9643501033032,0.212856837854535,0.744584775001735,0.767283610118817,2.26988351170819,24.8258154116667,3200,1960.96522103463,NA,NA,NA,NA,NA,NA,NA,NA,NA,NA,NA
"grid","Norwegian","h1a",NA,NA,10,80,0.96,NA,0.691666666666667,0.0421568389952813,NA,NA,NA,NA,NA,0.163264236794721,NA,NA,NA,NA,NA,NA,NA,NA,NA,NA,NA,NA,NA,NA,NA,NA,NA,NA,NA,NA,NA,NA,NA,NA,NA,NA,NA,NA,NA,NA,NA,NA,NA,NA,NA,NA,NA,NA,NA,NA,NA,NA,NA,NA,NA,NA,NA,NA,NA,NA,NA,0.238062969059925,0.228540450297528,"ok",0.691666666666667,0.711432150162513,1.97654834958461,4.21568389952813,0.468855919156046,93.8984113011464,13.8984113011464,119.577360037424,39.5773600374242,0.212856837854535,0.744584775001735,0.762741975035464,1.81572000337294,18.8184985813781,3200,1877.96822602293,NA,NA,NA,NA,NA,NA,NA,NA,NA,NA,NA
"grid","Norwegian","h1a",NA,NA,10,80,0.97,NA,0.691666666666667,0.0421568389952813,NA,NA,NA,NA,NA,0.163264236794721,NA,NA,NA,NA,NA,NA,NA,NA,NA,NA,NA,NA,NA,NA,NA,NA,NA,NA,NA,NA,NA,NA,NA,NA,NA,NA,NA,NA,NA,NA,NA,NA,NA,NA,NA,NA,NA,NA,NA,NA,NA,NA,NA,NA,NA,NA,NA,NA,NA,NA,NA,0.238062969059925,0.230921079988127,"ok",0.691666666666667,0.706459067296341,1.47924006296747,4.21568389952813,0.350889700988502,90.047291121121,10.047291121121,106.595499211843,26.5954992118427,0.212856837854535,0.744584775001735,0.758199676620509,1.36149016187749,13.4093774441705,3200,1800.94582242242,NA,NA,NA,NA,NA,NA,NA,NA,NA,NA,NA
"grid","Norwegian","h1a",NA,NA,10,80,0.98,NA,0.691666666666667,0.0421568389952813,NA,NA,NA,NA,NA,0.163264236794721,NA,NA,NA,NA,NA,NA,NA,NA,NA,NA,NA,NA,NA,NA,NA,NA,NA,NA,NA,NA,NA,NA,NA,NA,NA,NA,NA,NA,NA,NA,NA,NA,NA,NA,NA,NA,NA,NA,NA,NA,NA,NA,NA,NA,NA,NA,NA,NA,NA,NA,NA,0.238062969059925,0.233301709678727,"ok",0.691666666666667,0.701506183973631,0.983951730696409,4.21568389952813,0.23340263505206,86.4643219629432,6.46432196294323,96.0588466871984,16.0588466871984,0.212856837854535,0.744584775001735,0.753658335612796,0.907356061106157,8.51409032433448,3200,1729.28643925886,NA,NA,NA,NA,NA,NA,NA,NA,NA,NA,NA
"grid","Norwegian","h1a",NA,NA,10,80,0.99,NA,0.691666666666667,0.0421568389952813,NA,NA,NA,NA,NA,0.163264236794721,NA,NA,NA,NA,NA,NA,NA,NA,NA,NA,NA,NA,NA,NA,NA,NA,NA,NA,NA,NA,NA,NA,NA,NA,NA,NA,NA,NA,NA,NA,NA,NA,NA,NA,NA,NA,NA,NA,NA,NA,NA,NA,NA,NA,NA,NA,NA,NA,NA,NA,NA,0.238062969059925,0.235682339369326,"ok",0.691666666666667,0.696574930760701,0.490826409403466,4.21568389952813,0.116428655729716,83.1229488486204,3.12294884862037,87.3372697455997,7.33726974559967,0.212856837854535,0.744584775001735,0.749119526127988,0.453475112625357,4.06341089724768,3200,1662.45897697241,NA,NA,NA,NA,NA,NA,NA,NA,NA,NA,NA
"grid","Norwegian","h1a",NA,NA,10,80,1,NA,0.691666666666667,0.0421568389952813,NA,NA,NA,NA,NA,0.163264236794721,NA,NA,NA,NA,NA,NA,NA,NA,NA,NA,NA,NA,NA,NA,NA,NA,NA,NA,NA,NA,NA,NA,NA,NA,NA,NA,NA,NA,NA,NA,NA,NA,NA,NA,NA,NA,NA,NA,NA,NA,NA,NA,NA,NA,NA,NA,NA,NA,NA,NA,NA,0.238062969059925,0.238062969059925,"ok",0.691666666666667,0.691666666666667,0,4.21568389952813,0,80,0,80,0,0.212856837854535,0.744584775001735,0.744584775001735,0,0,3200,1600,NA,NA,NA,NA,NA,NA,NA,NA,NA,NA,NA
"grid","Norwegian","h1b",NA,NA,10,80,0.7,NA,0.966666666666667,0.0163865346708362,NA,NA,NA,NA,NA,0.084089409001989,NA,NA,NA,NA,NA,NA,NA,NA,NA,NA,NA,NA,NA,NA,NA,NA,NA,NA,NA,NA,NA,NA,NA,NA,NA,NA,NA,NA,NA,NA,NA,NA,NA,NA,NA,NA,NA,NA,NA,NA,NA,NA,NA,NA,NA,NA,NA,NA,NA,NA,NA,0.139258107531362,0.0974806752719531,"ok",0.966666666668863,0.993910878695713,2.72442120268495,1.63865346708362,1.66259752742824,405.413226007506,325.413226007506,598.820023188715,518.820023188715,0.1473659585651,0.957340889259811,0.991970281731426,3.4629392471615,248.179548222651,3200,8108.26452015012,NA,NA,NA,NA,NA,NA,NA,NA,NA,NA,NA
"grid","Norwegian","h1b",NA,NA,10,80,0.71,NA,0.966666666666667,0.0163865346708362,NA,NA,NA,NA,NA,0.084089409001989,NA,NA,NA,NA,NA,NA,NA,NA,NA,NA,NA,NA,NA,NA,NA,NA,NA,NA,NA,NA,NA,NA,NA,NA,NA,NA,NA,NA,NA,NA,NA,NA,NA,NA,NA,NA,NA,NA,NA,NA,NA,NA,NA,NA,NA,NA,NA,NA,NA,NA,NA,0.139258107531362,0.0988732563472668,"ok",0.966666666668863,0.993474428850324,2.68077621814601,1.63865346708362,1.63596286340949,364.429819327025,284.429819327025,507.776638572863,427.776638572863,0.1473659585651,0.957340889259811,0.991392891842977,3.40520025831655,222.255701718867,3200,7288.5963865405,NA,NA,NA,NA,NA,NA,NA,NA,NA,NA,NA
"grid","Norwegian","h1b",NA,NA,10,80,0.72,NA,0.966666666666667,0.0163865346708362,NA,NA,NA,NA,NA,0.084089409001989,NA,NA,NA,NA,NA,NA,NA,NA,NA,NA,NA,NA,NA,NA,NA,NA,NA,NA,NA,NA,NA,NA,NA,NA,NA,NA,NA,NA,NA,NA,NA,NA,NA,NA,NA,NA,NA,NA,NA,NA,NA,NA,NA,NA,NA,NA,NA,NA,NA,NA,NA,0.139258107531362,0.10026583742258,"ok",0.966666666668863,0.993012782123543,2.63461154546799,1.63865346708362,1.60779054167988,330.541285521556,250.541285521556,439.940252197386,359.940252197386,0.1473659585651,0.957340889259811,0.990783146640971,3.34422573811604,199.837022420489,3200,6610.82571043112,NA,NA,NA,NA,NA,NA,NA,NA,NA,NA,NA
"grid","Norwegian","h1b",NA,NA,10,80,0.73,NA,0.966666666666667,0.0163865346708362,NA,NA,NA,NA,NA,0.084089409001989,NA,NA,NA,NA,NA,NA,NA,NA,NA,NA,NA,NA,NA,NA,NA,NA,NA,NA,NA,NA,NA,NA,NA,NA,NA,NA,NA,NA,NA,NA,NA,NA,NA,NA,NA,NA,NA,NA,NA,NA,NA,NA,NA,NA,NA,NA,NA,NA,NA,NA,NA,0.139258107531362,0.101658418497894,"ok",0.966666666668863,0.992525032295239,2.58583656263759,1.63865346708362,1.57802525950755,302.059732177052,222.059732177052,387.454368316132,307.454368316132,0.1473659585651,0.957340889259811,0.990140020861573,3.27991316017615,180.263006826844,3200,6041.19464354104,NA,NA,NA,NA,NA,NA,NA,NA,NA,NA,NA
"grid","Norwegian","h1b",NA,NA,10,80,0.74,NA,0.966666666666667,0.0163865346708362,NA,NA,NA,NA,NA,0.084089409001989,NA,NA,NA,NA,NA,NA,NA,NA,NA,NA,NA,NA,NA,NA,NA,NA,NA,NA,NA,NA,NA,NA,NA,NA,NA,NA,NA,NA,NA,NA,NA,NA,NA,NA,NA,NA,NA,NA,NA,NA,NA,NA,NA,NA,NA,NA,NA,NA,NA,NA,NA,0.139258107531362,0.103050999573208,"ok",0.966666666668863,0.99201027907912,2.5343612410257,1.63865346708362,1.5466120762776,277.793139102129,197.793139102129,345.648879854883,265.648879854883,0.1473659585651,0.957340889259811,0.989462509629752,3.21216203699409,163.029150790137,3200,5555.86278204258,NA,NA,NA,NA,NA,NA,NA,NA,NA,NA,NA
"grid","Norwegian","h1b",NA,NA,10,80,0.75,NA,0.966666666666667,0.0163865346708362,NA,NA,NA,NA,NA,0.084089409001989,NA,NA,NA,NA,NA,NA,NA,NA,NA,NA,NA,NA,NA,NA,NA,NA,NA,NA,NA,NA,NA,NA,NA,NA,NA,NA,NA,NA,NA,NA,NA,NA,NA,NA,NA,NA,NA,NA,NA,NA,NA,NA,NA,NA,NA,NA,NA,NA,NA,NA,NA,0.139258107531362,0.104443580648521,"ok",0.966666666668863,0.991467630601066,2.48009639322021,1.63865346708362,1.51349656473381,256.875725937212,176.875725937212,311.573395238863,231.573395238863,0.1473659585651,0.957340889259811,0.988749631618588,3.14087423587767,147.743466735631,3200,5137.51451874424,NA,NA,NA,NA,NA,NA,NA,NA,NA,NA,NA
"grid","Norwegian","h1b",NA,NA,10,80,0.76,NA,0.966666666666667,0.0163865346708362,NA,NA,NA,NA,NA,0.084089409001989,NA,NA,NA,NA,NA,NA,NA,NA,NA,NA,NA,NA,NA,NA,NA,NA,NA,NA,NA,NA,NA,NA,NA,NA,NA,NA,NA,NA,NA,NA,NA,NA,NA,NA,NA,NA,NA,NA,NA,NA,NA,NA,NA,NA,NA,NA,NA,NA,NA,NA,NA,0.139258107531362,0.105836161723835,"ok",0.966666666668863,0.99089620587968,2.42295392108165,1.63865346708362,1.47862496235636,238.663495555246,158.663495555246,283.272392896382,203.272392896382,0.1473659585651,0.957340889259811,0.988000432122172,3.06595428623606,134.09677699942,3200,4773.26991110492,NA,NA,NA,NA,NA,NA,NA,NA,NA,NA,NA
"grid","Norwegian","h1b",NA,NA,10,80,0.77,NA,0.966666666666667,0.0163865346708362,NA,NA,NA,NA,NA,0.084089409001989,NA,NA,NA,NA,NA,NA,NA,NA,NA,NA,NA,NA,NA,NA,NA,NA,NA,NA,NA,NA,NA,NA,NA,NA,NA,NA,NA,NA,NA,NA,NA,NA,NA,NA,NA,NA,NA,NA,NA,NA,NA,NA,NA,NA,NA,NA,NA,NA,NA,NA,NA,0.139258107531362,0.107228742799148,"ok",0.966666666668863,0.990295137292897,2.36284706240338,1.63865346708362,1.44194432188804,222.66749619503,142.66749619503,259.398492289888,179.398492289888,0.1473659585651,0.957340889259811,0.98721398602337,2.98730967635584,121.841946738693,3200,4453.3499239006,NA,NA,NA,NA,NA,NA,NA,NA,NA,NA,NA
"grid","Norwegian","h1b",NA,NA,10,80,0.78,NA,0.966666666666667,0.0163865346708362,NA,NA,NA,NA,NA,0.084089409001989,NA,NA,NA,NA,NA,NA,NA,NA,NA,NA,NA,NA,NA,NA,NA,NA,NA,NA,NA,NA,NA,NA,NA,NA,NA,NA,NA,NA,NA,NA,NA,NA,NA,NA,NA,NA,NA,NA,NA,NA,NA,NA,NA,NA,NA,NA,NA,NA,NA,NA,NA,0.139258107531362,0.108621323874462,"ok",0.966666666668863,0.98966357301506,2.29969063461963,1.63865346708362,1.40340266005874,208.509814309032,128.509814309032,238.99310814961,158.99310814961,0.1473659585651,0.957340889259811,0.986389400639342,2.90485113795308,110.779067785498,3200,4170.19628618064,NA,NA,NA,NA,NA,NA,NA,NA,NA,NA,NA
"grid","Norwegian","h1b",NA,NA,10,80,0.79,NA,0.966666666666667,0.0163865346708362,NA,NA,NA,NA,NA,0.084089409001989,NA,NA,NA,NA,NA,NA,NA,NA,NA,NA,NA,NA,NA,NA,NA,NA,NA,NA,NA,NA,NA,NA,NA,NA,NA,NA,NA,NA,NA,NA,NA,NA,NA,NA,NA,NA,NA,NA,NA,NA,NA,NA,NA,NA,NA,NA,NA,NA,NA,NA,NA,0.139258107531362,0.110013904949776,"ok",0.966666666668863,0.98900067940968,2.2334012740816,1.63865346708362,1.36294910360546,195.893750975109,115.893750975109,221.355653871529,141.355653871529,0.1473659585651,0.957340889259811,0.985525818429471,2.81849291696602,100.744694641986,3200,3917.87501950218,NA,NA,NA,NA,NA,NA,NA,NA,NA,NA,NA
"grid","Norwegian","h1b",NA,NA,10,80,0.8,NA,0.966666666666667,0.0163865346708362,NA,NA,NA,NA,NA,0.084089409001989,NA,NA,NA,NA,NA,NA,NA,NA,NA,NA,NA,NA,NA,NA,NA,NA,NA,NA,NA,NA,NA,NA,NA,NA,NA,NA,NA,NA,NA,NA,NA,NA,NA,NA,NA,NA,NA,NA,NA,NA,NA,NA,NA,NA,NA,NA,NA,NA,NA,NA,NA,0.139258107531362,0.111406486025089,"ok",0.966666666668863,0.98830564336398,2.16389766951161,1.63865346708362,1.32053403173935,184.583120482599,104.583120482599,205.962218369959,125.962218369959,0.1473659585651,0.957340889259811,0.984622419552092,2.72815302922804,91.6038960423589,3200,3691.66240965198,NA,NA,NA,NA,NA,NA,NA,NA,NA,NA,NA
"grid","Norwegian","h1b",NA,NA,10,80,0.81,NA,0.966666666666667,0.0163865346708362,NA,NA,NA,NA,NA,0.084089409001989,NA,NA,NA,NA,NA,NA,NA,NA,NA,NA,NA,NA,NA,NA,NA,NA,NA,NA,NA,NA,NA,NA,NA,NA,NA,NA,NA,NA,NA,NA,NA,NA,NA,NA,NA,NA,NA,NA,NA,NA,NA,NA,NA,NA,NA,NA,NA,NA,NA,NA,NA,0.139258107531362,0.112799067100403,"ok",0.966666666668863,0.987577674552301,2.0911007883438,1.63865346708362,1.27610921427177,174.387573751857,94.3875737518568,192.413179027264,112.413179027264,0.1473659585651,0.957340889259811,0.983678424258181,2.63375349983694,83.2442987594954,3200,3487.75147503714,NA,NA,NA,NA,NA,NA,NA,NA,NA,NA,NA
"grid","Norwegian","h1b",NA,NA,10,80,0.82,NA,0.966666666666667,0.0163865346708362,NA,NA,NA,NA,NA,0.084089409001989,NA,NA,NA,NA,NA,NA,NA,NA,NA,NA,NA,NA,NA,NA,NA,NA,NA,NA,NA,NA,NA,NA,NA,NA,NA,NA,NA,NA,NA,NA,NA,NA,NA,NA,NA,NA,NA,NA,NA,NA,NA,NA,NA,NA,NA,NA,NA,NA,NA,NA,NA,0.139258107531362,0.114191648175717,"ok",0.966666666668863,0.986816007616512,2.01493409476483,1.63865346708362,1.22962794467514,165.151995552669,85.1519955526693,180.39841128465,100.39841128465,0.1473659585651,0.957340889259811,0.982693095111919,2.53522058521081,75.5715644483735,3200,3303.03991105339,NA,NA,NA,NA,NA,NA,NA,NA,NA,NA,NA
"grid","Norwegian","h1b",NA,NA,10,80,0.83,NA,0.966666666666667,0.0163865346708362,NA,NA,NA,NA,NA,0.084089409001989,NA,NA,NA,NA,NA,NA,NA,NA,NA,NA,NA,NA,NA,NA,NA,NA,NA,NA,NA,NA,NA,NA,NA,NA,NA,NA,NA,NA,NA,NA,NA,NA,NA,NA,NA,NA,NA,NA,NA,NA,NA,NA,NA,NA,NA,NA,NA,NA,NA,NA,NA,0.139258107531362,0.11558422925103,"ok",0.966666666668863,0.986019904252635,1.93532375837719,1.63865346708362,1.18104516742125,156.748714625611,76.7487146256115,169.673564692748,89.6735646927481,0.1473659585651,0.957340889259811,0.981665739029731,2.432484976992,68.5059127912013,3200,3134.97429251223,NA,NA,NA,NA,NA,NA,NA,NA,NA,NA,NA
"grid","Norwegian","h1b",NA,NA,10,80,0.84,NA,0.966666666666667,0.0163865346708362,NA,NA,NA,NA,NA,0.084089409001989,NA,NA,NA,NA,NA,NA,NA,NA,NA,NA,NA,NA,NA,NA,NA,NA,NA,NA,NA,NA,NA,NA,NA,NA,NA,NA,NA,NA,NA,NA,NA,NA,NA,NA,NA,NA,NA,NA,NA,NA,NA,NA,NA,NA,NA,NA,NA,NA,NA,NA,NA,0.139258107531362,0.116976810326344,"ok",0.966666666668863,0.985188655194054,1.85219885251902,1.63865346708362,1.13031759900734,149.071692940535,69.0716929405354,160.043505376163,80.0435053761634,0.1473659585651,0.957340889259811,0.980595709131086,2.32548198712751,61.9794190595249,3200,2981.43385881071,NA,NA,NA,NA,NA,NA,NA,NA,NA,NA,NA
"grid","Norwegian","h1b",NA,NA,10,80,0.85,NA,0.966666666666667,0.0163865346708362,NA,NA,NA,NA,NA,0.084089409001989,NA,NA,NA,NA,NA,NA,NA,NA,NA,NA,NA,NA,NA,NA,NA,NA,NA,NA,NA,NA,NA,NA,NA,NA,NA,NA,NA,NA,NA,NA,NA,NA,NA,NA,NA,NA,NA,NA,NA,NA,NA,NA,NA,NA,NA,NA,NA,NA,NA,NA,NA,0.139258107531362,0.118369391401657,"ok",0.966666666668863,0.984321582082727,1.76549154138638,1.63865346708362,1.07740384214882,142.032131291894,62.0321312918944,151.35052037958,71.3505203795802,0.1473659585651,0.957340889259811,0.979482406395967,2.2141517136156,55.9338920613174,3200,2840.64262583789,NA,NA,NA,NA,NA,NA,NA,NA,NA,NA,NA
"grid","Norwegian","h1b",NA,NA,10,80,0.86,NA,0.966666666666667,0.0163865346708362,NA,NA,NA,NA,NA,0.084089409001989,NA,NA,NA,NA,NA,NA,NA,NA,NA,NA,NA,NA,NA,NA,NA,NA,NA,NA,NA,NA,NA,NA,NA,NA,NA,NA,NA,NA,NA,NA,NA,NA,NA,NA,NA,NA,NA,NA,NA,NA,NA,NA,NA,NA,NA,NA,NA,NA,NA,NA,NA,0.139258107531362,0.119761972476971,"ok",0.966666666668863,0.983418039221021,1.67513725521574,1.63865346708362,1.0222644926856,135.555104194867,55.5551041948669,143.465759231785,63.465759231785,0.1473659585651,0.957340889259811,0.978325281125448,2.09843918656368,50.3191920811427,3200,2711.10208389734,NA,NA,NA,NA,NA,NA,NA,NA,NA,NA,NA
"grid","Norwegian","h1b",NA,NA,10,80,0.87,NA,0.966666666666667,0.0163865346708362,NA,NA,NA,NA,NA,0.084089409001989,NA,NA,NA,NA,NA,NA,NA,NA,NA,NA,NA,NA,NA,NA,NA,NA,NA,NA,NA,NA,NA,NA,NA,NA,NA,NA,NA,NA,NA,NA,NA,NA,NA,NA,NA,NA,NA,NA,NA,NA,NA,NA,NA,NA,NA,NA,NA,NA,NA,NA,NA,0.139258107531362,0.121154553552285,"ok",0.966666666668863,0.982477415197804,1.58107485289404,1.63865346708362,0.96486223881608,129.576953377461,49.5769533774613,136.282921567809,56.2829215678092,0.1473659585651,0.957340889259811,0.97712383420332,1.97829449435085,45.0918859364261,3200,2591.53906754923,NA,NA,NA,NA,NA,NA,NA,NA,NA,NA,NA
"grid","Norwegian","h1b",NA,NA,10,80,0.88,NA,0.966666666666667,0.0163865346708362,NA,NA,NA,NA,NA,0.084089409001989,NA,NA,NA,NA,NA,NA,NA,NA,NA,NA,NA,NA,NA,NA,NA,NA,NA,NA,NA,NA,NA,NA,NA,NA,NA,NA,NA,NA,NA,NA,NA,NA,NA,NA,NA,NA,NA,NA,NA,NA,NA,NA,NA,NA,NA,NA,NA,NA,NA,NA,NA,0.139258107531362,0.122547134627598,"ok",0.966666666668863,0.981499134383586,1.48324677147227,1.63865346708362,0.905161952338868,124.043247583098,44.0432475830978,129.713531937726,49.7135319377261,0.1473659585651,0.957340889259811,0.975877618158106,1.85367288982949,40.21416287467,3200,2480.86495166196,NA,NA,NA,NA,NA,NA,NA,NA,NA,NA,NA
"grid","Norwegian","h1b",NA,NA,10,80,0.89,NA,0.966666666666667,0.0163865346708362,NA,NA,NA,NA,NA,0.084089409001989,NA,NA,NA,NA,NA,NA,NA,NA,NA,NA,NA,NA,NA,NA,NA,NA,NA,NA,NA,NA,NA,NA,NA,NA,NA,NA,NA,NA,NA,NA,NA,NA,NA,NA,NA,NA,NA,NA,NA,NA,NA,NA,NA,NA,NA,NA,NA,NA,NA,NA,NA,0.139258107531362,0.123939715702912,"ok",0.966666666668863,0.980482658290494,1.38159916216305,1.63865346708362,0.843130771646268,118.907170153986,38.9071701539861,123.683354934305,43.6833549343051,0.1473659585651,0.957340889259811,0.97458623802614,1.7245348766329,35.6529541420646,3200,2378.14340307972,NA,NA,NA,NA,NA,NA,NA,NA,NA,NA,NA
"grid","Norwegian","h1b",NA,NA,10,80,0.9,NA,0.966666666666667,0.0163865346708362,NA,NA,NA,NA,NA,0.084089409001989,NA,NA,NA,NA,NA,NA,NA,NA,NA,NA,NA,NA,NA,NA,NA,NA,NA,NA,NA,NA,NA,NA,NA,NA,NA,NA,NA,NA,NA,NA,NA,NA,NA,NA,NA,NA,NA,NA,NA,NA,NA,NA,NA,NA,NA,NA,NA,NA,NA,NA,NA,0.139258107531362,0.125332296778225,"ok",0.966666666668863,0.979427486793911,1.27608201250474,1.63865346708362,0.778738176275814,114.128233285685,34.1282332856854,118.129641999763,38.1296419997626,0.1473659585651,0.957340889259811,0.973249352017614,1.5908462757803,31.3792129391864,3200,2282.56466571371,NA,NA,NA,NA,NA,NA,NA,NA,NA,NA,NA
"grid","Norwegian","h1b",NA,NA,10,80,0.91,NA,0.966666666666667,0.0163865346708362,NA,NA,NA,NA,NA,0.084089409001989,NA,NA,NA,NA,NA,NA,NA,NA,NA,NA,NA,NA,NA,NA,NA,NA,NA,NA,NA,NA,NA,NA,NA,NA,NA,NA,NA,NA,NA,NA,NA,NA,NA,NA,NA,NA,NA,NA,NA,NA,NA,NA,NA,NA,NA,NA,NA,NA,NA,NA,NA,0.139258107531362,0.126724877853539,"ok",0.966666666668863,0.978333159213586,1.16664925447222,1.63865346708362,0.711956052885635,109.671244263191,29.671244263191,112.998993188282,32.9989931882817,0.1473659585651,0.957340889259811,0.971866671988673,1.45257827288617,27.3673216825329,3200,2193.42488526382,NA,NA,NA,NA,NA,NA,NA,NA,NA,NA,NA
"grid","Norwegian","h1b",NA,NA,10,80,0.92,NA,0.966666666666667,0.0163865346708362,NA,NA,NA,NA,NA,0.084089409001989,NA,NA,NA,NA,NA,NA,NA,NA,NA,NA,NA,NA,NA,NA,NA,NA,NA,NA,NA,NA,NA,NA,NA,NA,NA,NA,NA,NA,NA,NA,NA,NA,NA,NA,NA,NA,NA,NA,NA,NA,NA,NA,NA,NA,NA,NA,NA,NA,NA,NA,NA,0.139258107531362,0.128117458928853,"ok",0.966666666668863,0.977199255252944,1.05325885840809,1.63865346708362,0.64275875257666,105.505467888032,25.505467888032,108.245679387185,28.2456793871849,0.1473659585651,0.957340889259811,0.970437963723678,1.30970744638668,23.594601065434,3200,2110.10935776064,NA,NA,NA,NA,NA,NA,NA,NA,NA,NA,NA
"grid","Norwegian","h1b",NA,NA,10,80,0.93,NA,0.966666666666667,0.0163865346708362,NA,NA,NA,NA,NA,0.084089409001989,NA,NA,NA,NA,NA,NA,NA,NA,NA,NA,NA,NA,NA,NA,NA,NA,NA,NA,NA,NA,NA,NA,NA,NA,NA,NA,NA,NA,NA,NA,NA,NA,NA,NA,NA,NA,NA,NA,NA,NA,NA,NA,NA,NA,NA,NA,NA,NA,NA,NA,NA,0.139258107531362,0.129510040004166,"ok",0.966666666668863,0.976025395796239,0.935872912737523,1.63865346708362,0.571123139539156,101.603942990022,21.6039429900221,103.830313322379,23.830313322379,0.1473659585651,0.957340889259811,0.968963047032738,1.16221577729273,20.040901089717,3200,2032.07885980044,NA,NA,NA,NA,NA,NA,NA,NA,NA,NA,NA
"grid","Norwegian","h1b",NA,NA,10,80,0.94,NA,0.966666666666667,0.0163865346708362,NA,NA,NA,NA,NA,0.084089409001989,NA,NA,NA,NA,NA,NA,NA,NA,NA,NA,NA,NA,NA,NA,NA,NA,NA,NA,NA,NA,NA,NA,NA,NA,NA,NA,NA,NA,NA,NA,NA,NA,NA,NA,NA,NA,NA,NA,NA,NA,NA,NA,NA,NA,NA,NA,NA,NA,NA,NA,NA,0.139258107531362,0.13090262107948,"ok",0.966666666668863,0.974811243563999,0.814457689513515,1.63865346708362,0.4970286310522,97.9429209378329,17.9429209378329,99.7187875905083,19.7187875905083,0.1473659585651,0.957340889259811,0.967441795670478,1.01009064106672,16.6882585339476,3200,1958.85841875666,NA,NA,NA,NA,NA,NA,NA,NA,NA,NA,NA
"grid","Norwegian","h1b",NA,NA,10,80,0.95,NA,0.966666666666667,0.0163865346708362,NA,NA,NA,NA,NA,0.084089409001989,NA,NA,NA,NA,NA,NA,NA,NA,NA,NA,NA,NA,NA,NA,NA,NA,NA,NA,NA,NA,NA,NA,NA,NA,NA,NA,NA,NA,NA,NA,NA,NA,NA,NA,NA,NA,NA,NA,NA,NA,NA,NA,NA,NA,NA,NA,NA,NA,NA,NA,NA,0.139258107531362,0.132295202154794,"ok",0.966666666668863,0.973556503628054,0.68898369591901,1.63865346708362,0.420457228913213,94.5014014777967,14.5014014777967,95.8814191528923,15.8814191528923,0.1473659585651,0.957340889259811,0.965874137082777,0.853324782296627,13.5206085997473,3200,1890.02802955594,NA,NA,NA,NA,NA,NA,NA,NA,NA,NA,NA
"grid","Norwegian","h1b",NA,NA,10,80,0.96,NA,0.966666666666667,0.0163865346708362,NA,NA,NA,NA,NA,0.084089409001989,NA,NA,NA,NA,NA,NA,NA,NA,NA,NA,NA,NA,NA,NA,NA,NA,NA,NA,NA,NA,NA,NA,NA,NA,NA,NA,NA,NA,NA,NA,NA,NA,NA,NA,NA,NA,NA,NA,NA,NA,NA,NA,NA,NA,NA,NA,NA,NA,NA,NA,NA,0.139258107531362,0.133687783230107,"ok",0.966666666668863,0.972260923788121,0.559425711925721,1.63865346708362,0.341393542419528,91.2607467718047,11.2607467718047,92.2922549328358,12.2922549328358,0.1473659585651,0.957340889259811,0.964260051988908,0.691916272909732,10.5235409962495,3200,1825.21493543609,NA,NA,NA,NA,NA,NA,NA,NA,NA,NA,NA
"grid","Norwegian","h1b",NA,NA,10,80,0.97,NA,0.966666666666667,0.0163865346708362,NA,NA,NA,NA,NA,0.084089409001989,NA,NA,NA,NA,NA,NA,NA,NA,NA,NA,NA,NA,NA,NA,NA,NA,NA,NA,NA,NA,NA,NA,NA,NA,NA,NA,NA,NA,NA,NA,NA,NA,NA,NA,NA,NA,NA,NA,NA,NA,NA,NA,NA,NA,NA,NA,NA,NA,NA,NA,NA,0.139258107531362,0.135080364305421,"ok",0.966666666668863,0.970924294812642,0.425762814377861,1.63865346708362,0.259824803065658,88.2043586845592,8.2043586845592,88.9285041998462,8.92850419984616,0.1473659585651,0.957340889259811,0.962599573807068,0.525868454725709,7.68409267376134,3200,1764.08717369118,NA,NA,NA,NA,NA,NA,NA,NA,NA,NA,NA
"grid","Norwegian","h1b",NA,NA,10,80,0.98,NA,0.966666666666667,0.0163865346708362,NA,NA,NA,NA,NA,0.084089409001989,NA,NA,NA,NA,NA,NA,NA,NA,NA,NA,NA,NA,NA,NA,NA,NA,NA,NA,NA,NA,NA,NA,NA,NA,NA,NA,NA,NA,NA,NA,NA,NA,NA,NA,NA,NA,NA,NA,NA,NA,NA,NA,NA,NA,NA,NA,NA,NA,NA,NA,NA,0.139258107531362,0.136472945380734,"ok",0.966666666668863,0.969546450547177,0.287978387831367,1.63865346708362,0.175740871158008,85.3174075498867,5.31740754988665,85.7700715315171,5.77007153151709,0.1473659585651,0.957340889259811,0.960892787931791,0.355189867198002,4.9905709397942,3200,1706.34815099773,NA,NA,NA,NA,NA,NA,NA,NA,NA,NA,NA
"grid","Norwegian","h1b",NA,NA,10,80,0.99,NA,0.966666666666667,0.0163865346708362,NA,NA,NA,NA,NA,0.084089409001989,NA,NA,NA,NA,NA,NA,NA,NA,NA,NA,NA,NA,NA,NA,NA,NA,NA,NA,NA,NA,NA,NA,NA,NA,NA,NA,NA,NA,NA,NA,NA,NA,NA,NA,NA,NA,NA,NA,NA,NA,NA,NA,NA,NA,NA,NA,NA,NA,NA,NA,NA,0.139258107531362,0.137865526456048,"ok",0.966666666668863,0.968127267894225,0.146060122536185,1.63865346708362,0.0891342345835532,82.5866030842412,2.58660308424119,82.7991701581318,2.79917015813177,0.1473659585651,0.957340889259811,0.959139830872132,0.179894161232097,2.43240188607065,3200,1651.73206168482,NA,NA,NA,NA,NA,NA,NA,NA,NA,NA,NA
"grid","Norwegian","h1b",NA,NA,10,80,1,NA,0.966666666666667,0.0163865346708362,NA,NA,NA,NA,NA,0.084089409001989,NA,NA,NA,NA,NA,NA,NA,NA,NA,NA,NA,NA,NA,NA,NA,NA,NA,NA,NA,NA,NA,NA,NA,NA,NA,NA,NA,NA,NA,NA,NA,NA,NA,NA,NA,NA,NA,NA,NA,NA,NA,NA,NA,NA,NA,NA,NA,NA,NA,NA,NA,0.139258107531362,0.139258107531362,"ok",0.966666666668863,0.966666666668863,0,1.63865346708362,0,80,0,80,0,0.1473659585651,0.957340889259811,0.957340889259811,0,0,3200,1600,NA,NA,NA,NA,NA,NA,NA,NA,NA,NA,NA
"grid","Norwegian","joint",NA,NA,10,80,0.7,NA,0.683333333333333,0.0424645821919955,NA,NA,NA,NA,NA,NA,NA,NA,NA,NA,NA,NA,NA,NA,NA,NA,NA,NA,NA,NA,NA,NA,NA,NA,NA,NA,NA,NA,NA,NA,NA,NA,NA,NA,NA,NA,NA,NA,NA,NA,NA,NA,NA,NA,NA,NA,NA,NA,NA,NA,NA,NA,NA,NA,NA,NA,NA,NA,NA,NA,0.672776791814054,0.837479013010566,16.4702221196512,4.24645821919955,NA,NA,NA,NA,NA,NA,NA,NA,NA,NA,NA,NA,0.680557630794326,0.838698447487388,15.8140816693063,"indep = independent given the pilot draw; corr = DGP-implied correlation of the two estimates",NA,NA,NA,NA,NA,NA,NA
"grid","Norwegian","joint",NA,NA,10,80,0.71,NA,0.683333333333333,0.0424645821919955,NA,NA,NA,NA,NA,NA,NA,NA,NA,NA,NA,NA,NA,NA,NA,NA,NA,NA,NA,NA,NA,NA,NA,NA,NA,NA,NA,NA,NA,NA,NA,NA,NA,NA,NA,NA,NA,NA,NA,NA,NA,NA,NA,NA,NA,NA,NA,NA,NA,NA,NA,NA,NA,NA,NA,NA,NA,NA,NA,NA,0.672776791814054,0.832450362186266,15.9673570372212,4.24645821919955,NA,NA,NA,NA,NA,NA,NA,NA,NA,NA,NA,NA,0.680557630794326,0.833771586129043,15.3213955334717,"indep = independent given the pilot draw; corr = DGP-implied correlation of the two estimates",NA,NA,NA,NA,NA,NA,NA
"grid","Norwegian","joint",NA,NA,10,80,0.72,NA,0.683333333333333,0.0424645821919955,NA,NA,NA,NA,NA,NA,NA,NA,NA,NA,NA,NA,NA,NA,NA,NA,NA,NA,NA,NA,NA,NA,NA,NA,NA,NA,NA,NA,NA,NA,NA,NA,NA,NA,NA,NA,NA,NA,NA,NA,NA,NA,NA,NA,NA,NA,NA,NA,NA,NA,NA,NA,NA,NA,NA,NA,NA,NA,NA,NA,0.672776791814054,0.827366578357261,15.4589786543207,4.24645821919955,NA,NA,NA,NA,NA,NA,NA,NA,NA,NA,NA,NA,0.680557630794326,0.828796179483982,14.8238548689657,"indep = independent given the pilot draw; corr = DGP-implied correlation of the two estimates",NA,NA,NA,NA,NA,NA,NA
"grid","Norwegian","joint",NA,NA,10,80,0.73,NA,0.683333333333333,0.0424645821919955,NA,NA,NA,NA,NA,NA,NA,NA,NA,NA,NA,NA,NA,NA,NA,NA,NA,NA,NA,NA,NA,NA,NA,NA,NA,NA,NA,NA,NA,NA,NA,NA,NA,NA,NA,NA,NA,NA,NA,NA,NA,NA,NA,NA,NA,NA,NA,NA,NA,NA,NA,NA,NA,NA,NA,NA,NA,NA,NA,NA,0.672776791814054,0.822230284798905,14.9453492984851,4.24645821919955,NA,NA,NA,NA,NA,NA,NA,NA,NA,NA,NA,NA,0.680557630794326,0.823775081308648,14.3217450514323,"indep = independent given the pilot draw; corr = DGP-implied correlation of the two estimates",NA,NA,NA,NA,NA,NA,NA
"grid","Norwegian","joint",NA,NA,10,80,0.74,NA,0.683333333333333,0.0424645821919955,NA,NA,NA,NA,NA,NA,NA,NA,NA,NA,NA,NA,NA,NA,NA,NA,NA,NA,NA,NA,NA,NA,NA,NA,NA,NA,NA,NA,NA,NA,NA,NA,NA,NA,NA,NA,NA,NA,NA,NA,NA,NA,NA,NA,NA,NA,NA,NA,NA,NA,NA,NA,NA,NA,NA,NA,NA,NA,NA,NA,0.672776791814054,0.817044108487524,14.426731667347,4.24645821919955,NA,NA,NA,NA,NA,NA,NA,NA,NA,NA,NA,NA,0.680557630794326,0.81871114250438,13.8153511710055,"indep = independent given the pilot draw; corr = DGP-implied correlation of the two estimates",NA,NA,NA,NA,NA,NA,NA
"grid","Norwegian","joint",NA,NA,10,80,0.75,NA,0.683333333333333,0.0424645821919955,NA,NA,NA,NA,NA,NA,NA,NA,NA,NA,NA,NA,NA,NA,NA,NA,NA,NA,NA,NA,NA,NA,NA,NA,NA,NA,NA,NA,NA,NA,NA,NA,NA,NA,NA,NA,NA,NA,NA,NA,NA,NA,NA,NA,NA,NA,NA,NA,NA,NA,NA,NA,NA,NA,NA,NA,NA,NA,NA,NA,0.672776791814054,0.811810674320902,13.9033882506848,4.24645821919955,NA,NA,NA,NA,NA,NA,NA,NA,NA,NA,NA,NA,0.680557630794326,0.813607204364251,13.3049573569926,"indep = independent given the pilot draw; corr = DGP-implied correlation of the two estimates",NA,NA,NA,NA,NA,NA,NA
"grid","Norwegian","joint",NA,NA,10,80,0.76,NA,0.683333333333333,0.0424645821919955,NA,NA,NA,NA,NA,NA,NA,NA,NA,NA,NA,NA,NA,NA,NA,NA,NA,NA,NA,NA,NA,NA,NA,NA,NA,NA,NA,NA,NA,NA,NA,NA,NA,NA,NA,NA,NA,NA,NA,NA,NA,NA,NA,NA,NA,NA,NA,NA,NA,NA,NA,NA,NA,NA,NA,NA,NA,NA,NA,NA,0.672776791814054,0.806532599724684,13.375580791063,4.24645821919955,NA,NA,NA,NA,NA,NA,NA,NA,NA,NA,NA,NA,0.680557630794326,0.80846609222745,12.7908461433124,"indep = independent given the pilot draw; corr = DGP-implied correlation of the two estimates",NA,NA,NA,NA,NA,NA,NA
"grid","Norwegian","joint",NA,NA,10,80,0.77,NA,0.683333333333333,0.0424645821919955,NA,NA,NA,NA,NA,NA,NA,NA,NA,NA,NA,NA,NA,NA,NA,NA,NA,NA,NA,NA,NA,NA,NA,NA,NA,NA,NA,NA,NA,NA,NA,NA,NA,NA,NA,NA,NA,NA,NA,NA,NA,NA,NA,NA,NA,NA,NA,NA,NA,NA,NA,NA,NA,NA,NA,NA,NA,NA,NA,NA,0.672776791814054,0.801212489642064,12.843569782801,4.24645821919955,NA,NA,NA,NA,NA,NA,NA,NA,NA,NA,NA,NA,0.680557630794326,0.803290609545901,12.2732978751575,"indep = independent given the pilot draw; corr = DGP-implied correlation of the two estimates",NA,NA,NA,NA,NA,NA,NA
"grid","Norwegian","joint",NA,NA,10,80,0.78,NA,0.683333333333333,0.0424645821919955,NA,NA,NA,NA,NA,NA,NA,NA,NA,NA,NA,NA,NA,NA,NA,NA,NA,NA,NA,NA,NA,NA,NA,NA,NA,NA,NA,NA,NA,NA,NA,NA,NA,NA,NA,NA,NA,NA,NA,NA,NA,NA,NA,NA,NA,NA,NA,NA,NA,NA,NA,NA,NA,NA,NA,NA,NA,NA,NA,NA,0.672776791814054,0.795852931901194,12.307614008714,4.24645821919955,NA,NA,NA,NA,NA,NA,NA,NA,NA,NA,NA,NA,0.680557630794326,0.798083532364498,11.7525901570173,"indep = independent given the pilot draw; corr = DGP-implied correlation of the two estimates",NA,NA,NA,NA,NA,NA,NA
"grid","Norwegian","joint",NA,NA,10,80,0.79,NA,0.683333333333333,0.0424645821919955,NA,NA,NA,NA,NA,NA,NA,NA,NA,NA,NA,NA,NA,NA,NA,NA,NA,NA,NA,NA,NA,NA,NA,NA,NA,NA,NA,NA,NA,NA,NA,NA,NA,NA,NA,NA,NA,NA,NA,NA,NA,NA,NA,NA,NA,NA,NA,NA,NA,NA,NA,NA,NA,NA,NA,NA,NA,NA,NA,NA,0.672776791814054,0.790456492952237,11.7679701138183,4.24645821919955,NA,NA,NA,NA,NA,NA,NA,NA,NA,NA,NA,NA,0.680557630794326,0.792847604213331,11.2289973419006,"indep = independent given the pilot draw; corr = DGP-implied correlation of the two estimates",NA,NA,NA,NA,NA,NA,NA
"grid","Norwegian","joint",NA,NA,10,80,0.8,NA,0.683333333333333,0.0424645821919955,NA,NA,NA,NA,NA,NA,NA,NA,NA,NA,NA,NA,NA,NA,NA,NA,NA,NA,NA,NA,NA,NA,NA,NA,NA,NA,NA,NA,NA,NA,NA,NA,NA,NA,NA,NA,NA,NA,NA,NA,NA,NA,NA,NA,NA,NA,NA,NA,NA,NA,NA,NA,NA,NA,NA,NA,NA,NA,NA,NA,0.672776791814054,0.785025713963888,11.2248922149834,4.24645821919955,NA,NA,NA,NA,NA,NA,NA,NA,NA,NA,NA,NA,0.680557630794326,0.787585531407652,10.7027900613326,"indep = independent given the pilot draw; corr = DGP-implied correlation of the two estimates",NA,NA,NA,NA,NA,NA,NA
"grid","Norwegian","joint",NA,NA,10,80,0.81,NA,0.683333333333333,0.0424645821919955,NA,NA,NA,NA,NA,NA,NA,NA,NA,NA,NA,NA,NA,NA,NA,NA,NA,NA,NA,NA,NA,NA,NA,NA,NA,NA,NA,NA,NA,NA,NA,NA,NA,NA,NA,NA,NA,NA,NA,NA,NA,NA,NA,NA,NA,NA,NA,NA,NA,NA,NA,NA,NA,NA,NA,NA,NA,NA,NA,NA,0.672776791814054,0.779563107267449,10.6786315453395,4.24645821919955,NA,NA,NA,NA,NA,NA,NA,NA,NA,NA,NA,NA,0.680557630794326,0.782299978749001,10.1742347954675,"indep = independent given the pilot draw; corr = DGP-implied correlation of the two estimates",NA,NA,NA,NA,NA,NA,NA
"grid","Norwegian","joint",NA,NA,10,80,0.82,NA,0.683333333333333,0.0424645821919955,NA,NA,NA,NA,NA,NA,NA,NA,NA,NA,NA,NA,NA,NA,NA,NA,NA,NA,NA,NA,NA,NA,NA,NA,NA,NA,NA,NA,NA,NA,NA,NA,NA,NA,NA,NA,NA,NA,NA,NA,NA,NA,NA,NA,NA,NA,NA,NA,NA,NA,NA,NA,NA,NA,NA,NA,NA,NA,NA,NA,0.672776791814054,0.774071153135146,10.1294361321092,4.24645821919955,NA,NA,NA,NA,NA,NA,NA,NA,NA,NA,NA,NA,0.680557630794326,0.776993565618898,9.64359348245725,"indep = independent given the pilot draw; corr = DGP-implied correlation of the two estimates",NA,NA,NA,NA,NA,NA,NA
"grid","Norwegian","joint",NA,NA,10,80,0.83,NA,0.683333333333333,0.0424645821919955,NA,NA,NA,NA,NA,NA,NA,NA,NA,NA,NA,NA,NA,NA,NA,NA,NA,NA,NA,NA,NA,NA,NA,NA,NA,NA,NA,NA,NA,NA,NA,NA,NA,NA,NA,NA,NA,NA,NA,NA,NA,NA,NA,NA,NA,NA,NA,NA,NA,NA,NA,NA,NA,NA,NA,NA,NA,NA,NA,NA,0.672776791814054,0.768552296878274,9.57755050642199,4.24645821919955,NA,NA,NA,NA,NA,NA,NA,NA,NA,NA,NA,NA,0.680557630794326,0.771668862454756,9.11112316604307,"indep = independent given the pilot draw; corr = DGP-implied correlation of the two estimates",NA,NA,NA,NA,NA,NA,NA
"grid","Norwegian","joint",NA,NA,10,80,0.84,NA,0.683333333333333,0.0424645821919955,NA,NA,NA,NA,NA,NA,NA,NA,NA,NA,NA,NA,NA,NA,NA,NA,NA,NA,NA,NA,NA,NA,NA,NA,NA,NA,NA,NA,NA,NA,NA,NA,NA,NA,NA,NA,NA,NA,NA,NA,NA,NA,NA,NA,NA,NA,NA,NA,NA,NA,NA,NA,NA,NA,NA,NA,NA,NA,NA,NA,0.672776791814054,0.763008946249956,9.02321544359017,4.24645821919955,NA,NA,NA,NA,NA,NA,NA,NA,NA,NA,NA,NA,0.680557630794326,0.766328387596233,8.57707568019078,"indep = independent given the pilot draw; corr = DGP-implied correlation of the two estimates",NA,NA,NA,NA,NA,NA,NA
"grid","Norwegian","joint",NA,NA,10,80,0.85,NA,0.683333333333333,0.0424645821919955,NA,NA,NA,NA,NA,NA,NA,NA,NA,NA,NA,NA,NA,NA,NA,NA,NA,NA,NA,NA,NA,NA,NA,NA,NA,NA,NA,NA,NA,NA,NA,NA,NA,NA,NA,NA,NA,NA,NA,NA,NA,NA,NA,NA,NA,NA,NA,NA,NA,NA,NA,NA,NA,NA,NA,NA,NA,NA,NA,NA,0.672776791814054,0.757443469136707,8.46666773226532,4.24645821919955,NA,NA,NA,NA,NA,NA,NA,NA,NA,NA,NA,NA,0.680557630794326,0.760974604488999,8.04169736946739,"indep = independent given the pilot draw; corr = DGP-implied correlation of the two estimates",NA,NA,NA,NA,NA,NA,NA
"grid","Norwegian","joint",NA,NA,10,80,0.86,NA,0.683333333333333,0.0424645821919955,NA,NA,NA,NA,NA,NA,NA,NA,NA,NA,NA,NA,NA,NA,NA,NA,NA,NA,NA,NA,NA,NA,NA,NA,NA,NA,NA,NA,NA,NA,NA,NA,NA,NA,NA,NA,NA,NA,NA,NA,NA,NA,NA,NA,NA,NA,NA,NA,NA,NA,NA,NA,NA,NA,NA,NA,NA,NA,NA,NA,0.672776791814054,0.751858191522673,7.90813997086192,4.24645821919955,NA,NA,NA,NA,NA,NA,NA,NA,NA,NA,NA,NA,0.680557630794326,0.755609919231905,7.50522884375798,"indep = independent given the pilot draw; corr = DGP-implied correlation of the two estimates",NA,NA,NA,NA,NA,NA,NA
"grid","Norwegian","joint",NA,NA,10,80,0.87,NA,0.683333333333333,0.0424645821919955,NA,NA,NA,NA,NA,NA,NA,NA,NA,NA,NA,NA,NA,NA,NA,NA,NA,NA,NA,NA,NA,NA,NA,NA,NA,NA,NA,NA,NA,NA,NA,NA,NA,NA,NA,NA,NA,NA,NA,NA,NA,NA,NA,NA,NA,NA,NA,NA,NA,NA,NA,NA,NA,NA,NA,NA,NA,NA,NA,NA,0.672776791814054,0.746255395710231,7.34786038961764,4.24645821919955,NA,NA,NA,NA,NA,NA,NA,NA,NA,NA,NA,NA,0.680557630794326,0.750236678452735,6.96790476584099,"indep = independent given the pilot draw; corr = DGP-implied correlation of the two estimates",NA,NA,NA,NA,NA,NA,NA
"grid","Norwegian","joint",NA,NA,10,80,0.88,NA,0.683333333333333,0.0424645821919955,NA,NA,NA,NA,NA,NA,NA,NA,NA,NA,NA,NA,NA,NA,NA,NA,NA,NA,NA,NA,NA,NA,NA,NA,NA,NA,NA,NA,NA,NA,NA,NA,NA,NA,NA,NA,NA,NA,NA,NA,NA,NA,NA,NA,NA,NA,NA,NA,NA,NA,NA,NA,NA,NA,NA,NA,NA,NA,NA,NA,0.672776791814054,0.740637318780682,6.78605269666282,4.24645821919955,NA,NA,NA,NA,NA,NA,NA,NA,NA,NA,NA,NA,0.680557630794326,0.744857167497119,6.42995367027938,"indep = independent given the pilot draw; corr = DGP-implied correlation of the two estimates",NA,NA,NA,NA,NA,NA,NA
"grid","Norwegian","joint",NA,NA,10,80,0.89,NA,0.683333333333333,0.0424645821919955,NA,NA,NA,NA,NA,NA,NA,NA,NA,NA,NA,NA,NA,NA,NA,NA,NA,NA,NA,NA,NA,NA,NA,NA,NA,NA,NA,NA,NA,NA,NA,NA,NA,NA,NA,NA,NA,NA,NA,NA,NA,NA,NA,NA,NA,NA,NA,NA,NA,NA,NA,NA,NA,NA,NA,NA,NA,NA,NA,NA,0.672776791814054,0.735006151278928,6.22293594648736,4.24645821919955,NA,NA,NA,NA,NA,NA,NA,NA,NA,NA,NA,NA,0.680557630794326,0.739473608914719,5.89159781203932,"indep = independent given the pilot draw; corr = DGP-implied correlation of the two estimates",NA,NA,NA,NA,NA,NA,NA
"grid","Norwegian","joint",NA,NA,10,80,0.9,NA,0.683333333333333,0.0424645821919955,NA,NA,NA,NA,NA,NA,NA,NA,NA,NA,NA,NA,NA,NA,NA,NA,NA,NA,NA,NA,NA,NA,NA,NA,NA,NA,NA,NA,NA,NA,NA,NA,NA,NA,NA,NA,NA,NA,NA,NA,NA,NA,NA,NA,NA,NA,NA,NA,NA,NA,NA,NA,NA,NA,NA,NA,NA,NA,NA,NA,0.672776791814054,0.729364036106296,5.65872442922419,4.24645821919955,NA,NA,NA,NA,NA,NA,NA,NA,NA,NA,NA,NA,0.680557630794326,0.734088161226525,5.35305304321991,"indep = independent given the pilot draw; corr = DGP-implied correlation of the two estimates",NA,NA,NA,NA,NA,NA,NA
"grid","Norwegian","joint",NA,NA,10,80,0.91,NA,0.683333333333333,0.0424645821919955,NA,NA,NA,NA,NA,NA,NA,NA,NA,NA,NA,NA,NA,NA,NA,NA,NA,NA,NA,NA,NA,NA,NA,NA,NA,NA,NA,NA,NA,NA,NA,NA,NA,NA,NA,NA,NA,NA,NA,NA,NA,NA,NA,NA,NA,NA,NA,NA,NA,NA,NA,NA,NA,NA,NA,NA,NA,NA,NA,NA,0.672776791814054,0.723713067606136,5.09362757920817,4.24645821919955,NA,NA,NA,NA,NA,NA,NA,NA,NA,NA,NA,NA,0.680557630794326,0.72870291795693,4.81452871626044,"indep = independent given the pilot draw; corr = DGP-implied correlation of the two estimates",NA,NA,NA,NA,NA,NA,NA
"grid","Norwegian","joint",NA,NA,10,80,0.92,NA,0.683333333333333,0.0424645821919955,NA,NA,NA,NA,NA,NA,NA,NA,NA,NA,NA,NA,NA,NA,NA,NA,NA,NA,NA,NA,NA,NA,NA,NA,NA,NA,NA,NA,NA,NA,NA,NA,NA,NA,NA,NA,NA,NA,NA,NA,NA,NA,NA,NA,NA,NA,NA,NA,NA,NA,NA,NA,NA,NA,NA,NA,NA,NA,NA,NA,0.672776791814054,0.718055290827251,4.52784990131967,4.24645821919955,NA,NA,NA,NA,NA,NA,NA,NA,NA,NA,NA,NA,0.680557630794326,0.723319906914228,4.27622761199029,"indep = independent given the pilot draw; corr = DGP-implied correlation of the two estimates",NA,NA,NA,NA,NA,NA,NA
"grid","Norwegian","joint",NA,NA,10,80,0.93,NA,0.683333333333333,0.0424645821919955,NA,NA,NA,NA,NA,NA,NA,NA,NA,NA,NA,NA,NA,NA,NA,NA,NA,NA,NA,NA,NA,NA,NA,NA,NA,NA,NA,NA,NA,NA,NA,NA,NA,NA,NA,NA,NA,NA,NA,NA,NA,NA,NA,NA,NA,NA,NA,NA,NA,NA,NA,NA,NA,NA,NA,NA,NA,NA,NA,NA,0.672776791814054,0.712392700950846,3.96159091367915,4.24645821919955,NA,NA,NA,NA,NA,NA,NA,NA,NA,NA,NA,NA,0.680557630794326,0.717941089703272,3.73834589089468,"indep = independent given the pilot draw; corr = DGP-implied correlation of the two estimates",NA,NA,NA,NA,NA,NA,NA
"grid","Norwegian","joint",NA,NA,10,80,0.94,NA,0.683333333333333,0.0424645821919955,NA,NA,NA,NA,NA,NA,NA,NA,NA,NA,NA,NA,NA,NA,NA,NA,NA,NA,NA,NA,NA,NA,NA,NA,NA,NA,NA,NA,NA,NA,NA,NA,NA,NA,NA,NA,NA,NA,NA,NA,NA,NA,NA,NA,NA,NA,NA,NA,NA,NA,NA,NA,NA,NA,NA,NA,NA,NA,NA,NA,0.672776791814054,0.706727242867276,3.39504510532216,4.24645821919955,NA,NA,NA,NA,NA,NA,NA,NA,NA,NA,NA,NA,0.680557630794326,0.712568361454211,3.20107306598851,"indep = independent given the pilot draw; corr = DGP-implied correlation of the two estimates",NA,NA,NA,NA,NA,NA,NA
"grid","Norwegian","joint",NA,NA,10,80,0.95,NA,0.683333333333333,0.0424645821919955,NA,NA,NA,NA,NA,NA,NA,NA,NA,NA,NA,NA,NA,NA,NA,NA,NA,NA,NA,NA,NA,NA,NA,NA,NA,NA,NA,NA,NA,NA,NA,NA,NA,NA,NA,NA,NA,NA,NA,NA,NA,NA,NA,NA,NA,NA,NA,NA,NA,NA,NA,NA,NA,NA,NA,NA,NA,NA,NA,NA,0.672776791814054,0.701060810889575,2.82840190755205,4.24645821919955,NA,NA,NA,NA,NA,NA,NA,NA,NA,NA,NA,NA,0.680557630794326,0.707203550751521,2.66459199571958,"indep = independent given the pilot draw; corr = DGP-implied correlation of the two estimates",NA,NA,NA,NA,NA,NA,NA
"grid","Norwegian","joint",NA,NA,10,80,0.96,NA,0.683333333333333,0.0424645821919955,NA,NA,NA,NA,NA,NA,NA,NA,NA,NA,NA,NA,NA,NA,NA,NA,NA,NA,NA,NA,NA,NA,NA,NA,NA,NA,NA,NA,NA,NA,NA,NA,NA,NA,NA,NA,NA,NA,NA,NA,NA,NA,NA,NA,NA,NA,NA,NA,NA,NA,NA,NA,NA,NA,NA,NA,NA,NA,NA,NA,0.672776791814054,0.695395248591434,2.26184567773803,4.24645821919955,NA,NA,NA,NA,NA,NA,NA,NA,NA,NA,NA,NA,0.680557630794326,0.701848419747902,2.12907889535766,"indep = independent given the pilot draw; corr = DGP-implied correlation of the two estimates",NA,NA,NA,NA,NA,NA,NA
"grid","Norwegian","joint",NA,NA,10,80,0.97,NA,0.683333333333333,0.0424645821919955,NA,NA,NA,NA,NA,NA,NA,NA,NA,NA,NA,NA,NA,NA,NA,NA,NA,NA,NA,NA,NA,NA,NA,NA,NA,NA,NA,NA,NA,NA,NA,NA,NA,NA,NA,NA,NA,NA,NA,NA,NA,NA,NA,NA,NA,NA,NA,NA,NA,NA,NA,NA,NA,NA,NA,NA,NA,NA,NA,NA,0.672776791814054,0.689732348758045,1.69555569439909,4.24645821919955,NA,NA,NA,NA,NA,NA,NA,NA,NA,NA,NA,NA,0.680557630794326,0.696504664448023,1.59470336536978,"indep = independent given the pilot draw; corr = DGP-implied correlation of the two estimates",NA,NA,NA,NA,NA,NA,NA
"grid","Norwegian","joint",NA,NA,10,80,0.98,NA,0.683333333333333,0.0424645821919955,NA,NA,NA,NA,NA,NA,NA,NA,NA,NA,NA,NA,NA,NA,NA,NA,NA,NA,NA,NA,NA,NA,NA,NA,NA,NA,NA,NA,NA,NA,NA,NA,NA,NA,NA,NA,NA,NA,NA,NA,NA,NA,NA,NA,NA,NA,NA,NA,NA,NA,NA,NA,NA,NA,NA,NA,NA,NA,NA,NA,0.672776791814054,0.684073853438932,1.12970616248779,4.24645821919955,NA,NA,NA,NA,NA,NA,NA,NA,NA,NA,NA,NA,0.680557630794326,0.691173915147625,1.06162843532999,"indep = independent given the pilot draw; corr = DGP-implied correlation of the two estimates",NA,NA,NA,NA,NA,NA,NA
"grid","Norwegian","joint",NA,NA,10,80,0.99,NA,0.683333333333333,0.0424645821919955,NA,NA,NA,NA,NA,NA,NA,NA,NA,NA,NA,NA,NA,NA,NA,NA,NA,NA,NA,NA,NA,NA,NA,NA,NA,NA,NA,NA,NA,NA,NA,NA,NA,NA,NA,NA,NA,NA,NA,NA,NA,NA,NA,NA,NA,NA,NA,NA,NA,NA,NA,NA,NA,NA,NA,NA,NA,NA,NA,NA,0.672776791814054,0.678421454092668,0.56446622786136,4.24645821919955,NA,NA,NA,NA,NA,NA,NA,NA,NA,NA,NA,NA,0.680557630794326,0.685857737013984,0.530010621965848,"indep = independent given the pilot draw; corr = DGP-implied correlation of the two estimates",NA,NA,NA,NA,NA,NA,NA
"grid","Norwegian","joint",NA,NA,10,80,1,NA,0.683333333333333,0.0424645821919955,NA,NA,NA,NA,NA,NA,NA,NA,NA,NA,NA,NA,NA,NA,NA,NA,NA,NA,NA,NA,NA,NA,NA,NA,NA,NA,NA,NA,NA,NA,NA,NA,NA,NA,NA,NA,NA,NA,NA,NA,NA,NA,NA,NA,NA,NA,NA,NA,NA,NA,NA,NA,NA,NA,NA,NA,NA,NA,NA,NA,0.672776791814054,0.672776791814054,0,4.24645821919955,NA,NA,NA,NA,NA,NA,NA,NA,NA,NA,NA,NA,0.680557630794326,0.680557630794326,0,"indep = independent given the pilot draw; corr = DGP-implied correlation of the two estimates",NA,NA,NA,NA,NA,NA,NA
"grid","Norwegian","h1a",NA,NA,6,80,0.7,NA,0.733333333333333,0.0403686713879666,NA,NA,NA,NA,NA,0.163264236794721,NA,NA,NA,NA,NA,NA,NA,NA,NA,NA,NA,NA,NA,NA,NA,NA,NA,NA,NA,NA,NA,NA,NA,NA,NA,NA,NA,NA,NA,NA,NA,NA,NA,NA,NA,NA,NA,NA,NA,NA,NA,NA,NA,NA,NA,NA,NA,NA,NA,NA,NA,0.255380508643941,0.178766356050759,"ok",0.733333333333334,0.862474337046513,12.914100371318,4.03686713879666,3.19904022780584,581.856590320426,501.856590320426,Inf,Inf,0.221936204519684,0.790148479689938,0.897874838674454,10.7726358984516,Inf,3200,11637.1318064085,NA,NA,NA,NA,NA,NA,NA,NA,NA,NA,NA
"grid","Norwegian","h1a",NA,NA,6,80,0.71,NA,0.733333333333333,0.0403686713879666,NA,NA,NA,NA,NA,0.163264236794721,NA,NA,NA,NA,NA,NA,NA,NA,NA,NA,NA,NA,NA,NA,NA,NA,NA,NA,NA,NA,NA,NA,NA,NA,NA,NA,NA,NA,NA,NA,NA,NA,NA,NA,NA,NA,NA,NA,NA,NA,NA,NA,NA,NA,NA,NA,NA,NA,NA,NA,NA,0.255380508643941,0.181320161137198,"ok",0.733333333333334,0.858385702023412,12.5052368690079,4.03686713879666,3.09775785009748,495.857228264911,415.857228264911,Inf,Inf,0.221936204519684,0.790148479689938,0.89470640001634,10.4557920326402,Inf,3200,9917.14456529823,NA,NA,NA,NA,NA,NA,NA,NA,NA,NA,NA
"grid","Norwegian","h1a",NA,NA,6,80,0.72,NA,0.733333333333333,0.0403686713879666,NA,NA,NA,NA,NA,0.163264236794721,NA,NA,NA,NA,NA,NA,NA,NA,NA,NA,NA,NA,NA,NA,NA,NA,NA,NA,NA,NA,NA,NA,NA,NA,NA,NA,NA,NA,NA,NA,NA,NA,NA,NA,NA,NA,NA,NA,NA,NA,NA,NA,NA,NA,NA,NA,NA,NA,NA,NA,NA,0.255380508643941,0.183873966223637,"ok",0.733333333333334,0.854261465730467,12.0928132397134,4.03686713879666,2.99559356895706,431.218399297081,351.218399297081,Inf,Inf,0.221936204519684,0.790148479689938,0.891494375960097,10.1345896270158,Inf,3200,8624.36798594162,NA,NA,NA,NA,NA,NA,NA,NA,NA,NA,NA
"grid","Norwegian","h1a",NA,NA,6,80,0.73,NA,0.733333333333333,0.0403686713879666,NA,NA,NA,NA,NA,0.163264236794721,NA,NA,NA,NA,NA,NA,NA,NA,NA,NA,NA,NA,NA,NA,NA,NA,NA,NA,NA,NA,NA,NA,NA,NA,NA,NA,NA,NA,NA,NA,NA,NA,NA,NA,NA,NA,NA,NA,NA,NA,NA,NA,NA,NA,NA,NA,NA,NA,NA,NA,NA,0.255380508643941,0.186427771310077,"ok",0.733333333333334,0.850104071661246,11.6770738327912,4.03686713879666,2.89260791383687,380.874106491191,300.874106491191,Inf,Inf,0.221936204519684,0.790148479689938,0.888240227736828,9.80917480468896,Inf,3200,7617.48212982381,NA,NA,NA,NA,NA,NA,NA,NA,NA,NA,NA
"grid","Norwegian","h1a",NA,NA,6,80,0.74,NA,0.733333333333333,0.0403686713879666,NA,NA,NA,NA,NA,0.163264236794721,NA,NA,NA,NA,NA,NA,NA,NA,NA,NA,NA,NA,NA,NA,NA,NA,NA,NA,NA,NA,NA,NA,NA,NA,NA,NA,NA,NA,NA,NA,NA,NA,NA,NA,NA,NA,NA,NA,NA,NA,NA,NA,NA,NA,NA,NA,NA,NA,NA,NA,NA,0.255380508643941,0.188981576396516,"ok",0.733333333333334,0.845915951157892,11.2582617824558,4.03686713879666,2.78886111317793,340.565071719728,260.565071719728,Inf,Inf,0.221936204519684,0.790148479689938,0.88494544844006,9.47969687501212,5620.0145960363,3200,6811.30143439457,NA,NA,NA,NA,NA,NA,NA,NA,NA,NA,NA
"grid","Norwegian","h1a",NA,NA,6,80,0.75,NA,0.733333333333333,0.0403686713879666,NA,NA,NA,NA,NA,0.163264236794721,NA,NA,NA,NA,NA,NA,NA,NA,NA,NA,NA,NA,NA,NA,NA,NA,NA,NA,NA,NA,NA,NA,NA,NA,NA,NA,NA,NA,NA,NA,NA,NA,NA,NA,NA,NA,NA,NA,NA,NA,NA,NA,NA,NA,NA,NA,NA,NA,NA,NA,NA,0.255380508643941,0.191535381482956,"ok",0.733333333333334,0.841699517835545,10.8366184502212,4.03686713879666,2.68441295629349,307.571044281095,227.571044281095,Inf,Inf,0.221936204519684,0.790148479689938,0.881611558953589,9.14630792636506,1640.12469078137,3200,6151.4208856219,NA,NA,NA,NA,NA,NA,NA,NA,NA,NA,NA
"grid","Norwegian","h1a",NA,NA,6,80,0.76,NA,0.733333333333333,0.0403686713879666,NA,NA,NA,NA,NA,0.163264236794721,NA,NA,NA,NA,NA,NA,NA,NA,NA,NA,NA,NA,NA,NA,NA,NA,NA,NA,NA,NA,NA,NA,NA,NA,NA,NA,NA,NA,NA,NA,NA,NA,NA,NA,NA,NA,NA,NA,NA,NA,NA,NA,NA,NA,NA,NA,NA,NA,NA,NA,NA,0.255380508643941,0.194089186569395,"ok",0.733333333333334,0.837457162375406,10.4123829042073,4.03686713879666,2.57932266438451,280.07326857553,200.07326857553,Inf,Inf,0.221936204519684,0.790148479689938,0.878240103941564,8.80916242516255,927.336649703487,3200,5601.46537151059,NA,NA,NA,NA,NA,NA,NA,NA,NA,NA,NA
"grid","Norwegian","h1a",NA,NA,6,80,0.77,NA,0.733333333333333,0.0403686713879666,NA,NA,NA,NA,NA,0.163264236794721,NA,NA,NA,NA,NA,NA,NA,NA,NA,NA,NA,NA,NA,NA,NA,NA,NA,NA,NA,NA,NA,NA,NA,NA,NA,NA,NA,NA,NA,NA,NA,NA,NA,NA,NA,NA,NA,NA,NA,NA,NA,NA,NA,NA,NA,NA,NA,NA,NA,NA,NA,0.255380508643941,0.196642991655835,"ok",0.733333333333334,0.833191247689371,9.98579143560373,4.03686713879666,2.47364877075949,256.80961700205,176.80961700205,Inf,Inf,0.221936204519684,0.790148479689938,0.874832647916668,8.46841682267296,629.456902401581,3200,5136.192340041,NA,NA,NA,NA,NA,NA,NA,NA,NA,NA,NA
"grid","Norwegian","h1a",NA,NA,6,80,0.78,NA,0.733333333333333,0.0403686713879666,NA,NA,NA,NA,NA,0.163264236794721,NA,NA,NA,NA,NA,NA,NA,NA,NA,NA,NA,NA,NA,NA,NA,NA,NA,NA,NA,NA,NA,NA,NA,NA,NA,NA,NA,NA,NA,NA,NA,NA,NA,NA,NA,NA,NA,NA,NA,NA,NA,NA,NA,NA,NA,NA,NA,NA,NA,NA,NA,0.255380508643941,0.199196796742274,"ok",0.733333333333334,0.828904104456193,9.55707711228594,4.03686713879666,2.36744901025769,236.876785604346,156.876785604346,Inf,Inf,0.221936204519684,0.790148479689938,0.871390771400864,8.12422917109261,465.914249180039,3200,4737.53571208693,NA,NA,NA,NA,NA,NA,NA,NA,NA,NA,NA
"grid","Norwegian","h1a",NA,NA,6,80,0.79,NA,0.733333333333333,0.0403686713879666,NA,NA,NA,NA,NA,0.163264236794721,NA,NA,NA,NA,NA,NA,NA,NA,NA,NA,NA,NA,NA,NA,NA,NA,NA,NA,NA,NA,NA,NA,NA,NA,NA,NA,NA,NA,NA,NA,NA,NA,NA,NA,NA,NA,NA,NA,NA,NA,NA,NA,NA,NA,NA,NA,NA,NA,NA,NA,NA,0.255380508643941,0.201750601828713,"ok",0.733333333333334,0.824598027026505,9.12646936931716,4.03686713879666,2.26078021780961,219.611242891203,139.611242891203,Inf,Inf,0.221936204519684,0.790148479689938,0.867916067191699,7.77675875017604,362.576051078373,3200,4392.22485782406,NA,NA,NA,NA,NA,NA,NA,NA,NA,NA,NA
"grid","Norwegian","h1a",NA,NA,6,80,0.8,NA,0.733333333333333,0.0403686713879666,NA,NA,NA,NA,NA,0.163264236794721,NA,NA,NA,NA,NA,NA,NA,NA,NA,NA,NA,NA,NA,NA,NA,NA,NA,NA,NA,NA,NA,NA,NA,NA,NA,NA,NA,NA,NA,NA,NA,NA,NA,NA,NA,NA,NA,NA,NA,NA,NA,NA,NA,NA,NA,NA,NA,NA,NA,NA,NA,0.255380508643941,0.204304406915153,"ok",0.733333333333334,0.820275269691673,8.69419363583396,4.03686713879666,2.15369823601021,204.514627835144,124.514627835144,Inf,Inf,0.221936204519684,0.790148479689938,0.864410136745678,7.42616570557395,291.380477044436,3200,4090.29255670289,NA,NA,NA,NA,NA,NA,NA,NA,NA,NA,NA
"grid","Norwegian","h1a",NA,NA,6,80,0.81,NA,0.733333333333333,0.0403686713879666,NA,NA,NA,NA,NA,0.163264236794721,NA,NA,NA,NA,NA,NA,NA,NA,NA,NA,NA,NA,NA,NA,NA,NA,NA,NA,NA,NA,NA,NA,NA,NA,NA,NA,NA,NA,NA,NA,NA,NA,NA,NA,NA,NA,NA,NA,NA,NA,NA,NA,NA,NA,NA,NA,NA,NA,NA,NA,NA,0.255380508643941,0.206858212001592,"ok",0.733333333333334,0.815938043309389,8.26047099760556,4.03686713879666,2.04625783152921,191.205369718663,111.205369718663,Inf,Inf,0.221936204519684,0.790148479689938,0.860874586688776,7.07261069988376,239.359997180823,3200,3824.10739437326,NA,NA,NA,NA,NA,NA,NA,NA,NA,NA,NA
"grid","Norwegian","h1a",NA,NA,6,80,0.82,NA,0.733333333333333,0.0403686713879666,NA,NA,NA,NA,NA,0.163264236794721,NA,NA,NA,NA,NA,NA,NA,NA,NA,NA,NA,NA,NA,NA,NA,NA,NA,NA,NA,NA,NA,NA,NA,NA,NA,NA,NA,NA,NA,NA,NA,NA,NA,NA,NA,NA,NA,NA,NA,NA,NA,NA,NA,NA,NA,NA,NA,NA,NA,NA,NA,0.255380508643941,0.209412017088032,"ok",0.733333333333334,0.81158851227712,7.82551789437868,4.03686713879666,1.93851262013824,179.386372059937,99.3863720599373,Inf,Inf,0.221936204519684,0.790148479689938,0.857311025462668,6.71625457727293,199.695456921402,3200,3587.72744119875,NA,NA,NA,NA,NA,NA,NA,NA,NA,NA,NA
"grid","Norwegian","h1a",NA,NA,6,80,0.83,NA,0.733333333333333,0.0403686713879666,NA,NA,NA,NA,NA,0.163264236794721,NA,NA,NA,NA,NA,NA,NA,NA,NA,NA,NA,NA,NA,NA,NA,NA,NA,NA,NA,NA,NA,NA,NA,NA,NA,NA,NA,NA,NA,NA,NA,NA,NA,NA,NA,NA,NA,NA,NA,NA,NA,NA,NA,NA,NA,NA,NA,NA,NA,NA,NA,0.255380508643941,0.211965822174471,"ok",0.733333333333334,0.80722879184299,7.3895458509657,4.03686713879666,1.83051500009694,168.822864059908,88.8228640599084,Inf,Inf,0.221936204519684,0.790148479689938,0.853721060113886,6.35725804239482,168.458283452966,3200,3376.45728119817,NA,NA,NA,NA,NA,NA,NA,NA,NA,NA,NA
"grid","Norwegian","h1a",NA,NA,6,80,0.84,NA,0.733333333333333,0.0403686713879666,NA,NA,NA,NA,NA,0.163264236794721,NA,NA,NA,NA,NA,NA,NA,NA,NA,NA,NA,NA,NA,NA,NA,NA,NA,NA,NA,NA,NA,NA,NA,NA,NA,NA,NA,NA,NA,NA,NA,NA,NA,NA,NA,NA,NA,NA,NA,NA,NA,NA,NA,NA,NA,NA,NA,NA,NA,NA,NA,0.255380508643941,0.21451962726091,"ok",0.733333333333334,0.80286094574239,6.95276124090565,4.03686713879666,1.72231609360772,159.326873385524,79.3268733855243,Inf,Inf,0.221936204519684,0.790148479689938,0.850106293231754,5.99578135418162,143.225631132821,3200,3186.53746771049,NA,NA,NA,NA,NA,NA,NA,NA,NA,NA,NA
"grid","Norwegian","h1a",NA,NA,6,80,0.85,NA,0.733333333333333,0.0403686713879666,NA,NA,NA,NA,NA,0.163264236794721,NA,NA,NA,NA,NA,NA,NA,NA,NA,NA,NA,NA,NA,NA,NA,NA,NA,NA,NA,NA,NA,NA,NA,NA,NA,NA,NA,NA,NA,NA,NA,NA,NA,NA,NA,NA,NA,NA,NA,NA,NA,NA,NA,NA,NA,NA,NA,NA,NA,NA,NA,0.255380508643941,0.21707343234735,"ok",0.733333333333334,0.798486984147541,6.51536508142072,4.03686713879666,1.6139656960231,150.746120530484,70.7461205304842,Inf,Inf,0.221936204519684,0.790148479689938,0.846468320039641,5.63198403497024,122.422077170925,3200,3014.92241060968,NA,NA,NA,NA,NA,NA,NA,NA,NA,NA,NA
"grid","Norwegian","h1a",NA,NA,6,80,0.86,NA,0.733333333333333,0.0403686713879666,NA,NA,NA,NA,NA,0.163264236794721,NA,NA,NA,NA,NA,NA,NA,NA,NA,NA,NA,NA,NA,NA,NA,NA,NA,NA,NA,NA,NA,NA,NA,NA,NA,NA,NA,NA,NA,NA,NA,NA,NA,NA,NA,NA,NA,NA,NA,NA,NA,NA,NA,NA,NA,NA,NA,NA,NA,NA,NA,0.255380508643941,0.219627237433789,"ok",0.733333333333334,0.794108861916403,6.07755285830692,4.03686713879666,1.50551223246811,142.955932362594,62.9559323625938,Inf,Inf,0.221936204519684,0.790148479689938,0.842808725642897,5.26602459529585,104.978919065822,3200,2859.11864725188,NA,NA,NA,NA,NA,NA,NA,NA,NA,NA,NA
"grid","Norwegian","h1a",NA,NA,6,80,0.87,NA,0.733333333333333,0.0403686713879666,NA,NA,NA,NA,NA,0.163264236794721,NA,NA,NA,NA,NA,NA,NA,NA,NA,NA,NA,NA,NA,NA,NA,NA,NA,NA,NA,NA,NA,NA,NA,NA,NA,NA,NA,NA,NA,NA,NA,NA,NA,NA,NA,NA,NA,NA,NA,NA,NA,NA,NA,NA,NA,NA,NA,NA,NA,NA,NA,0.255380508643941,0.222181042520229,"ok",0.733333333333334,0.789728477126652,5.63951437933187,4.03686713879666,1.39700272152453,135.853258770623,55.8532587706226,Inf,Inf,0.221936204519684,0.790148479689938,0.83912908243568,4.8980602745742,90.1456120322029,3200,2717.06517541245,NA,NA,NA,NA,NA,NA,NA,NA,NA,NA,NA
"grid","Norwegian","h1a",NA,NA,6,80,0.88,NA,0.733333333333333,0.0403686713879666,NA,NA,NA,NA,NA,0.163264236794721,NA,NA,NA,NA,NA,NA,NA,NA,NA,NA,NA,NA,NA,NA,NA,NA,NA,NA,NA,NA,NA,NA,NA,NA,NA,NA,NA,NA,NA,NA,NA,NA,NA,NA,NA,NA,NA,NA,NA,NA,NA,NA,NA,NA,NA,NA,NA,NA,NA,NA,NA,0.255380508643941,0.224734847606668,"ok",0.733333333333334,0.785347669879988,5.2014336546655,4.03686713879666,1.28848274561149,129.352180795312,49.3521807953123,1680.78892879231,1600.78892879231,0.221936204519684,0.790148479689938,0.835430947667823,4.52824679778846,77.3795760121868,3200,2587.04361590625,NA,NA,NA,NA,NA,NA,NA,NA,NA,NA,NA
"grid","Norwegian","h1a",NA,NA,6,80,0.89,NA,0.733333333333333,0.0403686713879666,NA,NA,NA,NA,NA,0.163264236794721,NA,NA,NA,NA,NA,NA,NA,NA,NA,NA,NA,NA,NA,NA,NA,NA,NA,NA,NA,NA,NA,NA,NA,NA,NA,NA,NA,NA,NA,NA,NA,NA,NA,NA,NA,NA,NA,NA,NA,NA,NA,NA,NA,NA,NA,NA,NA,NA,NA,NA,NA,0.255380508643941,0.227288652693107,"ok",0.733333333333334,0.780968221361716,4.76348880283829,4.03686713879666,1.17999642768977,123.380493798045,43.3804937980446,654.023157814718,574.023157814718,0.221936204519684,0.790148479689938,0.831715861171934,4.15673814819956,66.2788337580395,3200,2467.60987596089,NA,NA,NA,NA,NA,NA,NA,NA,NA,NA,NA
"grid","Norwegian","h1a",NA,NA,6,80,0.9,NA,0.733333333333333,0.0403686713879666,NA,NA,NA,NA,NA,0.163264236794721,NA,NA,NA,NA,NA,NA,NA,NA,NA,NA,NA,NA,NA,NA,NA,NA,NA,NA,NA,NA,NA,NA,NA,NA,NA,NA,NA,NA,NA,NA,NA,NA,NA,NA,NA,NA,NA,NA,NA,NA,NA,NA,NA,NA,NA,NA,NA,NA,NA,NA,NA,0.255380508643941,0.229842457779547,"ok",0.733333333333334,0.776591853140385,4.32585198070519,4.03686713879666,1.07158641391271,117.877077013023,37.8770770130228,404.270535131823,324.270535131823,0.221936204519684,0.790148479689938,0.82798534325004,3.78368635601019,56.5392389299421,3200,2357.54154026046,NA,NA,NA,NA,NA,NA,NA,NA,NA,NA,NA
"grid","Norwegian","h1a",NA,NA,6,80,0.91,NA,0.733333333333333,0.0403686713879666,NA,NA,NA,NA,NA,0.163264236794721,NA,NA,NA,NA,NA,NA,NA,NA,NA,NA,NA,NA,NA,NA,NA,NA,NA,NA,NA,NA,NA,NA,NA,NA,NA,NA,NA,NA,NA,NA,NA,NA,NA,NA,NA,NA,NA,NA,NA,NA,NA,NA,NA,NA,NA,NA,NA,NA,NA,NA,NA,0.255380508643941,0.232396262865986,"ok",0.733333333333334,0.772220226692232,3.88868933588986,4.03686713879666,0.963293861845806,112.789846134178,32.7898461341785,291.652456444837,211.652456444837,0.221936204519684,0.790148479689938,0.824240892718267,3.40924130283288,47.9264223316723,3200,2255.79692268357,NA,NA,NA,NA,NA,NA,NA,NA,NA,NA,NA
"grid","Norwegian","h1a",NA,NA,6,80,0.92,NA,0.733333333333333,0.0403686713879666,NA,NA,NA,NA,NA,0.163264236794721,NA,NA,NA,NA,NA,NA,NA,NA,NA,NA,NA,NA,NA,NA,NA,NA,NA,NA,NA,NA,NA,NA,NA,NA,NA,NA,NA,NA,NA,NA,NA,NA,NA,NA,NA,NA,NA,NA,NA,NA,NA,NA,NA,NA,NA,NA,NA,NA,NA,NA,NA,0.255380508643941,0.234950067952426,"ok",0.733333333333334,0.767854943135255,3.45216098019219,4.03686713879666,0.855158433879307,108.074143542379,28.0741435423787,227.560282398326,147.560282398326,0.221936204519684,0.790148479689938,0.820483985107338,3.03355054173994,40.2568680507895,3200,2161.48287084757,NA,NA,NA,NA,NA,NA,NA,NA,NA,NA,NA
"grid","Norwegian","h1a",NA,NA,6,80,0.93,NA,0.733333333333333,0.0403686713879666,NA,NA,NA,NA,NA,0.163264236794721,NA,NA,NA,NA,NA,NA,NA,NA,NA,NA,NA,NA,NA,NA,NA,NA,NA,NA,NA,NA,NA,NA,NA,NA,NA,NA,NA,NA,NA,NA,NA,NA,NA,NA,NA,NA,NA,NA,NA,NA,NA,NA,NA,NA,NA,NA,NA,NA,NA,NA,NA,0.255380508643941,0.237503873038865,"ok",0.733333333333334,0.763497543157935,3.01642098246013,4.03686713879666,0.747218295462479,103.691460790468,23.6914607904675,186.195621570316,106.195621570316,0.221936204519684,0.790148479689938,0.816716071016034,2.65675913260958,33.3848313790705,3200,2073.82921580935,NA,NA,NA,NA,NA,NA,NA,NA,NA,NA,NA
"grid","Norwegian","h1a",NA,NA,6,80,0.94,NA,0.733333333333333,0.0403686713879666,NA,NA,NA,NA,NA,0.163264236794721,NA,NA,NA,NA,NA,NA,NA,NA,NA,NA,NA,NA,NA,NA,NA,NA,NA,NA,NA,NA,NA,NA,NA,NA,NA,NA,NA,NA,NA,NA,NA,NA,NA,NA,NA,NA,NA,NA,NA,NA,NA,NA,NA,NA,NA,NA,NA,NA,NA,NA,NA,0.255380508643941,0.240057678125304,"ok",0.733333333333334,0.759149507127875,2.58161737945418,4.03686713879666,0.639510117794893,99.6084160000681,19.6084160000681,157.294403183728,77.2944031837283,0.221936204519684,0.790148479689938,0.812938574614194,2.2790094924256,27.193097552027,3200,1992.16832000136,NA,NA,NA,NA,NA,NA,NA,NA,NA,NA,NA
"grid","Norwegian","h1a",NA,NA,6,80,0.95,NA,0.733333333333333,0.0403686713879666,NA,NA,NA,NA,NA,0.163264236794721,NA,NA,NA,NA,NA,NA,NA,NA,NA,NA,NA,NA,NA,NA,NA,NA,NA,NA,NA,NA,NA,NA,NA,NA,NA,NA,NA,NA,NA,NA,NA,NA,NA,NA,NA,NA,NA,NA,NA,NA,NA,NA,NA,NA,NA,NA,NA,NA,NA,NA,NA,0.255380508643941,0.242611483211744,"ok",0.733333333333334,0.754812255366009,2.14789220326752,4.03686713879666,0.532069084618867,95.7959287392615,15.7959287392615,135.964350103303,55.9643501033032,0.221936204519684,0.790148479689938,0.809152892291329,1.90044126013904,21.5863270986452,3200,1915.91857478523,NA,NA,NA,NA,NA,NA,NA,NA,NA,NA,NA
"grid","Norwegian","h1a",NA,NA,6,80,0.96,NA,0.733333333333333,0.0403686713879666,NA,NA,NA,NA,NA,0.163264236794721,NA,NA,NA,NA,NA,NA,NA,NA,NA,NA,NA,NA,NA,NA,NA,NA,NA,NA,NA,NA,NA,NA,NA,NA,NA,NA,NA,NA,NA,NA,NA,NA,NA,NA,NA,NA,NA,NA,NA,NA,NA,NA,NA,NA,NA,NA,NA,NA,NA,NA,NA,0.255380508643941,0.245165288298183,"ok",0.733333333333334,0.750487148572392,1.71538152390582,4.03686713879666,0.424928902767199,92.2285492765599,12.2285492765599,119.577360037424,39.5773600374242,0.221936204519684,0.790148479689938,0.805360391446518,1.52119117565795,16.4861807972967,3200,1844.5709855312,NA,NA,NA,NA,NA,NA,NA,NA,NA,NA,NA
"grid","Norwegian","h1a",NA,NA,6,80,0.97,NA,0.733333333333333,0.0403686713879666,NA,NA,NA,NA,NA,0.163264236794721,NA,NA,NA,NA,NA,NA,NA,NA,NA,NA,NA,NA,NA,NA,NA,NA,NA,NA,NA,NA,NA,NA,NA,NA,NA,NA,NA,NA,NA,NA,NA,NA,NA,NA,NA,NA,NA,NA,NA,NA,NA,NA,NA,NA,NA,NA,NA,NA,NA,NA,NA,0.255380508643941,0.247719093384623,"ok",0.733333333333334,0.746175488390104,1.28421550567706,4.03686713879666,0.318121816131869,88.8839095340124,8.8839095340124,106.595499211843,26.5954992118427,0.221936204519684,0.790148479689938,0.801562409414895,1.14139297249568,11.827692703955,3200,1777.67819068025,NA,NA,NA,NA,NA,NA,NA,NA,NA,NA,NA
"grid","Norwegian","h1a",NA,NA,6,80,0.98,NA,0.733333333333333,0.0403686713879666,NA,NA,NA,NA,NA,0.163264236794721,NA,NA,NA,NA,NA,NA,NA,NA,NA,NA,NA,NA,NA,NA,NA,NA,NA,NA,NA,NA,NA,NA,NA,NA,NA,NA,NA,NA,NA,NA,NA,NA,NA,NA,NA,NA,NA,NA,NA,NA,NA,NA,NA,NA,NA,NA,NA,NA,NA,NA,NA,0.255380508643941,0.250272898471062,"ok",0.733333333333334,0.741878518094259,0.854518476092525,4.03686713879666,0.211678622731995,85.7422707351928,5.74227073519285,96.0588466871984,16.0588466871984,0.221936204519684,0.790148479689938,0.79776025252572,0.761177283578196,7.55653373258379,3200,1714.84541470386,NA,NA,NA,NA,NA,NA,NA,NA,NA,NA,NA
"grid","Norwegian","h1a",NA,NA,6,80,0.99,NA,0.733333333333333,0.0403686713879666,NA,NA,NA,NA,NA,0.163264236794721,NA,NA,NA,NA,NA,NA,NA,NA,NA,NA,NA,NA,NA,NA,NA,NA,NA,NA,NA,NA,NA,NA,NA,NA,NA,NA,NA,NA,NA,NA,NA,NA,NA,NA,NA,NA,NA,NA,NA,NA,NA,NA,NA,NA,NA,NA,NA,NA,NA,NA,NA,0.255380508643941,0.252826703557502,"ok",0.733333333333334,0.737597423393676,0.426409006034212,4.03686713879666,0.105628694572623,82.7861484476449,2.78614844764493,87.3372697455997,7.33726974559967,0.221936204519684,0.790148479689938,0.793955195286815,0.380671559687651,3.6269207111427,3200,1655.7229689529,NA,NA,NA,NA,NA,NA,NA,NA,NA,NA,NA
"grid","Norwegian","h1a",NA,NA,6,80,1,NA,0.733333333333333,0.0403686713879666,NA,NA,NA,NA,NA,0.163264236794721,NA,NA,NA,NA,NA,NA,NA,NA,NA,NA,NA,NA,NA,NA,NA,NA,NA,NA,NA,NA,NA,NA,NA,NA,NA,NA,NA,NA,NA,NA,NA,NA,NA,NA,NA,NA,NA,NA,NA,NA,NA,NA,NA,NA,NA,NA,NA,NA,NA,NA,NA,0.255380508643941,0.255380508643941,"ok",0.733333333333334,0.733333333333334,0,4.03686713879666,0,80,0,80,0,0.221936204519684,0.790148479689938,0.790148479689938,0,0,3200,1600,NA,NA,NA,NA,NA,NA,NA,NA,NA,NA,NA
"grid","Norwegian","h1b",NA,NA,6,80,0.7,NA,0.975,0.0142521928137392,NA,NA,NA,NA,NA,0.084089409001989,NA,NA,NA,NA,NA,NA,NA,NA,NA,NA,NA,NA,NA,NA,NA,NA,NA,NA,NA,NA,NA,NA,NA,NA,NA,NA,NA,NA,NA,NA,NA,NA,NA,NA,NA,NA,NA,NA,NA,NA,NA,NA,NA,NA,NA,NA,NA,NA,NA,NA,NA,0.144604567044978,0.101223196931485,"ok",0.975,0.995426603670241,2.04266036702407,1.42521928137392,1.43322532449528,348.698864769138,268.698864769138,598.820023188715,518.820023188715,0.14474824579008,0.974888642625782,0.995404578426655,2.05159358008737,267.516725061536,3200,6973.97729538277,NA,NA,NA,NA,NA,NA,NA,NA,NA,NA,NA
"grid","Norwegian","h1b",NA,NA,6,80,0.71,NA,0.975,0.0142521928137392,NA,NA,NA,NA,NA,0.084089409001989,NA,NA,NA,NA,NA,NA,NA,NA,NA,NA,NA,NA,NA,NA,NA,NA,NA,NA,NA,NA,NA,NA,NA,NA,NA,NA,NA,NA,NA,NA,NA,NA,NA,NA,NA,NA,NA,NA,NA,NA,NA,NA,NA,NA,NA,NA,NA,NA,NA,NA,NA,0.144604567044978,0.102669242601934,"ok",0.975,0.995101400180896,2.01014001808958,1.42521928137392,1.41040753823635,319.070265828975,239.070265828975,507.776638572863,427.776638572863,0.14474824579008,0.974888642625782,0.99507775751692,2.01891148911388,238.107486588072,3200,6381.40531657951,NA,NA,NA,NA,NA,NA,NA,NA,NA,NA,NA
"grid","Norwegian","h1b",NA,NA,6,80,0.72,NA,0.975,0.0142521928137392,NA,NA,NA,NA,NA,0.084089409001989,NA,NA,NA,NA,NA,NA,NA,NA,NA,NA,NA,NA,NA,NA,NA,NA,NA,NA,NA,NA,NA,NA,NA,NA,NA,NA,NA,NA,NA,NA,NA,NA,NA,NA,NA,NA,NA,NA,NA,NA,NA,NA,NA,NA,NA,NA,NA,NA,NA,NA,NA,0.144604567044978,0.104115288272384,"ok",0.975,0.994757417190552,1.97574171905524,1.42521928137392,1.38627209502148,293.756058164295,213.756058164295,439.940252197386,359.940252197386,0.14474824579008,0.974888642625782,0.99473207090355,1.98434282777683,212.963266883826,3200,5875.1211632859,NA,NA,NA,NA,NA,NA,NA,NA,NA,NA,NA
"grid","Norwegian","h1b",NA,NA,6,80,0.73,NA,0.975,0.0142521928137392,NA,NA,NA,NA,NA,0.084089409001989,NA,NA,NA,NA,NA,NA,NA,NA,NA,NA,NA,NA,NA,NA,NA,NA,NA,NA,NA,NA,NA,NA,NA,NA,NA,NA,NA,NA,NA,NA,NA,NA,NA,NA,NA,NA,NA,NA,NA,NA,NA,NA,NA,NA,NA,NA,NA,NA,NA,NA,NA,0.144604567044978,0.105561333942834,"ok",0.975,0.994393964024622,1.93939640246217,1.42521928137392,1.36077053391572,271.883815055839,191.883815055839,387.454368316132,307.454368316132,0.14474824579008,0.974888642625782,0.994366825971005,1.94781833452232,191.224951860349,3200,5437.67630111678,NA,NA,NA,NA,NA,NA,NA,NA,NA,NA,NA
"grid","Norwegian","h1b",NA,NA,6,80,0.74,NA,0.975,0.0142521928137392,NA,NA,NA,NA,NA,0.084089409001989,NA,NA,NA,NA,NA,NA,NA,NA,NA,NA,NA,NA,NA,NA,NA,NA,NA,NA,NA,NA,NA,NA,NA,NA,NA,NA,NA,NA,NA,NA,NA,NA,NA,NA,NA,NA,NA,NA,NA,NA,NA,NA,NA,NA,NA,NA,NA,NA,NA,NA,NA,0.144604567044978,0.107007379613284,"ok",0.975,0.994010352491069,1.90103524910685,1.42521928137392,1.3338545681716,252.801319845109,172.801319845109,345.648879854883,265.648879854883,0.14474824579008,0.974888642625782,0.993981332721146,1.90926900953643,172.249490722801,3200,5056.02639690218,NA,NA,NA,NA,NA,NA,NA,NA,NA,NA,NA
"grid","Norwegian","h1b",NA,NA,6,80,0.75,NA,0.975,0.0142521928137392,NA,NA,NA,NA,NA,0.084089409001989,NA,NA,NA,NA,NA,NA,NA,NA,NA,NA,NA,NA,NA,NA,NA,NA,NA,NA,NA,NA,NA,NA,NA,NA,NA,NA,NA,NA,NA,NA,NA,NA,NA,NA,NA,NA,NA,NA,NA,NA,NA,NA,NA,NA,NA,NA,NA,NA,NA,NA,NA,0.144604567044978,0.108453425283734,"ok",0.975,0.993605898627245,1.86058986272446,1.42521928137392,1.30547620779508,236.011215973657,156.011215973657,311.573395238863,231.573395238863,0.14474824579008,0.974888642625782,0.993574905529714,1.86862629039319,155.54599550981,3200,4720.22431947313,NA,NA,NA,NA,NA,NA,NA,NA,NA,NA,NA
"grid","Norwegian","h1b",NA,NA,6,80,0.76,NA,0.975,0.0142521928137392,NA,NA,NA,NA,NA,0.084089409001989,NA,NA,NA,NA,NA,NA,NA,NA,NA,NA,NA,NA,NA,NA,NA,NA,NA,NA,NA,NA,NA,NA,NA,NA,NA,NA,NA,NA,NA,NA,NA,NA,NA,NA,NA,NA,NA,NA,NA,NA,NA,NA,NA,NA,NA,NA,NA,NA,NA,NA,NA,0.144604567044978,0.109899470954183,"ok",0.975,0.993179924454862,1.81799244548616,1.42521928137392,1.27558788268259,221.127625005021,141.127625005021,283.272392896382,203.272392896382,0.14474824579008,0.974888642625782,0.993146864910203,1.82582222844215,140.733252110687,3200,4422.55250010042,NA,NA,NA,NA,NA,NA,NA,NA,NA,NA,NA
"grid","Norwegian","h1b",NA,NA,6,80,0.77,NA,0.975,0.0142521928137392,NA,NA,NA,NA,NA,0.084089409001989,NA,NA,NA,NA,NA,NA,NA,NA,NA,NA,NA,NA,NA,NA,NA,NA,NA,NA,NA,NA,NA,NA,NA,NA,NA,NA,NA,NA,NA,NA,NA,NA,NA,NA,NA,NA,NA,NA,NA,NA,NA,NA,NA,NA,NA,NA,NA,NA,NA,NA,NA,0.144604567044978,0.111345516624633,"ok",0.975,0.992731759732353,1.77317597323529,1.42521928137392,1.24414256557484,207.846574201515,127.846574201515,259.398492289888,179.398492289888,0.14474824579008,0.974888642625782,0.992696539274329,1.78078966485476,127.510715282846,3200,4156.93148403029,NA,NA,NA,NA,NA,NA,NA,NA,NA,NA,NA
"grid","Norwegian","h1b",NA,NA,6,80,0.78,NA,0.975,0.0142521928137392,NA,NA,NA,NA,NA,0.084089409001989,NA,NA,NA,NA,NA,NA,NA,NA,NA,NA,NA,NA,NA,NA,NA,NA,NA,NA,NA,NA,NA,NA,NA,NA,NA,NA,NA,NA,NA,NA,NA,NA,NA,NA,NA,NA,NA,NA,NA,NA,NA,NA,NA,NA,NA,NA,NA,NA,NA,NA,NA,0.144604567044978,0.112791562295083,"ok",0.975,0.99226074369417,1.72607436941702,1.42521928137392,1.21109389409402,195.925363471799,115.925363471799,238.99310814961,158.99310814961,0.14474824579008,0.974888642625782,0.992223266678579,1.7334624052797,115.638246086831,3200,3918.50726943599,NA,NA,NA,NA,NA,NA,NA,NA,NA,NA,NA
"grid","Norwegian","h1b",NA,NA,6,80,0.79,NA,0.975,0.0142521928137392,NA,NA,NA,NA,NA,0.084089409001989,NA,NA,NA,NA,NA,NA,NA,NA,NA,NA,NA,NA,NA,NA,NA,NA,NA,NA,NA,NA,NA,NA,NA,NA,NA,NA,NA,NA,NA,NA,NA,NA,NA,NA,NA,NA,NA,NA,NA,NA,NA,NA,NA,NA,NA,NA,NA,NA,NA,NA,NA,0.144604567044978,0.114237607965533,"ok",0.975,0.991766226766969,1.67662267669688,1.42521928137392,1.17639629115921,185.167870275904,105.167870275904,221.355653871529,141.355653871529,0.14474824579008,0.974888642625782,0.991726396546769,1.68377539209873,104.921664557215,3200,3703.35740551807,NA,NA,NA,NA,NA,NA,NA,NA,NA,NA,NA
"grid","Norwegian","h1b",NA,NA,6,80,0.8,NA,0.975,0.0142521928137392,NA,NA,NA,NA,NA,0.084089409001989,NA,NA,NA,NA,NA,NA,NA,NA,NA,NA,NA,NA,NA,NA,NA,NA,NA,NA,NA,NA,NA,NA,NA,NA,NA,NA,NA,NA,NA,NA,NA,NA,NA,NA,NA,NA,NA,NA,NA,NA,NA,NA,NA,NA,NA,NA,NA,NA,NA,NA,NA,0.144604567044978,0.115683653635982,"ok",0.975,0.991247572253132,1.6247572253132,1.42521928137392,1.14000508311038,175.413890054498,95.4138900544981,205.962218369959,125.962218369959,0.14474824579008,0.974888642625782,0.991205291359041,1.63166487332599,95.2022594034624,3200,3508.27780108996,NA,NA,NA,NA,NA,NA,NA,NA,NA,NA,NA
"grid","Norwegian","h1b",NA,NA,6,80,0.81,NA,0.975,0.0142521928137392,NA,NA,NA,NA,NA,0.084089409001989,NA,NA,NA,NA,NA,NA,NA,NA,NA,NA,NA,NA,NA,NA,NA,NA,NA,NA,NA,NA,NA,NA,NA,NA,NA,NA,NA,NA,NA,NA,NA,NA,NA,NA,NA,NA,NA,NA,NA,NA,NA,NA,NA,NA,NA,NA,NA,NA,NA,NA,NA,0.144604567044978,0.117129699306432,"ok",0.975,0.990704157972656,1.5704157972656,1.42521928137392,1.10187661491059,166.53127584643,86.5312758464297,192.413179027264,112.413179027264,0.14474824579008,0.974888642625782,0.990659328298289,1.57706856725078,86.3490455073269,3200,3330.62551692859,NA,NA,NA,NA,NA,NA,NA,NA,NA,NA,NA
"grid","Norwegian","h1b",NA,NA,6,80,0.82,NA,0.975,0.0142521928137392,NA,NA,NA,NA,NA,0.084089409001989,NA,NA,NA,NA,NA,NA,NA,NA,NA,NA,NA,NA,NA,NA,NA,NA,NA,NA,NA,NA,NA,NA,NA,NA,NA,NA,NA,NA,NA,NA,NA,NA,NA,NA,NA,NA,NA,NA,NA,NA,NA,NA,NA,NA,NA,NA,NA,NA,NA,NA,NA,0.144604567044978,0.118575744976882,"ok",0.975,0.990135377855038,1.51353778550382,1.42521928137392,1.06196836184026,158.410055484755,78.4100554847552,180.39841128465,100.39841128465,0.14474824579008,0.974888642625782,0.99008790084566,1.51992582198783,78.2529646386995,3200,3168.2011096951,NA,NA,NA,NA,NA,NA,NA,NA,NA,NA,NA
"grid","Norwegian","h1b",NA,NA,6,80,0.83,NA,0.975,0.0142521928137392,NA,NA,NA,NA,NA,0.084089409001989,NA,NA,NA,NA,NA,NA,NA,NA,NA,NA,NA,NA,NA,NA,NA,NA,NA,NA,NA,NA,NA,NA,NA,NA,NA,NA,NA,NA,NA,NA,NA,NA,NA,NA,NA,NA,NA,NA,NA,NA,NA,NA,NA,NA,NA,NA,NA,NA,NA,NA,NA,0.144604567044978,0.120021790647332,"ok",0.975,0.989540643473476,1.45406434734764,1.42521928137392,1.02023903714375,150.957969277342,70.9579692773418,169.673564692748,89.6735646927481,0.14474824579008,0.974888642625782,0.989490420317438,1.46017776916563,70.8224832440022,3200,3019.15938554684,NA,NA,NA,NA,NA,NA,NA,NA,NA,NA,NA
"grid","Norwegian","h1b",NA,NA,6,80,0.84,NA,0.975,0.0142521928137392,NA,NA,NA,NA,NA,0.084089409001989,NA,NA,NA,NA,NA,NA,NA,NA,NA,NA,NA,NA,NA,NA,NA,NA,NA,NA,NA,NA,NA,NA,NA,NA,NA,NA,NA,NA,NA,NA,NA,NA,NA,NA,NA,NA,NA,NA,NA,NA,NA,NA,NA,NA,NA,NA,NA,NA,NA,NA,NA,0.144604567044978,0.121467836317782,"ok",0.975,0.98891938551438,1.39193855143798,1.42521928137392,0.976648695137029,144.097043494879,64.0970434948791,160.043505376163,80.0435053761634,0.14474824579008,0.974888642625782,0.988866317336317,1.39776747105353,63.9802098130665,3200,2881.94086989758,NA,NA,NA,NA,NA,NA,NA,NA,NA,NA,NA
"grid","Norwegian","h1b",NA,NA,6,80,0.85,NA,0.975,0.0142521928137392,NA,NA,NA,NA,NA,0.084089409001989,NA,NA,NA,NA,NA,NA,NA,NA,NA,NA,NA,NA,NA,NA,NA,NA,NA,NA,NA,NA,NA,NA,NA,NA,NA,NA,NA,NA,NA,NA,NA,NA,NA,NA,NA,NA,NA,NA,NA,NA,NA,NA,NA,NA,NA,NA,NA,NA,NA,NA,NA,0.144604567044978,0.122913881988231,"ok",0.975,0.988271055175894,1.32710551758939,1.42521928137392,0.931158829334703,137.76092960982,57.7609296098199,151.35052037958,71.3505203795802,0.14474824579008,0.974888642625782,0.988215043230779,1.33264006049978,57.6602665694843,3200,2755.2185921964,NA,NA,NA,NA,NA,NA,NA,NA,NA,NA,NA
"grid","Norwegian","h1b",NA,NA,6,80,0.86,NA,0.975,0.0142521928137392,NA,NA,NA,NA,NA,0.084089409001989,NA,NA,NA,NA,NA,NA,NA,NA,NA,NA,NA,NA,NA,NA,NA,NA,NA,NA,NA,NA,NA,NA,NA,NA,NA,NA,NA,NA,NA,NA,NA,NA,NA,NA,NA,NA,NA,NA,NA,NA,NA,NA,NA,NA,NA,NA,NA,NA,NA,NA,NA,0.144604567044978,0.124359927658681,"ok",0.975,0.987595125489869,1.25951254898686,1.42521928137392,0.883732465205412,131.892816807954,51.8928168079543,143.465759231785,63.465759231785,0.14474824579008,0.974888642625782,0.987536071357029,1.26474287312477,51.8062262706964,3200,2637.85633615909,NA,NA,NA,NA,NA,NA,NA,NA,NA,NA,NA
"grid","Norwegian","h1b",NA,NA,6,80,0.87,NA,0.975,0.0142521928137392,NA,NA,NA,NA,NA,0.084089409001989,NA,NA,NA,NA,NA,NA,NA,NA,NA,NA,NA,NA,NA,NA,NA,NA,NA,NA,NA,NA,NA,NA,NA,NA,NA,NA,NA,NA,NA,NA,NA,NA,NA,NA,NA,NA,NA,NA,NA,NA,NA,NA,NA,NA,NA,NA,NA,NA,NA,NA,NA,0.144604567044978,0.125805973329131,"ok",0.975,0.986891092562405,1.18910925624051,1.42521928137392,0.834334247214362,126.443778670252,46.4437786702523,136.282921567809,56.2829215678092,0.14474824579008,0.974888642625782,0.986828898338643,1.19402557128617,46.3694772699471,3200,2528.87557340505,NA,NA,NA,NA,NA,NA,NA,NA,NA,NA,NA
"grid","Norwegian","h1b",NA,NA,6,80,0.88,NA,0.975,0.0142521928137392,NA,NA,NA,NA,NA,0.084089409001989,NA,NA,NA,NA,NA,NA,NA,NA,NA,NA,NA,NA,NA,NA,NA,NA,NA,NA,NA,NA,NA,NA,NA,NA,NA,NA,NA,NA,NA,NA,NA,NA,NA,NA,NA,NA,NA,NA,NA,NA,NA,NA,NA,NA,NA,NA,NA,NA,NA,NA,NA,0.144604567044978,0.127252018999581,"ok",0.975,0.986158476728835,1.11584767288346,1.42521928137392,0.782930519862022,121.371452204607,41.3714522046073,129.713531937726,49.7135319377261,0.14474824579008,0.974888642625782,0.986093045219823,1.12044025940414,41.3079165991997,3200,2427.42904409215,NA,NA,NA,NA,NA,NA,NA,NA,NA,NA,NA
"grid","Norwegian","h1b",NA,NA,6,80,0.89,NA,0.975,0.0142521928137392,NA,NA,NA,NA,NA,0.084089409001989,NA,NA,NA,NA,NA,NA,NA,NA,NA,NA,NA,NA,NA,NA,NA,NA,NA,NA,NA,NA,NA,NA,NA,NA,NA,NA,NA,NA,NA,NA,NA,NA,NA,NA,NA,NA,NA,NA,NA,NA,NA,NA,NA,NA,NA,NA,NA,NA,NA,NA,NA,0.144604567044978,0.12869806467003,"ok",0.975,0.985396823619681,1.03968236196805,1.42521928137392,0.729489402476923,116.638973812225,36.6389738122246,123.683354934305,43.6833549343051,0.14474824579008,0.974888642625782,0.985328058528834,1.04394159030521,36.584896779059,3200,2332.77947624449,NA,NA,NA,NA,NA,NA,NA,NA,NA,NA,NA
"grid","Norwegian","h1b",NA,NA,6,80,0.9,NA,0.975,0.0142521928137392,NA,NA,NA,NA,NA,0.084089409001989,NA,NA,NA,NA,NA,NA,NA,NA,NA,NA,NA,NA,NA,NA,NA,NA,NA,NA,NA,NA,NA,NA,NA,NA,NA,NA,NA,NA,NA,NA,NA,NA,NA,NA,NA,NA,NA,NA,NA,NA,NA,NA,NA,NA,NA,NA,NA,NA,NA,NA,NA,0.144604567044978,0.13014411034048,"ok",0.975,0.984605705134837,0.960570513483716,1.42521928137392,0.673980857568611,112.214115716791,32.2141157167905,118.129641999763,38.1296419997626,0.14474824579008,0.974888642625782,0.984533511248903,0.964486862312142,32.1683706897308,3200,2244.28231433581,NA,NA,NA,NA,NA,NA,NA,NA,NA,NA,NA
"grid","Norwegian","h1b",NA,NA,6,80,0.91,NA,0.975,0.0142521928137392,NA,NA,NA,NA,NA,0.084089409001989,NA,NA,NA,NA,NA,NA,NA,NA,NA,NA,NA,NA,NA,NA,NA,NA,NA,NA,NA,NA,NA,NA,NA,NA,NA,NA,NA,NA,NA,NA,NA,NA,NA,NA,NA,NA,NA,NA,NA,NA,NA,NA,NA,NA,NA,NA,NA,NA,NA,NA,NA,0.144604567044978,0.13159015601093,"ok",0.975,0.983784720323865,0.87847203238649,1.42521928137392,0.616376752593212,108.068580137782,28.068580137782,112.998993188282,32.9989931882817,0.14474824579008,0.974888642625782,0.983709003694521,0.882036106873973,28.0301923702144,3200,2161.37160275564,NA,NA,NA,NA,NA,NA,NA,NA,NA,NA,NA
"grid","Norwegian","h1b",NA,NA,6,80,0.92,NA,0.975,0.0142521928137392,NA,NA,NA,NA,NA,0.084089409001989,NA,NA,NA,NA,NA,NA,NA,NA,NA,NA,NA,NA,NA,NA,NA,NA,NA,NA,NA,NA,NA,NA,NA,NA,NA,NA,NA,NA,NA,NA,NA,NA,NA,NA,NA,NA,NA,NA,NA,NA,NA,NA,NA,NA,NA,NA,NA,NA,NA,NA,NA,0.144604567044978,0.13303620168138,"ok",0.975,0.982933496170938,0.793349617093775,1.42521928137392,0.556650915029005,104.17741858566,24.1774185856604,108.245679387185,28.2456793871849,0.14474824579008,0.974888642625782,0.982854164291726,0.796552166594444,24.145541553905,3200,2083.54837171321,NA,NA,NA,NA,NA,NA,NA,NA,NA,NA,NA
"grid","Norwegian","h1b",NA,NA,6,80,0.93,NA,0.975,0.0142521928137392,NA,NA,NA,NA,NA,0.084089409001989,NA,NA,NA,NA,NA,NA,NA,NA,NA,NA,NA,NA,NA,NA,NA,NA,NA,NA,NA,NA,NA,NA,NA,NA,NA,NA,NA,NA,NA,NA,NA,NA,NA,NA,NA,NA,NA,NA,NA,NA,NA,NA,NA,NA,NA,NA,NA,NA,NA,NA,NA,0.144604567044978,0.13448224735183,"ok",0.975,0.982051688283598,0.705168828359759,1.42521928137392,0.494779180702615,100.518551145603,20.5185511456034,103.830313322379,23.830313322379,0.14474824579008,0.974888642625782,0.981968650261568,0.708000763578653,20.4924471266525,3200,2010.37102291207,NA,NA,NA,NA,NA,NA,NA,NA,NA,NA,NA
"grid","Norwegian","h1b",NA,NA,6,80,0.94,NA,0.975,0.0142521928137392,NA,NA,NA,NA,NA,0.084089409001989,NA,NA,NA,NA,NA,NA,NA,NA,NA,NA,NA,NA,NA,NA,NA,NA,NA,NA,NA,NA,NA,NA,NA,NA,NA,NA,NA,NA,NA,NA,NA,NA,NA,NA,NA,NA,NA,NA,NA,NA,NA,NA,NA,NA,NA,NA,NA,NA,NA,NA,NA,0.144604567044978,0.135928293022279,"ok",0.975,0.981138981485047,0.613898148504655,1.42521928137392,0.430739435346996,97.0723662251975,17.0723662251975,99.7187875905083,19.7187875905083,0.14474824579008,0.974888642625782,0.981052148206548,0.616350558076606,17.0513902219228,3200,1941.44732450395,NA,NA,NA,NA,NA,NA,NA,NA,NA,NA,NA
"grid","Norwegian","h1b",NA,NA,6,80,0.95,NA,0.975,0.0142521928137392,NA,NA,NA,NA,NA,0.084089409001989,NA,NA,NA,NA,NA,NA,NA,NA,NA,NA,NA,NA,NA,NA,NA,NA,NA,NA,NA,NA,NA,NA,NA,NA,NA,NA,NA,NA,NA,NA,NA,NA,NA,NA,NA,NA,NA,NA,NA,NA,NA,NA,NA,NA,NA,NA,NA,NA,NA,NA,NA,0.144604567044978,0.137374338692729,"ok",0.975,0.980195090310267,0.519509031026733,1.42521928137392,0.364511649411536,93.8213854803961,13.8213854803961,95.8814191528923,15.8814191528923,0.14474824579008,0.974888642625782,0.980104374600353,0.521573197457104,13.8049718480981,3200,1876.42770960792,NA,NA,NA,NA,NA,NA,NA,NA,NA,NA,NA
"grid","Norwegian","h1b",NA,NA,6,80,0.96,NA,0.975,0.0142521928137392,NA,NA,NA,NA,NA,0.084089409001989,NA,NA,NA,NA,NA,NA,NA,NA,NA,NA,NA,NA,NA,NA,NA,NA,NA,NA,NA,NA,NA,NA,NA,NA,NA,NA,NA,NA,NA,NA,NA,NA,NA,NA,NA,NA,NA,NA,NA,NA,NA,NA,NA,NA,NA,NA,NA,NA,NA,NA,NA,0.144604567044978,0.138820384363179,"ok",0.975,0.979219759406775,0.421975940677455,1.42521928137392,0.296077906180631,90.7499818649644,10.7499818649644,92.2922549328358,12.2922549328358,0.14474824579008,0.974888642625782,0.979125076181761,0.423643355597991,10.7376331308112,3200,1814.99963729929,NA,NA,NA,NA,NA,NA,NA,NA,NA,NA,NA
"grid","Norwegian","h1b",NA,NA,6,80,0.97,NA,0.975,0.0142521928137392,NA,NA,NA,NA,NA,0.084089409001989,NA,NA,NA,NA,NA,NA,NA,NA,NA,NA,NA,NA,NA,NA,NA,NA,NA,NA,NA,NA,NA,NA,NA,NA,NA,NA,NA,NA,NA,NA,NA,NA,NA,NA,NA,NA,NA,NA,NA,NA,NA,NA,NA,NA,NA,NA,NA,NA,NA,NA,NA,0.144604567044978,0.140266430033629,"ok",0.975,0.978212763841286,0.32127638412861,1.42521928137392,0.225422423291171,87.8441412310487,7.84414123104872,88.9285041998462,8.92850419984616,0.14474824579008,0.974888642625782,0.978114030254046,0.322538762826474,7.8354187036326,3200,1756.88282462097,NA,NA,NA,NA,NA,NA,NA,NA,NA,NA,NA
"grid","Norwegian","h1b",NA,NA,6,80,0.98,NA,0.975,0.0142521928137392,NA,NA,NA,NA,NA,0.084089409001989,NA,NA,NA,NA,NA,NA,NA,NA,NA,NA,NA,NA,NA,NA,NA,NA,NA,NA,NA,NA,NA,NA,NA,NA,NA,NA,NA,NA,NA,NA,NA,NA,NA,NA,NA,NA,NA,NA,NA,NA,NA,NA,NA,NA,NA,NA,NA,NA,NA,NA,NA,0.144604567044978,0.141712475704078,"ok",0.975,0.977173909314048,0.217390931404837,1.42521928137392,0.152531567770589,85.0912598302639,5.09125983026388,85.7700715315171,5.77007153151709,0.14474824579008,0.974888642625782,0.977071044891665,0.218240226588362,5.08577567821747,3200,1701.82519660528,NA,NA,NA,NA,NA,NA,NA,NA,NA,NA,NA
"grid","Norwegian","h1b",NA,NA,6,80,0.99,NA,0.975,0.0142521928137392,NA,NA,NA,NA,NA,0.084089409001989,NA,NA,NA,NA,NA,NA,NA,NA,NA,NA,NA,NA,NA,NA,NA,NA,NA,NA,NA,NA,NA,NA,NA,NA,NA,NA,NA,NA,NA,NA,NA,NA,NA,NA,NA,NA,NA,NA,NA,NA,NA,NA,NA,NA,NA,NA,NA,NA,NA,NA,NA,0.144604567044978,0.143158521374528,"ok",0.975,0.976103032282959,0.110303228295872,1.42521928137392,0.0773938647458785,82.4799715630299,2.47997156302991,82.7991701581318,2.79917015813177,0.14474824579008,0.974888642625782,0.97599595905644,0.11073164306582,2.47738210526731,3200,1649.5994312606,NA,NA,NA,NA,NA,NA,NA,NA,NA,NA,NA
"grid","Norwegian","h1b",NA,NA,6,80,1,NA,0.975,0.0142521928137392,NA,NA,NA,NA,NA,0.084089409001989,NA,NA,NA,NA,NA,NA,NA,NA,NA,NA,NA,NA,NA,NA,NA,NA,NA,NA,NA,NA,NA,NA,NA,NA,NA,NA,NA,NA,NA,NA,NA,NA,NA,NA,NA,NA,NA,NA,NA,NA,NA,NA,NA,NA,NA,NA,NA,NA,NA,NA,NA,0.144604567044978,0.144604567044978,"ok",0.975,0.975,0,1.42521928137392,0,80,0,80,0,0.14474824579008,0.974888642625782,0.974888642625782,0,0,3200,1600,NA,NA,NA,NA,NA,NA,NA,NA,NA,NA,NA
"grid","Norwegian","joint",NA,NA,6,80,0.7,NA,0.733333333333333,0.0403686713879666,NA,NA,NA,NA,NA,NA,NA,NA,NA,NA,NA,NA,NA,NA,NA,NA,NA,NA,NA,NA,NA,NA,NA,NA,NA,NA,NA,NA,NA,NA,NA,NA,NA,NA,NA,NA,NA,NA,NA,NA,NA,NA,NA,NA,NA,NA,NA,NA,NA,NA,NA,NA,NA,NA,NA,NA,NA,NA,NA,NA,0.717928342385789,0.859369167678202,14.1440825292413,4.03686713879666,NA,NA,NA,NA,NA,NA,NA,NA,NA,NA,NA,NA,NA,NA,NA,"indep = independent given the pilot draw; corr = DGP-implied correlation of the two estimates",NA,NA,NA,NA,NA,NA,NA
"grid","Norwegian","joint",NA,NA,6,80,0.71,NA,0.733333333333333,0.0403686713879666,NA,NA,NA,NA,NA,NA,NA,NA,NA,NA,NA,NA,NA,NA,NA,NA,NA,NA,NA,NA,NA,NA,NA,NA,NA,NA,NA,NA,NA,NA,NA,NA,NA,NA,NA,NA,NA,NA,NA,NA,NA,NA,NA,NA,NA,NA,NA,NA,NA,NA,NA,NA,NA,NA,NA,NA,NA,NA,NA,NA,0.717928342385789,0.855066704617956,13.7138362232166,4.03686713879666,NA,NA,NA,NA,NA,NA,NA,NA,NA,NA,NA,NA,NA,NA,NA,"indep = independent given the pilot draw; corr = DGP-implied correlation of the two estimates",NA,NA,NA,NA,NA,NA,NA
"grid","Norwegian","joint",NA,NA,6,80,0.72,NA,0.733333333333333,0.0403686713879666,NA,NA,NA,NA,NA,NA,NA,NA,NA,NA,NA,NA,NA,NA,NA,NA,NA,NA,NA,NA,NA,NA,NA,NA,NA,NA,NA,NA,NA,NA,NA,NA,NA,NA,NA,NA,NA,NA,NA,NA,NA,NA,NA,NA,NA,NA,NA,NA,NA,NA,NA,NA,NA,NA,NA,NA,NA,NA,NA,NA,0.717928342385789,0.850717247533465,13.2788905147675,4.03686713879666,NA,NA,NA,NA,NA,NA,NA,NA,NA,NA,NA,NA,NA,NA,NA,"indep = independent given the pilot draw; corr = DGP-implied correlation of the two estimates",NA,NA,NA,NA,NA,NA,NA
"grid","Norwegian","joint",NA,NA,6,80,0.73,NA,0.733333333333333,0.0403686713879666,NA,NA,NA,NA,NA,NA,NA,NA,NA,NA,NA,NA,NA,NA,NA,NA,NA,NA,NA,NA,NA,NA,NA,NA,NA,NA,NA,NA,NA,NA,NA,NA,NA,NA,NA,NA,NA,NA,NA,NA,NA,NA,NA,NA,NA,NA,NA,NA,NA,NA,NA,NA,NA,NA,NA,NA,NA,NA,NA,NA,0.717928342385789,0.846322916732665,12.8394574346875,4.03686713879666,NA,NA,NA,NA,NA,NA,NA,NA,NA,NA,NA,NA,NA,NA,NA,"indep = independent given the pilot draw; corr = DGP-implied correlation of the two estimates",NA,NA,NA,NA,NA,NA,NA
"grid","Norwegian","joint",NA,NA,6,80,0.74,NA,0.733333333333333,0.0403686713879666,NA,NA,NA,NA,NA,NA,NA,NA,NA,NA,NA,NA,NA,NA,NA,NA,NA,NA,NA,NA,NA,NA,NA,NA,NA,NA,NA,NA,NA,NA,NA,NA,NA,NA,NA,NA,NA,NA,NA,NA,NA,NA,NA,NA,NA,NA,NA,NA,NA,NA,NA,NA,NA,NA,NA,NA,NA,NA,NA,NA,0.717928342385789,0.841885829675282,12.3957487289493,4.03686713879666,NA,NA,NA,NA,NA,NA,NA,NA,NA,NA,NA,NA,NA,NA,NA,"indep = independent given the pilot draw; corr = DGP-implied correlation of the two estimates",NA,NA,NA,NA,NA,NA,NA
"grid","Norwegian","joint",NA,NA,6,80,0.75,NA,0.733333333333333,0.0403686713879666,NA,NA,NA,NA,NA,NA,NA,NA,NA,NA,NA,NA,NA,NA,NA,NA,NA,NA,NA,NA,NA,NA,NA,NA,NA,NA,NA,NA,NA,NA,NA,NA,NA,NA,NA,NA,NA,NA,NA,NA,NA,NA,NA,NA,NA,NA,NA,NA,NA,NA,NA,NA,NA,NA,NA,NA,NA,NA,NA,NA,0.717928342385789,0.83740809649756,11.9479754111771,4.03686713879666,NA,NA,NA,NA,NA,NA,NA,NA,NA,NA,NA,NA,NA,NA,NA,"indep = independent given the pilot draw; corr = DGP-implied correlation of the two estimates",NA,NA,NA,NA,NA,NA,NA
"grid","Norwegian","joint",NA,NA,6,80,0.76,NA,0.733333333333333,0.0403686713879666,NA,NA,NA,NA,NA,NA,NA,NA,NA,NA,NA,NA,NA,NA,NA,NA,NA,NA,NA,NA,NA,NA,NA,NA,NA,NA,NA,NA,NA,NA,NA,NA,NA,NA,NA,NA,NA,NA,NA,NA,NA,NA,NA,NA,NA,NA,NA,NA,NA,NA,NA,NA,NA,NA,NA,NA,NA,NA,NA,NA,0.717928342385789,0.832891815878126,11.4963473492336,4.03686713879666,NA,NA,NA,NA,NA,NA,NA,NA,NA,NA,NA,NA,NA,NA,NA,"indep = independent given the pilot draw; corr = DGP-implied correlation of the two estimates",NA,NA,NA,NA,NA,NA,NA
"grid","Norwegian","joint",NA,NA,6,80,0.77,NA,0.733333333333333,0.0403686713879666,NA,NA,NA,NA,NA,NA,NA,NA,NA,NA,NA,NA,NA,NA,NA,NA,NA,NA,NA,NA,NA,NA,NA,NA,NA,NA,NA,NA,NA,NA,NA,NA,NA,NA,NA,NA,NA,NA,NA,NA,NA,NA,NA,NA,NA,NA,NA,NA,NA,NA,NA,NA,NA,NA,NA,NA,NA,NA,NA,NA,0.717928342385789,0.828339071239864,11.0410728854074,4.03686713879666,NA,NA,NA,NA,NA,NA,NA,NA,NA,NA,NA,NA,NA,NA,NA,"indep = independent given the pilot draw; corr = DGP-implied correlation of the two estimates",NA,NA,NA,NA,NA,NA,NA
"grid","Norwegian","joint",NA,NA,6,80,0.78,NA,0.733333333333333,0.0403686713879666,NA,NA,NA,NA,NA,NA,NA,NA,NA,NA,NA,NA,NA,NA,NA,NA,NA,NA,NA,NA,NA,NA,NA,NA,NA,NA,NA,NA,NA,NA,NA,NA,NA,NA,NA,NA,NA,NA,NA,NA,NA,NA,NA,NA,NA,NA,NA,NA,NA,NA,NA,NA,NA,NA,NA,NA,NA,NA,NA,NA,0.717928342385789,0.823751927280317,10.5823584894527,4.03686713879666,NA,NA,NA,NA,NA,NA,NA,NA,NA,NA,NA,NA,NA,NA,NA,"indep = independent given the pilot draw; corr = DGP-implied correlation of the two estimates",NA,NA,NA,NA,NA,NA,NA
"grid","Norwegian","joint",NA,NA,6,80,0.79,NA,0.733333333333333,0.0403686713879666,NA,NA,NA,NA,NA,NA,NA,NA,NA,NA,NA,NA,NA,NA,NA,NA,NA,NA,NA,NA,NA,NA,NA,NA,NA,NA,NA,NA,NA,NA,NA,NA,NA,NA,NA,NA,NA,NA,NA,NA,NA,NA,NA,NA,NA,NA,NA,NA,NA,NA,NA,NA,NA,NA,NA,NA,NA,NA,NA,NA,0.717928342385789,0.819132426821143,10.1204084435353,4.03686713879666,NA,NA,NA,NA,NA,NA,NA,NA,NA,NA,NA,NA,NA,NA,NA,"indep = independent given the pilot draw; corr = DGP-implied correlation of the two estimates",NA,NA,NA,NA,NA,NA,NA
"grid","Norwegian","joint",NA,NA,6,80,0.8,NA,0.733333333333333,0.0403686713879666,NA,NA,NA,NA,NA,NA,NA,NA,NA,NA,NA,NA,NA,NA,NA,NA,NA,NA,NA,NA,NA,NA,NA,NA,NA,NA,NA,NA,NA,NA,NA,NA,NA,NA,NA,NA,NA,NA,NA,NA,NA,NA,NA,NA,NA,NA,NA,NA,NA,NA,NA,NA,NA,NA,NA,NA,NA,NA,NA,NA,0.717928342385789,0.814482587965539,9.65542455797495,4.03686713879666,NA,NA,NA,NA,NA,NA,NA,NA,NA,NA,NA,NA,NA,NA,NA,"indep = independent given the pilot draw; corr = DGP-implied correlation of the two estimates",NA,NA,NA,NA,NA,NA,NA
"grid","Norwegian","joint",NA,NA,6,80,0.81,NA,0.733333333333333,0.0403686713879666,NA,NA,NA,NA,NA,NA,NA,NA,NA,NA,NA,NA,NA,NA,NA,NA,NA,NA,NA,NA,NA,NA,NA,NA,NA,NA,NA,NA,NA,NA,NA,NA,NA,NA,NA,NA,NA,NA,NA,NA,NA,NA,NA,NA,NA,NA,NA,NA,NA,NA,NA,NA,NA,NA,NA,NA,NA,NA,NA,NA,0.717928342385789,0.809804401551195,9.18760591654053,4.03686713879666,NA,NA,NA,NA,NA,NA,NA,NA,NA,NA,NA,NA,NA,NA,NA,"indep = independent given the pilot draw; corr = DGP-implied correlation of the two estimates",NA,NA,NA,NA,NA,NA,NA
"grid","Norwegian","joint",NA,NA,6,80,0.82,NA,0.733333333333333,0.0403686713879666,NA,NA,NA,NA,NA,NA,NA,NA,NA,NA,NA,NA,NA,NA,NA,NA,NA,NA,NA,NA,NA,NA,NA,NA,NA,NA,NA,NA,NA,NA,NA,NA,NA,NA,NA,NA,NA,NA,NA,NA,NA,NA,NA,NA,NA,NA,NA,NA,NA,NA,NA,NA,NA,NA,NA,NA,NA,NA,NA,NA,0.717928342385789,0.805099828885306,8.71714864995167,4.03686713879666,NA,NA,NA,NA,NA,NA,NA,NA,NA,NA,NA,NA,NA,NA,NA,"indep = independent given the pilot draw; corr = DGP-implied correlation of the two estimates",NA,NA,NA,NA,NA,NA,NA
"grid","Norwegian","joint",NA,NA,6,80,0.83,NA,0.733333333333333,0.0403686713879666,NA,NA,NA,NA,NA,NA,NA,NA,NA,NA,NA,NA,NA,NA,NA,NA,NA,NA,NA,NA,NA,NA,NA,NA,NA,NA,NA,NA,NA,NA,NA,NA,NA,NA,NA,NA,NA,NA,NA,NA,NA,NA,NA,NA,NA,NA,NA,NA,NA,NA,NA,NA,NA,NA,NA,NA,NA,NA,NA,NA,0.717928342385789,0.800370799747398,8.24424573616086,4.03686713879666,NA,NA,NA,NA,NA,NA,NA,NA,NA,NA,NA,NA,NA,NA,NA,"indep = independent given the pilot draw; corr = DGP-implied correlation of the two estimates",NA,NA,NA,NA,NA,NA,NA
"grid","Norwegian","joint",NA,NA,6,80,0.84,NA,0.733333333333333,0.0403686713879666,NA,NA,NA,NA,NA,NA,NA,NA,NA,NA,NA,NA,NA,NA,NA,NA,NA,NA,NA,NA,NA,NA,NA,NA,NA,NA,NA,NA,NA,NA,NA,NA,NA,NA,NA,NA,NA,NA,NA,NA,NA,NA,NA,NA,NA,NA,NA,NA,NA,NA,NA,NA,NA,NA,NA,NA,NA,NA,NA,NA,0.717928342385789,0.795619210645149,7.76908682593592,4.03686713879666,NA,NA,NA,NA,NA,NA,NA,NA,NA,NA,NA,NA,NA,NA,NA,"indep = independent given the pilot draw; corr = DGP-implied correlation of the two estimates",NA,NA,NA,NA,NA,NA,NA
"grid","Norwegian","joint",NA,NA,6,80,0.85,NA,0.733333333333333,0.0403686713879666,NA,NA,NA,NA,NA,NA,NA,NA,NA,NA,NA,NA,NA,NA,NA,NA,NA,NA,NA,NA,NA,NA,NA,NA,NA,NA,NA,NA,NA,NA,NA,NA,NA,NA,NA,NA,NA,NA,NA,NA,NA,NA,NA,NA,NA,NA,NA,NA,NA,NA,NA,NA,NA,NA,NA,NA,NA,NA,NA,NA,0.717928342385789,0.790846923308071,7.29185809222817,4.03686713879666,NA,NA,NA,NA,NA,NA,NA,NA,NA,NA,NA,NA,NA,NA,NA,"indep = independent given the pilot draw; corr = DGP-implied correlation of the two estimates",NA,NA,NA,NA,NA,NA,NA
"grid","Norwegian","joint",NA,NA,6,80,0.86,NA,0.733333333333333,0.0403686713879666,NA,NA,NA,NA,NA,NA,NA,NA,NA,NA,NA,NA,NA,NA,NA,NA,NA,NA,NA,NA,NA,NA,NA,NA,NA,NA,NA,NA,NA,NA,NA,NA,NA,NA,NA,NA,NA,NA,NA,NA,NA,NA,NA,NA,NA,NA,NA,NA,NA,NA,NA,NA,NA,NA,NA,NA,NA,NA,NA,NA,0.717928342385789,0.786055763403753,6.81274210179632,4.03686713879666,NA,NA,NA,NA,NA,NA,NA,NA,NA,NA,NA,NA,NA,NA,NA,"indep = independent given the pilot draw; corr = DGP-implied correlation of the two estimates",NA,NA,NA,NA,NA,NA,NA
"grid","Norwegian","joint",NA,NA,6,80,0.87,NA,0.733333333333333,0.0403686713879666,NA,NA,NA,NA,NA,NA,NA,NA,NA,NA,NA,NA,NA,NA,NA,NA,NA,NA,NA,NA,NA,NA,NA,NA,NA,NA,NA,NA,NA,NA,NA,NA,NA,NA,NA,NA,NA,NA,NA,NA,NA,NA,NA,NA,NA,NA,NA,NA,NA,NA,NA,NA,NA,NA,NA,NA,NA,NA,NA,NA,0.717928342385789,0.781247519461362,6.33191770755724,4.03686713879666,NA,NA,NA,NA,NA,NA,NA,NA,NA,NA,NA,NA,NA,NA,NA,"indep = independent given the pilot draw; corr = DGP-implied correlation of the two estimates",NA,NA,NA,NA,NA,NA,NA
"grid","Norwegian","joint",NA,NA,6,80,0.88,NA,0.733333333333333,0.0403686713879666,NA,NA,NA,NA,NA,NA,NA,NA,NA,NA,NA,NA,NA,NA,NA,NA,NA,NA,NA,NA,NA,NA,NA,NA,NA,NA,NA,NA,NA,NA,NA,NA,NA,NA,NA,NA,NA,NA,NA,NA,NA,NA,NA,NA,NA,NA,NA,NA,NA,NA,NA,NA,NA,NA,NA,NA,NA,NA,NA,NA,0.717928342385789,0.776423941987284,5.84955996014951,4.03686713879666,NA,NA,NA,NA,NA,NA,NA,NA,NA,NA,NA,NA,NA,NA,NA,"indep = independent given the pilot draw; corr = DGP-implied correlation of the two estimates",NA,NA,NA,NA,NA,NA,NA
"grid","Norwegian","joint",NA,NA,6,80,0.89,NA,0.733333333333333,0.0403686713879666,NA,NA,NA,NA,NA,NA,NA,NA,NA,NA,NA,NA,NA,NA,NA,NA,NA,NA,NA,NA,NA,NA,NA,NA,NA,NA,NA,NA,NA,NA,NA,NA,NA,NA,NA,NA,NA,NA,NA,NA,NA,NA,NA,NA,NA,NA,NA,NA,NA,NA,NA,NA,NA,NA,NA,NA,NA,NA,NA,NA,0.717928342385789,0.771586742758028,5.3658400372239,4.03686713879666,NA,NA,NA,NA,NA,NA,NA,NA,NA,NA,NA,NA,NA,NA,NA,"indep = independent given the pilot draw; corr = DGP-implied correlation of the two estimates",NA,NA,NA,NA,NA,NA,NA
"grid","Norwegian","joint",NA,NA,6,80,0.9,NA,0.733333333333333,0.0403686713879666,NA,NA,NA,NA,NA,NA,NA,NA,NA,NA,NA,NA,NA,NA,NA,NA,NA,NA,NA,NA,NA,NA,NA,NA,NA,NA,NA,NA,NA,NA,NA,NA,NA,NA,NA,NA,NA,NA,NA,NA,NA,NA,NA,NA,NA,NA,NA,NA,NA,NA,NA,NA,NA,NA,NA,NA,NA,NA,NA,NA,0.717928342385789,0.766737594275918,4.88092518901286,4.03686713879666,NA,NA,NA,NA,NA,NA,NA,NA,NA,NA,NA,NA,NA,NA,NA,"indep = independent given the pilot draw; corr = DGP-implied correlation of the two estimates",NA,NA,NA,NA,NA,NA,NA
"grid","Norwegian","joint",NA,NA,6,80,0.91,NA,0.733333333333333,0.0403686713879666,NA,NA,NA,NA,NA,NA,NA,NA,NA,NA,NA,NA,NA,NA,NA,NA,NA,NA,NA,NA,NA,NA,NA,NA,NA,NA,NA,NA,NA,NA,NA,NA,NA,NA,NA,NA,NA,NA,NA,NA,NA,NA,NA,NA,NA,NA,NA,NA,NA,NA,NA,NA,NA,NA,NA,NA,NA,NA,NA,NA,0.717928342385789,0.76187812937357,4.39497869877806,4.03686713879666,NA,NA,NA,NA,NA,NA,NA,NA,NA,NA,NA,NA,NA,NA,NA,"indep = independent given the pilot draw; corr = DGP-implied correlation of the two estimates",NA,NA,NA,NA,NA,NA,NA
"grid","Norwegian","joint",NA,NA,6,80,0.92,NA,0.733333333333333,0.0403686713879666,NA,NA,NA,NA,NA,NA,NA,NA,NA,NA,NA,NA,NA,NA,NA,NA,NA,NA,NA,NA,NA,NA,NA,NA,NA,NA,NA,NA,NA,NA,NA,NA,NA,NA,NA,NA,NA,NA,NA,NA,NA,NA,NA,NA,NA,NA,NA,NA,NA,NA,NA,NA,NA,NA,NA,NA,NA,NA,NA,NA,0.717928342385789,0.757009940953687,3.90815985678979,4.03686713879666,NA,NA,NA,NA,NA,NA,NA,NA,NA,NA,NA,NA,NA,NA,NA,"indep = independent given the pilot draw; corr = DGP-implied correlation of the two estimates",NA,NA,NA,NA,NA,NA,NA
"grid","Norwegian","joint",NA,NA,6,80,0.93,NA,0.733333333333333,0.0403686713879666,NA,NA,NA,NA,NA,NA,NA,NA,NA,NA,NA,NA,NA,NA,NA,NA,NA,NA,NA,NA,NA,NA,NA,NA,NA,NA,NA,NA,NA,NA,NA,NA,NA,NA,NA,NA,NA,NA,NA,NA,NA,NA,NA,NA,NA,NA,NA,NA,NA,NA,NA,NA,NA,NA,NA,NA,NA,NA,NA,NA,0.717928342385789,0.752134581851307,3.42062394655178,4.03686713879666,NA,NA,NA,NA,NA,NA,NA,NA,NA,NA,NA,NA,NA,NA,NA,"indep = independent given the pilot draw; corr = DGP-implied correlation of the two estimates",NA,NA,NA,NA,NA,NA,NA
"grid","Norwegian","joint",NA,NA,6,80,0.94,NA,0.733333333333333,0.0403686713879666,NA,NA,NA,NA,NA,NA,NA,NA,NA,NA,NA,NA,NA,NA,NA,NA,NA,NA,NA,NA,NA,NA,NA,NA,NA,NA,NA,NA,NA,NA,NA,NA,NA,NA,NA,NA,NA,NA,NA,NA,NA,NA,NA,NA,NA,NA,NA,NA,NA,NA,NA,NA,NA,NA,NA,NA,NA,NA,NA,NA,0.717928342385789,0.747253564806288,2.93252224204982,4.03686713879666,NA,NA,NA,NA,NA,NA,NA,NA,NA,NA,NA,NA,NA,NA,NA,"indep = independent given the pilot draw; corr = DGP-implied correlation of the two estimates",NA,NA,NA,NA,NA,NA,NA
"grid","Norwegian","joint",NA,NA,6,80,0.95,NA,0.733333333333333,0.0403686713879666,NA,NA,NA,NA,NA,NA,NA,NA,NA,NA,NA,NA,NA,NA,NA,NA,NA,NA,NA,NA,NA,NA,NA,NA,NA,NA,NA,NA,NA,NA,NA,NA,NA,NA,NA,NA,NA,NA,NA,NA,NA,NA,NA,NA,NA,NA,NA,NA,NA,NA,NA,NA,NA,NA,NA,NA,NA,NA,NA,NA,0.717928342385789,0.742368362534492,2.44400201487027,4.03686713879666,NA,NA,NA,NA,NA,NA,NA,NA,NA,NA,NA,NA,NA,NA,NA,"indep = independent given the pilot draw; corr = DGP-implied correlation of the two estimates",NA,NA,NA,NA,NA,NA,NA
"grid","Norwegian","joint",NA,NA,6,80,0.96,NA,0.733333333333333,0.0403686713879666,NA,NA,NA,NA,NA,NA,NA,NA,NA,NA,NA,NA,NA,NA,NA,NA,NA,NA,NA,NA,NA,NA,NA,NA,NA,NA,NA,NA,NA,NA,NA,NA,NA,NA,NA,NA,NA,NA,NA,NA,NA,NA,NA,NA,NA,NA,NA,NA,NA,NA,NA,NA,NA,NA,NA,NA,NA,NA,NA,NA,0.717928342385789,0.737480407886836,1.95520655010465,4.03686713879666,NA,NA,NA,NA,NA,NA,NA,NA,NA,NA,NA,NA,NA,NA,NA,"indep = independent given the pilot draw; corr = DGP-implied correlation of the two estimates",NA,NA,NA,NA,NA,NA,NA
"grid","Norwegian","joint",NA,NA,6,80,0.97,NA,0.733333333333333,0.0403686713879666,NA,NA,NA,NA,NA,NA,NA,NA,NA,NA,NA,NA,NA,NA,NA,NA,NA,NA,NA,NA,NA,NA,NA,NA,NA,NA,NA,NA,NA,NA,NA,NA,NA,NA,NA,NA,NA,NA,NA,NA,NA,NA,NA,NA,NA,NA,NA,NA,NA,NA,NA,NA,NA,NA,NA,NA,NA,NA,NA,NA,0.717928342385789,0.73259109408606,1.46627517002702,4.03686713879666,NA,NA,NA,NA,NA,NA,NA,NA,NA,NA,NA,NA,NA,NA,NA,"indep = independent given the pilot draw; corr = DGP-implied correlation of the two estimates",NA,NA,NA,NA,NA,NA,NA
"grid","Norwegian","joint",NA,NA,6,80,0.98,NA,0.733333333333333,0.0403686713879666,NA,NA,NA,NA,NA,NA,NA,NA,NA,NA,NA,NA,NA,NA,NA,NA,NA,NA,NA,NA,NA,NA,NA,NA,NA,NA,NA,NA,NA,NA,NA,NA,NA,NA,NA,NA,NA,NA,NA,NA,NA,NA,NA,NA,NA,NA,NA,NA,NA,NA,NA,NA,NA,NA,NA,NA,NA,NA,NA,NA,0.717928342385789,0.727701775031816,0.977343264602681,4.03686713879666,NA,NA,NA,NA,NA,NA,NA,NA,NA,NA,NA,NA,NA,NA,NA,"indep = independent given the pilot draw; corr = DGP-implied correlation of the two estimates",NA,NA,NA,NA,NA,NA,NA
"grid","Norwegian","joint",NA,NA,6,80,0.99,NA,0.733333333333333,0.0403686713879666,NA,NA,NA,NA,NA,NA,NA,NA,NA,NA,NA,NA,NA,NA,NA,NA,NA,NA,NA,NA,NA,NA,NA,NA,NA,NA,NA,NA,NA,NA,NA,NA,NA,NA,NA,NA,NA,NA,NA,NA,NA,NA,NA,NA,NA,NA,NA,NA,NA,NA,NA,NA,NA,NA,NA,NA,NA,NA,NA,NA,0.717928342385789,0.722813765665355,0.488542327956609,4.03686713879666,NA,NA,NA,NA,NA,NA,NA,NA,NA,NA,NA,NA,NA,NA,NA,"indep = independent given the pilot draw; corr = DGP-implied correlation of the two estimates",NA,NA,NA,NA,NA,NA,NA
"grid","Norwegian","joint",NA,NA,6,80,1,NA,0.733333333333333,0.0403686713879666,NA,NA,NA,NA,NA,NA,NA,NA,NA,NA,NA,NA,NA,NA,NA,NA,NA,NA,NA,NA,NA,NA,NA,NA,NA,NA,NA,NA,NA,NA,NA,NA,NA,NA,NA,NA,NA,NA,NA,NA,NA,NA,NA,NA,NA,NA,NA,NA,NA,NA,NA,NA,NA,NA,NA,NA,NA,NA,NA,NA,0.717928342385789,0.717928342385789,0,4.03686713879666,NA,NA,NA,NA,NA,NA,NA,NA,NA,NA,NA,NA,NA,NA,NA,"indep = independent given the pilot draw; corr = DGP-implied correlation of the two estimates",NA,NA,NA,NA,NA,NA,NA
"grid","Norwegian","h1a",NA,NA,3,80,0.7,NA,0.841666666666667,0.0333246516472027,NA,NA,NA,NA,NA,0.163264236794721,NA,NA,NA,NA,NA,NA,NA,NA,NA,NA,NA,NA,NA,NA,NA,NA,NA,NA,NA,NA,NA,NA,NA,NA,NA,NA,NA,NA,NA,NA,NA,NA,NA,NA,NA,NA,NA,NA,NA,NA,NA,NA,NA,NA,NA,NA,NA,NA,NA,NA,NA,0.243506707934067,0.170454695553847,"ok",0.841666666666667,0.922490918788796,8.08242521221296,3.33246516472027,2.42535924989674,1088.19508641722,1008.19508641722,Inf,Inf,0.221093095278763,0.867976531494694,0.936856774877321,6.88802433826277,Inf,3200,21763.9017283444,NA,NA,NA,NA,NA,NA,NA,NA,NA,NA,NA
"grid","Norwegian","h1a",NA,NA,3,80,0.71,NA,0.841666666666667,0.0333246516472027,NA,NA,NA,NA,NA,0.163264236794721,NA,NA,NA,NA,NA,NA,NA,NA,NA,NA,NA,NA,NA,NA,NA,NA,NA,NA,NA,NA,NA,NA,NA,NA,NA,NA,NA,NA,NA,NA,NA,NA,NA,NA,NA,NA,NA,NA,NA,NA,NA,NA,NA,NA,NA,NA,NA,NA,NA,NA,NA,0.243506707934067,0.172889762633188,"ok",0.841666666666667,0.920128878681258,7.8462212014591,3.33246516472027,2.35447958602074,807.014724854996,727.014724854996,Inf,Inf,0.221093095278763,0.867976531494694,0.934926632931831,6.69501014371372,Inf,3200,16140.2944970999,NA,NA,NA,NA,NA,NA,NA,NA,NA,NA,NA
"grid","Norwegian","h1a",NA,NA,3,80,0.72,NA,0.841666666666667,0.0333246516472027,NA,NA,NA,NA,NA,0.163264236794721,NA,NA,NA,NA,NA,NA,NA,NA,NA,NA,NA,NA,NA,NA,NA,NA,NA,NA,NA,NA,NA,NA,NA,NA,NA,NA,NA,NA,NA,NA,NA,NA,NA,NA,NA,NA,NA,NA,NA,NA,NA,NA,NA,NA,NA,NA,NA,NA,NA,NA,NA,0.243506707934067,0.175324829712528,"ok",0.841666666666667,0.917733926248694,7.60672595820272,3.33246516472027,2.28261229516596,639.444147463511,559.444147463511,Inf,Inf,0.221093095278763,0.867976531494694,0.932964504399603,6.49879729049091,Inf,3200,12788.8829492702,NA,NA,NA,NA,NA,NA,NA,NA,NA,NA,NA
"grid","Norwegian","h1a",NA,NA,3,80,0.73,NA,0.841666666666667,0.0333246516472027,NA,NA,NA,NA,NA,0.163264236794721,NA,NA,NA,NA,NA,NA,NA,NA,NA,NA,NA,NA,NA,NA,NA,NA,NA,NA,NA,NA,NA,NA,NA,NA,NA,NA,NA,NA,NA,NA,NA,NA,NA,NA,NA,NA,NA,NA,NA,NA,NA,NA,NA,NA,NA,NA,NA,NA,NA,NA,NA,0.243506707934067,0.177759896791869,"ok",0.841666666666667,0.915307073937906,7.36404072712394,3.33246516472027,2.20978775864926,528.227610079731,448.227610079731,Inf,Inf,0.221093095278763,0.867976531494694,0.930970988111901,6.29944566172075,Inf,3200,10564.5522015946,NA,NA,NA,NA,NA,NA,NA,NA,NA,NA,NA
"grid","Norwegian","h1a",NA,NA,3,80,0.74,NA,0.841666666666667,0.0333246516472027,NA,NA,NA,NA,NA,0.163264236794721,NA,NA,NA,NA,NA,NA,NA,NA,NA,NA,NA,NA,NA,NA,NA,NA,NA,NA,NA,NA,NA,NA,NA,NA,NA,NA,NA,NA,NA,NA,NA,NA,NA,NA,NA,NA,NA,NA,NA,NA,NA,NA,NA,NA,NA,NA,NA,NA,NA,NA,NA,0.243506707934067,0.18019496387121,"ok",0.841666666666667,0.91284935575358,7.11826890869129,3.33246516472027,2.13603700469254,449.04869853007,369.04869853007,Inf,Inf,0.221093095278763,0.867976531494694,0.928946710292836,6.09701787981425,15703.6557053149,3200,8980.9739706014,NA,NA,NA,NA,NA,NA,NA,NA,NA,NA,NA
"grid","Norwegian","h1a",NA,NA,3,80,0.75,NA,0.841666666666667,0.0333246516472027,NA,NA,NA,NA,NA,0.163264236794721,NA,NA,NA,NA,NA,NA,NA,NA,NA,NA,NA,NA,NA,NA,NA,NA,NA,NA,NA,NA,NA,NA,NA,NA,NA,NA,NA,NA,NA,NA,NA,NA,NA,NA,NA,NA,NA,NA,NA,NA,NA,NA,NA,NA,NA,NA,NA,NA,NA,NA,NA,0.243506707934067,0.18263003095055,"ok",0.841666666666667,0.910361824500146,6.86951578334791,3.33246516472027,2.06139162565696,389.821267872505,309.821267872505,Inf,Inf,0.221093095278763,0.867976531494694,0.926892322835383,5.89157913406897,2034.3294501824,3200,7796.42535745011,NA,NA,NA,NA,NA,NA,NA,NA,NA,NA,NA
"grid","Norwegian","h1a",NA,NA,3,80,0.76,NA,0.841666666666667,0.0333246516472027,NA,NA,NA,NA,NA,0.163264236794721,NA,NA,NA,NA,NA,NA,NA,NA,NA,NA,NA,NA,NA,NA,NA,NA,NA,NA,NA,NA,NA,NA,NA,NA,NA,NA,NA,NA,NA,NA,NA,NA,NA,NA,NA,NA,NA,NA,NA,NA,NA,NA,NA,NA,NA,NA,NA,NA,NA,NA,NA,0.243506707934067,0.185065098029891,"ok",0.841666666666667,0.907845549076822,6.61788824101557,3.33246516472027,1.98588369687312,343.859086247699,263.859086247699,Inf,Inf,0.221093095278763,0.867976531494694,0.924808501556977,5.68319700622829,1046.04018429739,3200,6877.18172495397,NA,NA,NA,NA,NA,NA,NA,NA,NA,NA,NA
"grid","Norwegian","h1a",NA,NA,3,80,0.77,NA,0.841666666666667,0.0333246516472027,NA,NA,NA,NA,NA,0.163264236794721,NA,NA,NA,NA,NA,NA,NA,NA,NA,NA,NA,NA,NA,NA,NA,NA,NA,NA,NA,NA,NA,NA,NA,NA,NA,NA,NA,NA,NA,NA,NA,NA,NA,NA,NA,NA,NA,NA,NA,NA,NA,NA,NA,NA,NA,NA,NA,NA,NA,NA,NA,0.243506707934067,0.187500165109232,"ok",0.841666666666667,0.905301611835482,6.36349451688148,3.33246516472027,1.90954569735634,307.163095014111,227.163095014111,Inf,Inf,0.221093095278763,0.867976531494694,0.922695944442685,5.47194129479913,684.134326648064,3200,6143.26190028222,NA,NA,NA,NA,NA,NA,NA,NA,NA,NA,NA
"grid","Norwegian","h1a",NA,NA,3,80,0.78,NA,0.841666666666667,0.0333246516472027,NA,NA,NA,NA,NA,0.163264236794721,NA,NA,NA,NA,NA,NA,NA,NA,NA,NA,NA,NA,NA,NA,NA,NA,NA,NA,NA,NA,NA,NA,NA,NA,NA,NA,NA,NA,NA,NA,NA,NA,NA,NA,NA,NA,NA,NA,NA,NA,NA,NA,NA,NA,NA,NA,NA,NA,NA,NA,NA,0.243506707934067,0.189935232188572,"ok",0.841666666666667,0.902731106009964,6.10644393432969,3.33246516472027,1.83241043266608,277.194710979242,197.194710979242,Inf,Inf,0.221093095278763,0.867976531494694,0.920555369883671,5.25788383889776,496.444905157276,3200,5543.89421958485,NA,NA,NA,NA,NA,NA,NA,NA,NA,NA,NA
"grid","Norwegian","h1a",NA,NA,3,80,0.79,NA,0.841666666666667,0.0333246516472027,NA,NA,NA,NA,NA,0.163264236794721,NA,NA,NA,NA,NA,NA,NA,NA,NA,NA,NA,NA,NA,NA,NA,NA,NA,NA,NA,NA,NA,NA,NA,NA,NA,NA,NA,NA,NA,NA,NA,NA,NA,NA,NA,NA,NA,NA,NA,NA,NA,NA,NA,NA,NA,NA,NA,NA,NA,NA,NA,0.243506707934067,0.192370299267913,"ok",0.841666666666667,0.900135133224422,5.84684665577555,3.33246516472027,1.75451096013673,252.264895492677,172.264895492677,Inf,Inf,0.221093095278763,0.867976531494694,0.918387514918256,5.04109834235621,381.601671371467,3200,5045.29790985353,NA,NA,NA,NA,NA,NA,NA,NA,NA,NA,NA
"grid","Norwegian","h1a",NA,NA,3,80,0.8,NA,0.841666666666667,0.0333246516472027,NA,NA,NA,NA,NA,0.163264236794721,NA,NA,NA,NA,NA,NA,NA,NA,NA,NA,NA,NA,NA,NA,NA,NA,NA,NA,NA,NA,NA,NA,NA,NA,NA,NA,NA,NA,NA,NA,NA,NA,NA,NA,NA,NA,NA,NA,NA,NA,NA,NA,NA,NA,NA,NA,NA,NA,NA,NA,NA,0.243506707934067,0.194805366347254,"ok",0.841666666666667,0.897514801087286,5.58481344206194,3.33246516472027,1.67588051667773,231.206217431942,151.206217431942,Inf,Inf,0.221093095278763,0.867976531494694,0.916193133482523,4.82166019878295,304.103219474736,3200,4624.12434863884,NA,NA,NA,NA,NA,NA,NA,NA,NA,NA,NA
"grid","Norwegian","h1a",NA,NA,3,80,0.81,NA,0.841666666666667,0.0333246516472027,NA,NA,NA,NA,NA,0.163264236794721,NA,NA,NA,NA,NA,NA,NA,NA,NA,NA,NA,NA,NA,NA,NA,NA,NA,NA,NA,NA,NA,NA,NA,NA,NA,NA,NA,NA,NA,NA,NA,NA,NA,NA,NA,NA,NA,NA,NA,NA,NA,NA,NA,NA,NA,NA,NA,NA,NA,NA,NA,0.243506707934067,0.197240433426594,"ok",0.841666666666667,0.894871220876435,5.32045542097682,3.33246516472027,1.59655244931073,213.185935278512,133.185935278512,Inf,Inf,0.221093095278763,0.867976531494694,0.913972994676978,4.59964631822845,248.292747547739,3200,4263.71870557024,NA,NA,NA,NA,NA,NA,NA,NA,NA,NA,NA
"grid","Norwegian","h1a",NA,NA,3,80,0.82,NA,0.841666666666667,0.0333246516472027,NA,NA,NA,NA,NA,0.163264236794721,NA,NA,NA,NA,NA,NA,NA,NA,NA,NA,NA,NA,NA,NA,NA,NA,NA,NA,NA,NA,NA,NA,NA,NA,NA,NA,NA,NA,NA,NA,NA,NA,NA,NA,NA,NA,NA,NA,NA,NA,NA,NA,NA,NA,NA,NA,NA,NA,NA,NA,NA,0.243506707934067,0.199675500505935,"ok",0.841666666666667,0.892205505320254,5.05388386535877,3.33246516472027,1.51656014858388,197.594081991467,117.594081991467,Inf,Inf,0.221093095278763,0.867976531494694,0.911727881055312,4.37513495606179,206.19224015309,3200,3951.88163982934,NA,NA,NA,NA,NA,NA,NA,NA,NA,NA,NA
"grid","Norwegian","h1a",NA,NA,3,80,0.83,NA,0.841666666666667,0.0333246516472027,NA,NA,NA,NA,NA,0.163264236794721,NA,NA,NA,NA,NA,NA,NA,NA,NA,NA,NA,NA,NA,NA,NA,NA,NA,NA,NA,NA,NA,NA,NA,NA,NA,NA,NA,NA,NA,NA,NA,NA,NA,NA,NA,NA,NA,NA,NA,NA,NA,NA,NA,NA,NA,NA,NA,NA,NA,NA,NA,0.243506707934067,0.202110567585276,"ok",0.841666666666667,0.889518766478333,4.7852099811666,3.33246516472027,1.43593698497619,183.973642030541,103.973642030541,Inf,Inf,0.221093095278763,0.867976531494694,0.909458586940876,4.14820554461824,173.309107404871,3200,3679.47284061083,NA,NA,NA,NA,NA,NA,NA,NA,NA,NA,NA
"grid","Norwegian","h1a",NA,NA,3,80,0.84,NA,0.841666666666667,0.0333246516472027,NA,NA,NA,NA,NA,0.163264236794721,NA,NA,NA,NA,NA,NA,NA,NA,NA,NA,NA,NA,NA,NA,NA,NA,NA,NA,NA,NA,NA,NA,NA,NA,NA,NA,NA,NA,NA,NA,NA,NA,NA,NA,NA,NA,NA,NA,NA,NA,NA,NA,NA,NA,NA,NA,NA,NA,NA,NA,NA,0.243506707934067,0.204545634664616,"ok",0.841666666666667,0.886812113724713,4.51454470580467,3.33246516472027,1.35471624837934,171.975440291643,91.9754402916433,Inf,Inf,0.221093095278763,0.867976531494694,0.907165916775996,3.91893852813024,146.920221393016,3200,3439.50880583287,NA,NA,NA,NA,NA,NA,NA,NA,NA,NA,NA
"grid","Norwegian","h1a",NA,NA,3,80,0.85,NA,0.841666666666667,0.0333246516472027,NA,NA,NA,NA,NA,0.163264236794721,NA,NA,NA,NA,NA,NA,NA,NA,NA,NA,NA,NA,NA,NA,NA,NA,NA,NA,NA,NA,NA,NA,NA,NA,NA,NA,NA,NA,NA,NA,NA,NA,NA,NA,NA,NA,NA,NA,NA,NA,NA,NA,NA,NA,NA,NA,NA,NA,NA,NA,NA,0.243506707934067,0.206980701743957,"ok",0.841666666666667,0.88408665183582,4.24199851691538,3.33246516472027,1.27293109072048,161.32810754231,81.3281075423097,Inf,Inf,0.221093095278763,0.867976531494694,0.904850683508757,3.68741520140634,125.27885387706,3200,3226.56215084619,NA,NA,NA,NA,NA,NA,NA,NA,NA,NA,NA
"grid","Norwegian","h1a",NA,NA,3,80,0.86,NA,0.841666666666667,0.0333246516472027,NA,NA,NA,NA,NA,0.163264236794721,NA,NA,NA,NA,NA,NA,NA,NA,NA,NA,NA,NA,NA,NA,NA,NA,NA,NA,NA,NA,NA,NA,NA,NA,NA,NA,NA,NA,NA,NA,NA,NA,NA,NA,NA,NA,NA,NA,NA,NA,NA,NA,NA,NA,NA,NA,NA,NA,NA,NA,NA,0.243506707934067,0.209415768823298,"ok",0.841666666666667,0.881343479184434,3.96768125177672,3.33246516472027,1.19061447176741,151.817554046991,71.8175540469907,Inf,Inf,0.221093095278763,0.867976531494694,0.902513707021445,3.45371755267515,107.213060054329,3200,3036.35108093981,NA,NA,NA,NA,NA,NA,NA,NA,NA,NA,NA
"grid","Norwegian","h1a",NA,NA,3,80,0.87,NA,0.841666666666667,0.0333246516472027,NA,NA,NA,NA,NA,0.163264236794721,NA,NA,NA,NA,NA,NA,NA,NA,NA,NA,NA,NA,NA,NA,NA,NA,NA,NA,NA,NA,NA,NA,NA,NA,NA,NA,NA,NA,NA,NA,NA,NA,NA,NA,NA,NA,NA,NA,NA,NA,NA,NA,NA,NA,NA,NA,NA,NA,NA,NA,NA,0.243506707934067,0.211850835902638,"ok",0.841666666666667,0.878583686040402,3.69170193737356,3.33246516472027,1.10779910813665,143.272615656183,63.2726156561828,Inf,Inf,0.221093095278763,0.867976531494694,0.900155812604334,3.21792811096405,91.9072272973548,3200,2865.45231312366,NA,NA,NA,NA,NA,NA,NA,NA,NA,NA,NA
"grid","Norwegian","h1a",NA,NA,3,80,0.88,NA,0.841666666666667,0.0333246516472027,NA,NA,NA,NA,NA,0.163264236794721,NA,NA,NA,NA,NA,NA,NA,NA,NA,NA,NA,NA,NA,NA,NA,NA,NA,NA,NA,NA,NA,NA,NA,NA,NA,NA,NA,NA,NA,NA,NA,NA,NA,NA,NA,NA,NA,NA,NA,NA,NA,NA,NA,NA,NA,NA,NA,NA,NA,NA,NA,0.243506707934067,0.214285902981979,"ok",0.841666666666667,0.875808352978154,3.4141686311487,3.33246516472027,1.02451742550632,135.554810244005,55.5548102440054,1680.78892879231,1600.78892879231,0.221093095278763,0.867976531494694,0.897777829478054,2.98012979833602,78.7762148923903,3200,2711.09620488011,NA,NA,NA,NA,NA,NA,NA,NA,NA,NA,NA
"grid","Norwegian","h1a",NA,NA,3,80,0.89,NA,0.841666666666667,0.0333246516472027,NA,NA,NA,NA,NA,0.163264236794721,NA,NA,NA,NA,NA,NA,NA,NA,NA,NA,NA,NA,NA,NA,NA,NA,NA,NA,NA,NA,NA,NA,NA,NA,NA,NA,NA,NA,NA,NA,NA,NA,NA,NA,NA,NA,NA,NA,NA,NA,NA,NA,NA,NA,NA,NA,NA,NA,NA,NA,NA,0.243506707934067,0.21672097006132,"ok",0.841666666666667,0.873018549390488,3.13518827238214,3.33246516472027,0.940801514018321,128.550893848516,48.550893848516,654.023157814718,574.023157814718,0.221093095278763,0.867976531494694,0.895380589367326,2.74040578726319,67.3893200734721,3200,2571.01787697032,NA,NA,NA,NA,NA,NA,NA,NA,NA,NA,NA
"grid","Norwegian","h1a",NA,NA,3,80,0.9,NA,0.841666666666667,0.0333246516472027,NA,NA,NA,NA,NA,0.163264236794721,NA,NA,NA,NA,NA,NA,NA,NA,NA,NA,NA,NA,NA,NA,NA,NA,NA,NA,NA,NA,NA,NA,NA,NA,NA,NA,NA,NA,NA,NA,NA,NA,NA,NA,NA,NA,NA,NA,NA,NA,NA,NA,NA,NA,NA,NA,NA,NA,NA,NA,NA,0.243506707934067,0.21915603714066,"ok",0.841666666666667,0.870215332107622,2.85486654409552,3.33246516472027,0.856683086838859,122.167362681734,42.1673626817338,404.270535131823,324.270535131823,0.221093095278763,0.867976531494694,0.892964925128418,2.49883936337238,57.4224816835043,3200,2443.34725363468,NA,NA,NA,NA,NA,NA,NA,NA,NA,NA,NA
"grid","Norwegian","h1a",NA,NA,3,80,0.91,NA,0.841666666666667,0.0333246516472027,NA,NA,NA,NA,NA,0.163264236794721,NA,NA,NA,NA,NA,NA,NA,NA,NA,NA,NA,NA,NA,NA,NA,NA,NA,NA,NA,NA,NA,NA,NA,NA,NA,NA,NA,NA,NA,NA,NA,NA,NA,NA,NA,NA,NA,NA,NA,NA,NA,NA,NA,NA,NA,NA,NA,NA,NA,NA,NA,0.243506707934067,0.221591104220001,"ok",0.841666666666667,0.867399744119984,2.57330774533178,3.33246516472027,0.772193441832357,116.326332347262,36.3263323472625,291.652456444837,211.652456444837,0.221093095278763,0.867976531494694,0.890531669432257,2.25551379375636,48.6271998545297,3200,2326.52664694525,NA,NA,NA,NA,NA,NA,NA,NA,NA,NA,NA
"grid","Norwegian","h1a",NA,NA,3,80,0.92,NA,0.841666666666667,0.0333246516472027,NA,NA,NA,NA,NA,0.163264236794721,NA,NA,NA,NA,NA,NA,NA,NA,NA,NA,NA,NA,NA,NA,NA,NA,NA,NA,NA,NA,NA,NA,NA,NA,NA,NA,NA,NA,NA,NA,NA,NA,NA,NA,NA,NA,NA,NA,NA,NA,NA,NA,NA,NA,NA,NA,NA,NA,NA,NA,NA,0.243506707934067,0.224026171299342,"ok",0.841666666666667,0.864572813402858,2.29061467361917,3.33246516472027,0.687363426291495,110.962407918924,30.962407918924,227.560282398326,147.560282398326,0.221093095278763,0.867976531494694,0.888081653504742,2.01051220100487,40.8097268475694,3200,2219.24815837848,NA,NA,NA,NA,NA,NA,NA,NA,NA,NA,NA
"grid","Norwegian","h1a",NA,NA,3,80,0.93,NA,0.841666666666667,0.0333246516472027,NA,NA,NA,NA,NA,0.163264236794721,NA,NA,NA,NA,NA,NA,NA,NA,NA,NA,NA,NA,NA,NA,NA,NA,NA,NA,NA,NA,NA,NA,NA,NA,NA,NA,NA,NA,NA,NA,NA,NA,NA,NA,NA,NA,NA,NA,NA,NA,NA,NA,NA,NA,NA,NA,NA,NA,NA,NA,NA,0.243506707934067,0.226461238378682,"ok",0.841666666666667,0.861735551840594,2.00688851739272,3.33246516472027,0.60222340465521,106.020277625539,26.0202776255393,186.195621570316,106.195621570316,0.221093095278763,0.867976531494694,0.885615705925421,1.76391744307273,33.8167757346587,3200,2120.40555251079,NA,NA,NA,NA,NA,NA,NA,NA,NA,NA,NA
"grid","Norwegian","h1a",NA,NA,3,80,0.94,NA,0.841666666666667,0.0333246516472027,NA,NA,NA,NA,NA,0.163264236794721,NA,NA,NA,NA,NA,NA,NA,NA,NA,NA,NA,NA,NA,NA,NA,NA,NA,NA,NA,NA,NA,NA,NA,NA,NA,NA,NA,NA,NA,NA,NA,NA,NA,NA,NA,NA,NA,NA,NA,NA,NA,NA,NA,NA,NA,NA,NA,NA,NA,NA,NA,0.243506707934067,0.228896305458023,"ok",0.841666666666667,0.858888954247807,1.72222875811403,3.33246516472027,0.51680322913701,101.452842212066,21.4528422120656,157.294403183728,77.2944031837283,0.221093095278763,0.867976531494694,0.883134651485361,1.51581199906676,27.5254833213564,3200,2029.05684424131,NA,NA,NA,NA,NA,NA,NA,NA,NA,NA,NA
"grid","Norwegian","h1a",NA,NA,3,80,0.95,NA,0.841666666666667,0.0333246516472027,NA,NA,NA,NA,NA,0.163264236794721,NA,NA,NA,NA,NA,NA,NA,NA,NA,NA,NA,NA,NA,NA,NA,NA,NA,NA,NA,NA,NA,NA,NA,NA,NA,NA,NA,NA,NA,NA,NA,NA,NA,NA,NA,NA,NA,NA,NA,NA,NA,NA,NA,NA,NA,NA,NA,NA,NA,NA,NA,0.243506707934067,0.231331372537364,"ok",0.841666666666667,0.85603399748471,1.43673308180438,3.33246516472027,0.431132213177982,97.2197458320519,17.2197458320519,135.964350103303,55.9643501033032,0.221093095278763,0.867976531494694,0.880639310104703,1.26627786100091,21.8362196784762,3200,1944.39491664104,NA,NA,NA,NA,NA,NA,NA,NA,NA,NA,NA
"grid","Norwegian","h1a",NA,NA,3,80,0.96,NA,0.841666666666667,0.0333246516472027,NA,NA,NA,NA,NA,0.163264236794721,NA,NA,NA,NA,NA,NA,NA,NA,NA,NA,NA,NA,NA,NA,NA,NA,NA,NA,NA,NA,NA,NA,NA,NA,NA,NA,NA,NA,NA,NA,NA,NA,NA,NA,NA,NA,NA,NA,NA,NA,NA,NA,NA,NA,NA,NA,NA,NA,NA,NA,NA,0.243506707934067,0.233766439616704,"ok",0.841666666666667,0.853171639663492,1.15049729968248,3.33246516472027,0.34523910763192,93.2862113921382,13.2862113921382,119.577360037424,39.5773600374242,0.221093095278763,0.867976531494694,0.878130495810078,1.01539643153844,16.6673449162783,3200,1865.72422784276,NA,NA,NA,NA,NA,NA,NA,NA,NA,NA,NA
"grid","Norwegian","h1a",NA,NA,3,80,0.97,NA,0.841666666666667,0.0333246516472027,NA,NA,NA,NA,NA,0.163264236794721,NA,NA,NA,NA,NA,NA,NA,NA,NA,NA,NA,NA,NA,NA,NA,NA,NA,NA,NA,NA,NA,NA,NA,NA,NA,NA,NA,NA,NA,NA,NA,NA,NA,NA,NA,NA,NA,NA,NA,NA,NA,NA,NA,NA,NA,NA,NA,NA,NA,NA,NA,0.243506707934067,0.236201506696045,"ok",0.841666666666667,0.850302819442469,0.863615277580199,3.33246516472027,0.259152079584511,89.6221091978631,9.62210919786311,106.595499211843,26.5954992118427,0.221093095278763,0.867976531494694,0.875609015771818,0.763248427712482,11.9513245516495,3200,1792.44218395726,NA,NA,NA,NA,NA,NA,NA,NA,NA,NA,NA
"grid","Norwegian","h1a",NA,NA,3,80,0.98,NA,0.841666666666667,0.0333246516472027,NA,NA,NA,NA,NA,0.163264236794721,NA,NA,NA,NA,NA,NA,NA,NA,NA,NA,NA,NA,NA,NA,NA,NA,NA,NA,NA,NA,NA,NA,NA,NA,NA,NA,NA,NA,NA,NA,NA,NA,NA,NA,NA,NA,NA,NA,NA,NA,NA,NA,NA,NA,NA,NA,NA,NA,NA,NA,NA,0.243506707934067,0.238636573775386,"ok",0.841666666666667,0.847428455404606,0.57617887379392,3.33246516472027,0.17289869370391,86.201206139487,6.20120613948701,96.0588466871984,16.0588466871984,0.221093095278763,0.867976531494694,0.873075669400594,0.509913790590077,7.63180976904253,3200,1724.02412278974,NA,NA,NA,NA,NA,NA,NA,NA,NA,NA,NA
"grid","Norwegian","h1a",NA,NA,3,80,0.99,NA,0.841666666666667,0.0333246516472027,NA,NA,NA,NA,NA,0.163264236794721,NA,NA,NA,NA,NA,NA,NA,NA,NA,NA,NA,NA,NA,NA,NA,NA,NA,NA,NA,NA,NA,NA,NA,NA,NA,NA,NA,NA,NA,NA,NA,NA,NA,NA,NA,NA,NA,NA,NA,NA,NA,NA,NA,NA,NA,NA,NA,NA,NA,NA,NA,0.243506707934067,0.241071640854726,"ok",0.841666666666667,0.84454944551685,0.288277885018284,3.33246516472027,0.0865058960166154,83.0005558663193,3.00055586631927,87.3372697455997,7.33726974559967,0.221093095278763,0.867976531494694,0.870531247502915,0.255471600822088,3.66141407900969,3200,1660.01111732639,NA,NA,NA,NA,NA,NA,NA,NA,NA,NA,NA
"grid","Norwegian","h1a",NA,NA,3,80,1,NA,0.841666666666667,0.0333246516472027,NA,NA,NA,NA,NA,0.163264236794721,NA,NA,NA,NA,NA,NA,NA,NA,NA,NA,NA,NA,NA,NA,NA,NA,NA,NA,NA,NA,NA,NA,NA,NA,NA,NA,NA,NA,NA,NA,NA,NA,NA,NA,NA,NA,NA,NA,NA,NA,NA,NA,NA,NA,NA,NA,NA,NA,NA,NA,NA,0.243506707934067,0.243506707934067,"ok",0.841666666666667,0.841666666666667,0,3.33246516472027,0,80,0,80,0,0.221093095278763,0.867976531494694,0.867976531494694,0,0,3200,1600,NA,NA,NA,NA,NA,NA,NA,NA,NA,NA,NA
"grid","Norwegian","h1b",NA,NA,3,80,0.7,NA,0.983333333333333,0.0116864910933126,NA,NA,NA,NA,NA,0.084089409001989,NA,NA,NA,NA,NA,NA,NA,NA,NA,NA,NA,NA,NA,NA,NA,NA,NA,NA,NA,NA,NA,NA,NA,NA,NA,NA,NA,NA,NA,NA,NA,NA,NA,NA,NA,NA,NA,NA,NA,NA,NA,NA,NA,NA,NA,NA,NA,NA,NA,NA,NA,0.155254160474015,0.108677912331811,"ok",0.983333333333333,0.996924116538258,1.35907832049246,1.16864910933126,1.16294815068157,287.482346173886,207.482346173886,598.820023188715,518.820023188715,0.161850456290927,0.979962535510052,0.996243139792643,1.6280604282591,185.397435443062,3200,5749.64692347773,NA,NA,NA,NA,NA,NA,NA,NA,NA,NA,NA
"grid","Norwegian","h1b",NA,NA,3,80,0.71,NA,0.983333333333333,0.0116864910933126,NA,NA,NA,NA,NA,0.084089409001989,NA,NA,NA,NA,NA,NA,NA,NA,NA,NA,NA,NA,NA,NA,NA,NA,NA,NA,NA,NA,NA,NA,NA,NA,NA,NA,NA,NA,NA,NA,NA,NA,NA,NA,NA,NA,NA,NA,NA,NA,NA,NA,NA,NA,NA,NA,NA,NA,NA,NA,NA,0.155254160474015,0.110230453936551,"ok",0.983333333333333,0.996707557776273,1.33742244429398,1.16864910933126,1.14441745911166,268.248034531441,188.248034531441,507.776638572863,427.776638572863,0.161850456290927,0.979962535510052,0.995977153274529,1.60146177644767,169.416996053788,3200,5364.96069062883,NA,NA,NA,NA,NA,NA,NA,NA,NA,NA,NA
"grid","Norwegian","h1b",NA,NA,3,80,0.72,NA,0.983333333333333,0.0116864910933126,NA,NA,NA,NA,NA,0.084089409001989,NA,NA,NA,NA,NA,NA,NA,NA,NA,NA,NA,NA,NA,NA,NA,NA,NA,NA,NA,NA,NA,NA,NA,NA,NA,NA,NA,NA,NA,NA,NA,NA,NA,NA,NA,NA,NA,NA,NA,NA,NA,NA,NA,NA,NA,NA,NA,NA,NA,NA,NA,0.155254160474015,0.111782995541291,"ok",0.983333333333333,0.996478574560925,1.31452412275916,1.16864910933126,1.1248236209339,251.202657122793,171.202657122793,439.940252197386,359.940252197386,0.161850456290927,0.979962535510052,0.995696164429794,1.57336289197418,155.062365440588,3200,5024.05314245585,NA,NA,NA,NA,NA,NA,NA,NA,NA,NA,NA
"grid","Norwegian","h1b",NA,NA,3,80,0.73,NA,0.983333333333333,0.0116864910933126,NA,NA,NA,NA,NA,0.084089409001989,NA,NA,NA,NA,NA,NA,NA,NA,NA,NA,NA,NA,NA,NA,NA,NA,NA,NA,NA,NA,NA,NA,NA,NA,NA,NA,NA,NA,NA,NA,NA,NA,NA,NA,NA,NA,NA,NA,NA,NA,NA,NA,NA,NA,NA,NA,NA,NA,NA,NA,NA,0.155254160474015,0.113335537146031,"ok",0.983333333333333,0.996236708022327,1.29033746889942,1.16864910933126,1.10412737116429,235.996890570991,155.996890570991,387.454368316132,307.454368316132,0.161850456290927,0.979962535510052,0.99539966074664,1.54371252365882,142.101064853868,3200,4719.93781141982,NA,NA,NA,NA,NA,NA,NA,NA,NA,NA,NA
"grid","Norwegian","h1b",NA,NA,3,80,0.74,NA,0.983333333333333,0.0116864910933126,NA,NA,NA,NA,NA,0.084089409001989,NA,NA,NA,NA,NA,NA,NA,NA,NA,NA,NA,NA,NA,NA,NA,NA,NA,NA,NA,NA,NA,NA,NA,NA,NA,NA,NA,NA,NA,NA,NA,NA,NA,NA,NA,NA,NA,NA,NA,NA,NA,NA,NA,NA,NA,NA,NA,NA,NA,NA,NA,0.155254160474015,0.114888078750771,"ok",0.983333333333333,0.995981500324085,1.26481669907516,1.16864910933126,1.08228953325342,222.351869591714,142.351869591714,345.648879854883,265.648879854883,0.161850456290927,0.979962535510052,0.99508713484568,1.51245993356277,130.342819866075,3200,4447.03739183428,NA,NA,NA,NA,NA,NA,NA,NA,NA,NA,NA
"grid","Norwegian","h1b",NA,NA,3,80,0.75,NA,0.983333333333333,0.0116864910933126,NA,NA,NA,NA,NA,0.084089409001989,NA,NA,NA,NA,NA,NA,NA,NA,NA,NA,NA,NA,NA,NA,NA,NA,NA,NA,NA,NA,NA,NA,NA,NA,NA,NA,NA,NA,NA,NA,NA,NA,NA,NA,NA,NA,NA,NA,NA,NA,NA,NA,NA,NA,NA,NA,NA,NA,NA,NA,NA,0.155254160474015,0.116440620355512,"ok",0.983333333333333,0.995712495744579,1.23791624112453,1.16864910933126,1.059271111611,210.042279709207,130.042279709207,311.573395238863,231.573395238863,0.161850456290927,0.979962535510052,0.994758085800749,1.47955502906973,119.630402614846,3200,4200.84559418414,NA,NA,NA,NA,NA,NA,NA,NA,NA,NA,NA
"grid","Norwegian","h1b",NA,NA,3,80,0.76,NA,0.983333333333333,0.0116864910933126,NA,NA,NA,NA,NA,0.084089409001989,NA,NA,NA,NA,NA,NA,NA,NA,NA,NA,NA,NA,NA,NA,NA,NA,NA,NA,NA,NA,NA,NA,NA,NA,NA,NA,NA,NA,NA,NA,NA,NA,NA,NA,NA,NA,NA,NA,NA,NA,NA,NA,NA,NA,NA,NA,NA,NA,NA,NA,NA,0.155254160474015,0.117993161960252,"ok",0.983333333333333,0.99542924176181,1.20959084284766,1.16864910933126,1.03503338443464,198.884095379712,118.884095379712,283.272392896382,203.272392896382,0.161850456290927,0.979962535510052,0.994412020440731,1.44494849306791,109.832759237754,3200,3977.68190759424,NA,NA,NA,NA,NA,NA,NA,NA,NA,NA,NA
"grid","Norwegian","h1b",NA,NA,3,80,0.77,NA,0.983333333333333,0.0116864910933126,NA,NA,NA,NA,NA,0.084089409001989,NA,NA,NA,NA,NA,NA,NA,NA,NA,NA,NA,NA,NA,NA,NA,NA,NA,NA,NA,NA,NA,NA,NA,NA,NA,NA,NA,NA,NA,NA,NA,NA,NA,NA,NA,NA,NA,NA,NA,NA,NA,NA,NA,NA,NA,NA,NA,NA,NA,NA,NA,0.155254160474015,0.119545703564992,"ok",0.983333333333333,0.995131290135677,1.17979568023434,1.16864910933126,1.00953799631907,188.725539645969,108.725539645969,259.398492289888,179.398492289888,0.161850456290927,0.979962535510052,0.994048454625133,1.40859191150815,100.839783792712,3200,3774.51079291938,NA,NA,NA,NA,NA,NA,NA,NA,NA,NA,NA
"grid","Norwegian","h1b",NA,NA,3,80,0.78,NA,0.983333333333333,0.0116864910933126,NA,NA,NA,NA,NA,0.084089409001989,NA,NA,NA,NA,NA,NA,NA,NA,NA,NA,NA,NA,NA,NA,NA,NA,NA,NA,NA,NA,NA,NA,NA,NA,NA,NA,NA,NA,NA,NA,NA,NA,NA,NA,NA,NA,NA,NA,NA,NA,NA,NA,NA,NA,NA,NA,NA,NA,NA,NA,NA,0.155254160474015,0.121098245169732,"ok",0.983333333333333,0.994818197981737,1.14848646484036,1.16864910933126,0.982747050136856,179.44031930585,99.4403193058503,238.99310814961,158.99310814961,0.161850456290927,0.979962535510052,0.993666914486632,1.37043789765803,92.5582961435272,3200,3588.80638611701,NA,NA,NA,NA,NA,NA,NA,NA,NA,NA,NA
"grid","Norwegian","h1b",NA,NA,3,80,0.79,NA,0.983333333333333,0.0116864910933126,NA,NA,NA,NA,NA,0.084089409001989,NA,NA,NA,NA,NA,NA,NA,NA,NA,NA,NA,NA,NA,NA,NA,NA,NA,NA,NA,NA,NA,NA,NA,NA,NA,NA,NA,NA,NA,NA,NA,NA,NA,NA,NA,NA,NA,NA,NA,NA,NA,NA,NA,NA,NA,NA,NA,NA,NA,NA,NA,0.155254160474015,0.122650786774472,"ok",0.983333333333333,0.994489528830735,1.11561954974021,1.16864910933126,0.954623197700981,170.922494283286,90.922494283286,221.355653871529,141.355653871529,0.161850456290927,0.979962535510052,0.993266937634256,1.33044021242043,84.9089121892811,3200,3418.44988566572,NA,NA,NA,NA,NA,NA,NA,NA,NA,NA,NA
"grid","Norwegian","h1b",NA,NA,3,80,0.8,NA,0.983333333333333,0.0116864910933126,NA,NA,NA,NA,NA,0.084089409001989,NA,NA,NA,NA,NA,NA,NA,NA,NA,NA,NA,NA,NA,NA,NA,NA,NA,NA,NA,NA,NA,NA,NA,NA,NA,NA,NA,NA,NA,NA,NA,NA,NA,NA,NA,NA,NA,NA,NA,NA,NA,NA,NA,NA,NA,NA,NA,NA,NA,NA,NA,0.155254160474015,0.124203328379212,"ok",0.983333333333333,0.994144853668442,1.08115203351085,1.16864910933126,0.925129728742546,163.082538456878,83.0825384568783,205.962218369959,125.962218369959,0.161850456290927,0.979962535510052,0.992848074311421,1.28855388013689,77.8235837080881,3200,3261.65076913757,NA,NA,NA,NA,NA,NA,NA,NA,NA,NA,NA
"grid","Norwegian","h1b",NA,NA,3,80,0.81,NA,0.983333333333333,0.0116864910933126,NA,NA,NA,NA,NA,0.084089409001989,NA,NA,NA,NA,NA,NA,NA,NA,NA,NA,NA,NA,NA,NA,NA,NA,NA,NA,NA,NA,NA,NA,NA,NA,NA,NA,NA,NA,NA,NA,NA,NA,NA,NA,NA,NA,NA,NA,NA,NA,NA,NA,NA,NA,NA,NA,NA,NA,NA,NA,NA,0.155254160474015,0.125755869983953,"ok",0.983333333333333,0.993783751950661,1.04504186173278,1.16864910933126,0.894230657764147,155.844281179167,75.8442811791672,192.413179027264,112.413179027264,0.161850456290927,0.979962535510052,0.992409888503554,1.24473529935024,71.2436464332916,3200,3116.88562358334,NA,NA,NA,NA,NA,NA,NA,NA,NA,NA,NA
"grid","Norwegian","h1b",NA,NA,3,80,0.82,NA,0.983333333333333,0.0116864910933126,NA,NA,NA,NA,NA,0.084089409001989,NA,NA,NA,NA,NA,NA,NA,NA,NA,NA,NA,NA,NA,NA,NA,NA,NA,NA,NA,NA,NA,NA,NA,NA,NA,NA,NA,NA,NA,NA,NA,NA,NA,NA,NA,NA,NA,NA,NA,NA,NA,NA,NA,NA,NA,NA,NA,NA,NA,NA,NA,0.155254160474015,0.127308411588693,"ok",0.983333333333333,0.993405812588624,1.00724792552903,1.16864910933126,0.861890808358561,149.142508028218,69.1425080282175,180.39841128465,100.39841128465,0.161850456290927,0.979962535510052,0.99195195899062,1.19894234805682,65.1182579509668,3200,2982.85016056435,NA,NA,NA,NA,NA,NA,NA,NA,NA,NA,NA
"grid","Norwegian","h1b",NA,NA,3,80,0.83,NA,0.983333333333333,0.0116864910933126,NA,NA,NA,NA,NA,0.084089409001989,NA,NA,NA,NA,NA,NA,NA,NA,NA,NA,NA,NA,NA,NA,NA,NA,NA,NA,NA,NA,NA,NA,NA,NA,NA,NA,NA,NA,NA,NA,NA,NA,NA,NA,NA,NA,NA,NA,NA,NA,NA,NA,NA,NA,NA,NA,NA,NA,NA,NA,NA,0.155254160474015,0.128860953193433,"ok",0.983333333333333,0.993010634900325,0.967730156699209,1.16864910933126,0.828075894613891,142.921060769286,62.9210607692856,169.673564692748,89.6735646927481,0.161850456290927,0.979962535510052,0.991473880340403,1.15113448303508,59.4031375210796,3200,2858.42121538571,NA,NA,NA,NA,NA,NA,NA,NA,NA,NA,NA
"grid","Norwegian","h1b",NA,NA,3,80,0.84,NA,0.983333333333333,0.0116864910933126,NA,NA,NA,NA,NA,0.084089409001989,NA,NA,NA,NA,NA,NA,NA,NA,NA,NA,NA,NA,NA,NA,NA,NA,NA,NA,NA,NA,NA,NA,NA,NA,NA,NA,NA,NA,NA,NA,NA,NA,NA,NA,NA,NA,NA,NA,NA,NA,NA,NA,NA,NA,NA,NA,NA,NA,NA,NA,NA,0.155254160474015,0.130413494798173,"ok",0.983333333333333,0.992597829523777,0.926449619044389,1.16864910933126,0.792752599259273,137.131319409268,57.1313194092682,160.043505376163,80.0435053761634,0.161850456290927,0.979962535510052,0.990975263838992,1.10127283289396,54.0595418682768,3200,2742.62638818536,NA,NA,NA,NA,NA,NA,NA,NA,NA,NA,NA
"grid","Norwegian","h1b",NA,NA,3,80,0.85,NA,0.983333333333333,0.0116864910933126,NA,NA,NA,NA,NA,0.084089409001989,NA,NA,NA,NA,NA,NA,NA,NA,NA,NA,NA,NA,NA,NA,NA,NA,NA,NA,NA,NA,NA,NA,NA,NA,NA,NA,NA,NA,NA,NA,NA,NA,NA,NA,NA,NA,NA,NA,NA,NA,NA,NA,NA,NA,NA,NA,NA,NA,NA,NA,NA,0.155254160474015,0.131966036402913,"ok",0.983333333333333,0.992167019288517,0.88336859551833,1.16864910933126,0.755888648239183,131.730979609685,51.7309796096849,151.35052037958,71.3505203795802,0.161850456290927,0.979962535510052,0.990455738355459,1.04932028454071,49.0534269554109,3200,2634.6195921937,NA,NA,NA,NA,NA,NA,NA,NA,NA,NA,NA
"grid","Norwegian","h1b",NA,NA,3,80,0.86,NA,0.983333333333333,0.0116864910933126,NA,NA,NA,NA,NA,0.084089409001989,NA,NA,NA,NA,NA,NA,NA,NA,NA,NA,NA,NA,NA,NA,NA,NA,NA,NA,NA,NA,NA,NA,NA,NA,NA,NA,NA,NA,NA,NA,NA,NA,NA,NA,NA,NA,NA,NA,NA,NA,NA,NA,NA,NA,NA,NA,NA,NA,NA,NA,NA,0.155254160474015,0.133518578007653,"ok",0.983333333333333,0.991717840042143,0.838450670880952,1.16864910933126,0.717452881439102,126.683060518174,46.6830605181739,143.465759231785,63.465759231785,0.161850456290927,0.979962535510052,0.989914951138282,0.995241562822979,44.3547574990379,3200,2533.66121036348,NA,NA,NA,NA,NA,NA,NA,NA,NA,NA,NA
"grid","Norwegian","h1b",NA,NA,3,80,0.87,NA,0.983333333333333,0.0116864910933126,NA,NA,NA,NA,NA,0.084089409001989,NA,NA,NA,NA,NA,NA,NA,NA,NA,NA,NA,NA,NA,NA,NA,NA,NA,NA,NA,NA,NA,NA,NA,NA,NA,NA,NA,NA,NA,NA,NA,NA,NA,NA,NA,NA,NA,NA,NA,NA,NA,NA,NA,NA,NA,NA,NA,NA,NA,NA,NA,0.155254160474015,0.135071119612393,"ok",0.983333333333333,0.991249941429037,0.791660809570394,1.16864910933126,0.677415319319765,121.955093899423,41.9550938994234,136.282921567809,56.2829215678092,0.161850456290927,0.979962535510052,0.989352568541593,0.939003303154107,39.9369347156893,3200,2439.10187798847,NA,NA,NA,NA,NA,NA,NA,NA,NA,NA,NA
"grid","Norwegian","h1b",NA,NA,3,80,0.88,NA,0.983333333333333,0.0116864910933126,NA,NA,NA,NA,NA,0.084089409001989,NA,NA,NA,NA,NA,NA,NA,NA,NA,NA,NA,NA,NA,NA,NA,NA,NA,NA,NA,NA,NA,NA,NA,NA,NA,NA,NA,NA,NA,NA,NA,NA,NA,NA,NA,NA,NA,NA,NA,NA,NA,NA,NA,NA,NA,NA,NA,NA,NA,NA,NA,0.155254160474015,0.136623661217134,"ok",0.983333333333333,0.990762987618841,0.742965428550757,1.16864910933126,0.635747225252161,117.518457059402,37.5184570594016,129.713531937726,49.7135319377261,0.161850456290927,0.979962535510052,0.988768276679876,0.880574116982424,35.7763193376215,3200,2350.36914118803,NA,NA,NA,NA,NA,NA,NA,NA,NA,NA,NA
"grid","Norwegian","h1b",NA,NA,3,80,0.89,NA,0.983333333333333,0.0116864910933126,NA,NA,NA,NA,NA,0.084089409001989,NA,NA,NA,NA,NA,NA,NA,NA,NA,NA,NA,NA,NA,NA,NA,NA,NA,NA,NA,NA,NA,NA,NA,NA,NA,NA,NA,NA,NA,NA,NA,NA,NA,NA,NA,NA,NA,NA,NA,NA,NA,NA,NA,NA,NA,NA,NA,NA,NA,NA,NA,0.155254160474015,0.138176202821874,"ok",0.983333333333333,0.990256657982657,0.692332464932355,1.16864910933126,0.592421163379426,113.347820669582,33.3478206695821,123.683354934305,43.6833549343051,0.161850456290927,0.979962535510052,0.988161782010209,0.819924650015724,31.8518318953544,3200,2266.95641339164,NA,NA,NA,NA,NA,NA,NA,NA,NA,NA,NA
"grid","Norwegian","h1b",NA,NA,3,80,0.9,NA,0.983333333333333,0.0116864910933126,NA,NA,NA,NA,NA,0.084089409001989,NA,NA,NA,NA,NA,NA,NA,NA,NA,NA,NA,NA,NA,NA,NA,NA,NA,NA,NA,NA,NA,NA,NA,NA,NA,NA,NA,NA,NA,NA,NA,NA,NA,NA,NA,NA,NA,NA,NA,NA,NA,NA,NA,NA,NA,NA,NA,NA,NA,NA,NA,0.155254160474015,0.139728744426614,"ok",0.983333333333333,0.989730647715341,0.639731438200764,1.16864910933126,0.547411051865551,109.420689047726,29.4206890477259,118.129641999763,38.1296419997626,0.161850456290927,0.979962535510052,0.987532811841646,0.757027633159413,28.1446160499067,3200,2188.41378095452,NA,NA,NA,NA,NA,NA,NA,NA,NA,NA,NA
"grid","Norwegian","h1b",NA,NA,3,80,0.91,NA,0.983333333333333,0.0116864910933126,NA,NA,NA,NA,NA,0.084089409001989,NA,NA,NA,NA,NA,NA,NA,NA,NA,NA,NA,NA,NA,NA,NA,NA,NA,NA,NA,NA,NA,NA,NA,NA,NA,NA,NA,NA,NA,NA,NA,NA,NA,NA,NA,NA,NA,NA,NA,NA,NA,NA,NA,NA,NA,NA,NA,NA,NA,NA,NA,0.155254160474015,0.141281286031354,"ok",0.983333333333333,0.989184668402621,0.585133506928726,1.16864910933126,0.500692211423118,105.717015325839,25.7170153258385,112.998993188282,32.9989931882817,0.161850456290927,0.979962535510052,0.986881114771776,0.691857926172401,24.6377536706265,3200,2114.34030651677,NA,NA,NA,NA,NA,NA,NA,NA,NA,NA,NA
"grid","Norwegian","h1b",NA,NA,3,80,0.92,NA,0.983333333333333,0.0116864910933126,NA,NA,NA,NA,NA,0.084089409001989,NA,NA,NA,NA,NA,NA,NA,NA,NA,NA,NA,NA,NA,NA,NA,NA,NA,NA,NA,NA,NA,NA,NA,NA,NA,NA,NA,NA,NA,NA,NA,NA,NA,NA,NA,NA,NA,NA,NA,NA,NA,NA,NA,NA,NA,NA,NA,NA,NA,NA,NA,0.155254160474015,0.142833827636094,"ok",0.983333333333333,0.988618448532154,0.528511519882091,1.16864910933126,0.452241409044091,102.218877650642,22.2188776506416,108.245679387185,28.2456793871849,0.161850456290927,0.979962535510052,0.986206461050917,0.624392554086506,21.3160226128304,3200,2044.37755301283,NA,NA,NA,NA,NA,NA,NA,NA,NA,NA,NA
"grid","Norwegian","h1b",NA,NA,3,80,0.93,NA,0.983333333333333,0.0116864910933126,NA,NA,NA,NA,NA,0.084089409001989,NA,NA,NA,NA,NA,NA,NA,NA,NA,NA,NA,NA,NA,NA,NA,NA,NA,NA,NA,NA,NA,NA,NA,NA,NA,NA,NA,NA,NA,NA,NA,NA,NA,NA,NA,NA,NA,NA,NA,NA,NA,NA,NA,NA,NA,NA,NA,NA,NA,NA,NA,0.155254160474015,0.144386369240834,"ok",0.983333333333333,0.988031733947993,0.469840061465998,1.16864910933126,0.402036896887601,98.9102054157893,18.9102054157893,103.830313322379,23.830313322379,0.161850456290927,0.979962535510052,0.985508642874801,0.554610736474936,18.1656899125827,3200,1978.20410831579,NA,NA,NA,NA,NA,NA,NA,NA,NA,NA,NA
"grid","Norwegian","h1b",NA,NA,3,80,0.94,NA,0.983333333333333,0.0116864910933126,NA,NA,NA,NA,NA,0.084089409001989,NA,NA,NA,NA,NA,NA,NA,NA,NA,NA,NA,NA,NA,NA,NA,NA,NA,NA,NA,NA,NA,NA,NA,NA,NA,NA,NA,NA,NA,NA,NA,NA,NA,NA,NA,NA,NA,NA,NA,NA,NA,NA,NA,NA,NA,NA,NA,NA,NA,NA,NA,0.155254160474015,0.145938910845575,"ok",0.983333333333333,0.987424288248246,0.40909549149124,1.16864910933126,0.350058446307582,95.7765467342027,15.7765467342027,99.7187875905083,19.7187875905083,0.161850456290927,0.979962535510052,0.984787474606967,0.482493909691528,15.174334501663,3200,1915.53093468405,NA,NA,NA,NA,NA,NA,NA,NA,NA,NA,NA
"grid","Norwegian","h1b",NA,NA,3,80,0.95,NA,0.983333333333333,0.0116864910933126,NA,NA,NA,NA,NA,0.084089409001989,NA,NA,NA,NA,NA,NA,NA,NA,NA,NA,NA,NA,NA,NA,NA,NA,NA,NA,NA,NA,NA,NA,NA,NA,NA,NA,NA,NA,NA,NA,NA,NA,NA,NA,NA,NA,NA,NA,NA,NA,NA,NA,NA,NA,NA,NA,NA,NA,NA,NA,NA,0.155254160474015,0.147491452450315,"ok",0.983333333333333,0.986795893126058,0.346255979272514,1.16864910933126,0.296287377030265,92.8048700811798,12.8048700811798,95.8814191528923,15.8814191528923,0.161850456290927,0.979962535510052,0.984042792932406,0.408025742235418,12.3306946417505,3200,1856.0974016236,NA,NA,NA,NA,NA,NA,NA,NA,NA,NA,NA
"grid","Norwegian","h1b",NA,NA,3,80,0.96,NA,0.983333333333333,0.0116864910933126,NA,NA,NA,NA,NA,0.084089409001989,NA,NA,NA,NA,NA,NA,NA,NA,NA,NA,NA,NA,NA,NA,NA,NA,NA,NA,NA,NA,NA,NA,NA,NA,NA,NA,NA,NA,NA,NA,NA,NA,NA,NA,NA,NA,NA,NA,NA,NA,NA,NA,NA,NA,NA,NA,NA,NA,NA,NA,NA,0.155254160474015,0.149043994055055,"ok",0.983333333333333,0.986146348654332,0.281301532099854,1.16864910933126,0.240706581516863,89.983394390723,9.98339439072303,92.2922549328358,12.2922549328358,0.161850456290927,0.979962535510052,0.983274456944311,0.331192143425874,9.62453614888955,3200,1799.66788781446,NA,NA,NA,NA,NA,NA,NA,NA,NA,NA,NA
"grid","Norwegian","h1b",NA,NA,3,80,0.97,NA,0.983333333333333,0.0116864910933126,NA,NA,NA,NA,NA,0.084089409001989,NA,NA,NA,NA,NA,NA,NA,NA,NA,NA,NA,NA,NA,NA,NA,NA,NA,NA,NA,NA,NA,NA,NA,NA,NA,NA,NA,NA,NA,NA,NA,NA,NA,NA,NA,NA,NA,NA,NA,NA,NA,NA,NA,NA,NA,NA,NA,NA,NA,NA,NA,0.155254160474015,0.150596535659795,"ok",0.983333333333333,0.98547547351486,0.214214018152625,1.16864910933126,0.183300544570822,87.3014429553101,7.30144295531009,88.9285041998462,8.92850419984616,0.161850456290927,0.979962535510052,0.98248234816604,0.251981265598844,7.0465381770946,3200,1746.0288591062,NA,NA,NA,NA,NA,NA,NA,NA,NA,NA,NA
"grid","Norwegian","h1b",NA,NA,3,80,0.98,NA,0.983333333333333,0.0116864910933126,NA,NA,NA,NA,NA,0.084089409001989,NA,NA,NA,NA,NA,NA,NA,NA,NA,NA,NA,NA,NA,NA,NA,NA,NA,NA,NA,NA,NA,NA,NA,NA,NA,NA,NA,NA,NA,NA,NA,NA,NA,NA,NA,NA,NA,NA,NA,NA,NA,NA,NA,NA,NA,NA,NA,NA,NA,NA,NA,0.155254160474015,0.152149077264535,"ok",0.983333333333333,0.98478310517284,0.144977183950712,1.16864910933126,0.124055358270604,84.7493173278914,4.74931732789136,85.7700715315171,5.77007153151709,0.161850456290927,0.979962535510052,0.981666370510654,0.170383500060245,4.58819389136158,3200,1694.98634655783,NA,NA,NA,NA,NA,NA,NA,NA,NA,NA,NA
"grid","Norwegian","h1b",NA,NA,3,80,0.99,NA,0.983333333333333,0.0116864910933126,NA,NA,NA,NA,NA,0.084089409001989,NA,NA,NA,NA,NA,NA,NA,NA,NA,NA,NA,NA,NA,NA,NA,NA,NA,NA,NA,NA,NA,NA,NA,NA,NA,NA,NA,NA,NA,NA,NA,NA,NA,NA,NA,NA,NA,NA,NA,NA,NA,NA,NA,NA,NA,NA,NA,NA,NA,NA,NA,0.155254160474015,0.153701618869275,"ok",0.983333333333333,0.984069099997945,0.0735766664611726,1.16864910933126,0.0629587323292238,82.3181881031347,2.31818810313467,82.7991701581318,2.79917015813177,0.161850456290927,0.979962535510052,0.980826450180566,0.0863914670514276,2.24172381435548,3200,1646.36376206269,NA,NA,NA,NA,NA,NA,NA,NA,NA,NA,NA
"grid","Norwegian","h1b",NA,NA,3,80,1,NA,0.983333333333333,0.0116864910933126,NA,NA,NA,NA,NA,0.084089409001989,NA,NA,NA,NA,NA,NA,NA,NA,NA,NA,NA,NA,NA,NA,NA,NA,NA,NA,NA,NA,NA,NA,NA,NA,NA,NA,NA,NA,NA,NA,NA,NA,NA,NA,NA,NA,NA,NA,NA,NA,NA,NA,NA,NA,NA,NA,NA,NA,NA,NA,NA,0.155254160474015,0.155254160474015,"ok",0.983333333333333,0.983333333333333,0,1.16864910933126,0,80,0,80,0,0.161850456290927,0.979962535510052,0.979962535510052,0,0,3200,1600,NA,NA,NA,NA,NA,NA,NA,NA,NA,NA,NA
"grid","Norwegian","joint",NA,NA,3,80,0.7,NA,0.841666666666667,0.0333246516472027,NA,NA,NA,NA,NA,NA,NA,NA,NA,NA,NA,NA,NA,NA,NA,NA,NA,NA,NA,NA,NA,NA,NA,NA,NA,NA,NA,NA,NA,NA,NA,NA,NA,NA,NA,NA,NA,NA,NA,NA,NA,NA,NA,NA,NA,NA,NA,NA,NA,NA,NA,NA,NA,NA,NA,NA,NA,NA,NA,NA,0.829268582794396,0.920093636586197,9.08250537918015,3.33246516472027,NA,NA,NA,NA,NA,NA,NA,NA,NA,NA,NA,NA,NA,NA,NA,"indep = independent given the pilot draw; corr = DGP-implied correlation of the two estimates",NA,NA,NA,NA,NA,NA,NA
"grid","Norwegian","joint",NA,NA,3,80,0.71,NA,0.841666666666667,0.0333246516472027,NA,NA,NA,NA,NA,NA,NA,NA,NA,NA,NA,NA,NA,NA,NA,NA,NA,NA,NA,NA,NA,NA,NA,NA,NA,NA,NA,NA,NA,NA,NA,NA,NA,NA,NA,NA,NA,NA,NA,NA,NA,NA,NA,NA,NA,NA,NA,NA,NA,NA,NA,NA,NA,NA,NA,NA,NA,NA,NA,NA,0.829268582794396,0.917564396000601,8.82958132062052,3.33246516472027,NA,NA,NA,NA,NA,NA,NA,NA,NA,NA,NA,NA,NA,NA,NA,"indep = independent given the pilot draw; corr = DGP-implied correlation of the two estimates",NA,NA,NA,NA,NA,NA,NA
"grid","Norwegian","joint",NA,NA,3,80,0.72,NA,0.841666666666667,0.0333246516472027,NA,NA,NA,NA,NA,NA,NA,NA,NA,NA,NA,NA,NA,NA,NA,NA,NA,NA,NA,NA,NA,NA,NA,NA,NA,NA,NA,NA,NA,NA,NA,NA,NA,NA,NA,NA,NA,NA,NA,NA,NA,NA,NA,NA,NA,NA,NA,NA,NA,NA,NA,NA,NA,NA,NA,NA,NA,NA,NA,NA,0.829268582794396,0.914993014008957,8.5724431214561,3.33246516472027,NA,NA,NA,NA,NA,NA,NA,NA,NA,NA,NA,NA,NA,NA,NA,"indep = independent given the pilot draw; corr = DGP-implied correlation of the two estimates",NA,NA,NA,NA,NA,NA,NA
"grid","Norwegian","joint",NA,NA,3,80,0.73,NA,0.841666666666667,0.0333246516472027,NA,NA,NA,NA,NA,NA,NA,NA,NA,NA,NA,NA,NA,NA,NA,NA,NA,NA,NA,NA,NA,NA,NA,NA,NA,NA,NA,NA,NA,NA,NA,NA,NA,NA,NA,NA,NA,NA,NA,NA,NA,NA,NA,NA,NA,NA,NA,NA,NA,NA,NA,NA,NA,NA,NA,NA,NA,NA,NA,NA,0.829268582794396,0.912380204761726,8.31116219673296,3.33246516472027,NA,NA,NA,NA,NA,NA,NA,NA,NA,NA,NA,NA,NA,NA,NA,"indep = independent given the pilot draw; corr = DGP-implied correlation of the two estimates",NA,NA,NA,NA,NA,NA,NA
"grid","Norwegian","joint",NA,NA,3,80,0.74,NA,0.841666666666667,0.0333246516472027,NA,NA,NA,NA,NA,NA,NA,NA,NA,NA,NA,NA,NA,NA,NA,NA,NA,NA,NA,NA,NA,NA,NA,NA,NA,NA,NA,NA,NA,NA,NA,NA,NA,NA,NA,NA,NA,NA,NA,NA,NA,NA,NA,NA,NA,NA,NA,NA,NA,NA,NA,NA,NA,NA,NA,NA,NA,NA,NA,NA,0.829268582794396,0.909726708846426,8.04581260520296,3.33246516472027,NA,NA,NA,NA,NA,NA,NA,NA,NA,NA,NA,NA,NA,NA,NA,"indep = independent given the pilot draw; corr = DGP-implied correlation of the two estimates",NA,NA,NA,NA,NA,NA,NA
"grid","Norwegian","joint",NA,NA,3,80,0.75,NA,0.841666666666667,0.0333246516472027,NA,NA,NA,NA,NA,NA,NA,NA,NA,NA,NA,NA,NA,NA,NA,NA,NA,NA,NA,NA,NA,NA,NA,NA,NA,NA,NA,NA,NA,NA,NA,NA,NA,NA,NA,NA,NA,NA,NA,NA,NA,NA,NA,NA,NA,NA,NA,NA,NA,NA,NA,NA,NA,NA,NA,NA,NA,NA,NA,NA,0.829268582794396,0.907033291397464,7.77647086030683,3.33246516472027,NA,NA,NA,NA,NA,NA,NA,NA,NA,NA,NA,NA,NA,NA,NA,"indep = independent given the pilot draw; corr = DGP-implied correlation of the two estimates",NA,NA,NA,NA,NA,NA,NA
"grid","Norwegian","joint",NA,NA,3,80,0.76,NA,0.841666666666667,0.0333246516472027,NA,NA,NA,NA,NA,NA,NA,NA,NA,NA,NA,NA,NA,NA,NA,NA,NA,NA,NA,NA,NA,NA,NA,NA,NA,NA,NA,NA,NA,NA,NA,NA,NA,NA,NA,NA,NA,NA,NA,NA,NA,NA,NA,NA,NA,NA,NA,NA,NA,NA,NA,NA,NA,NA,NA,NA,NA,NA,NA,NA,0.829268582794396,0.904300740245907,7.50321574515113,3.33246516472027,NA,NA,NA,NA,NA,NA,NA,NA,NA,NA,NA,NA,NA,NA,NA,"indep = independent given the pilot draw; corr = DGP-implied correlation of the two estimates",NA,NA,NA,NA,NA,NA,NA
"grid","Norwegian","joint",NA,NA,3,80,0.77,NA,0.841666666666667,0.0333246516472027,NA,NA,NA,NA,NA,NA,NA,NA,NA,NA,NA,NA,NA,NA,NA,NA,NA,NA,NA,NA,NA,NA,NA,NA,NA,NA,NA,NA,NA,NA,NA,NA,NA,NA,NA,NA,NA,NA,NA,NA,NA,NA,NA,NA,NA,NA,NA,NA,NA,NA,NA,NA,NA,NA,NA,NA,NA,NA,NA,NA,0.829268582794396,0.901529864113652,7.22612813192565,3.33246516472027,NA,NA,NA,NA,NA,NA,NA,NA,NA,NA,NA,NA,NA,NA,NA,"indep = independent given the pilot draw; corr = DGP-implied correlation of the two estimates",NA,NA,NA,NA,NA,NA,NA
"grid","Norwegian","joint",NA,NA,3,80,0.78,NA,0.841666666666667,0.0333246516472027,NA,NA,NA,NA,NA,NA,NA,NA,NA,NA,NA,NA,NA,NA,NA,NA,NA,NA,NA,NA,NA,NA,NA,NA,NA,NA,NA,NA,NA,NA,NA,NA,NA,NA,NA,NA,NA,NA,NA,NA,NA,NA,NA,NA,NA,NA,NA,NA,NA,NA,NA,NA,NA,NA,NA,NA,NA,NA,NA,NA,0.829268582794396,0.898721490855701,6.94529080613053,3.33246516472027,NA,NA,NA,NA,NA,NA,NA,NA,NA,NA,NA,NA,NA,NA,NA,"indep = independent given the pilot draw; corr = DGP-implied correlation of the two estimates",NA,NA,NA,NA,NA,NA,NA
"grid","Norwegian","joint",NA,NA,3,80,0.79,NA,0.841666666666667,0.0333246516472027,NA,NA,NA,NA,NA,NA,NA,NA,NA,NA,NA,NA,NA,NA,NA,NA,NA,NA,NA,NA,NA,NA,NA,NA,NA,NA,NA,NA,NA,NA,NA,NA,NA,NA,NA,NA,NA,NA,NA,NA,NA,NA,NA,NA,NA,NA,NA,NA,NA,NA,NA,NA,NA,NA,NA,NA,NA,NA,NA,NA,0.829268582794396,0.895876465753507,6.66078829591107,3.33246516472027,NA,NA,NA,NA,NA,NA,NA,NA,NA,NA,NA,NA,NA,NA,NA,"indep = independent given the pilot draw; corr = DGP-implied correlation of the two estimates",NA,NA,NA,NA,NA,NA,NA
"grid","Norwegian","joint",NA,NA,3,80,0.8,NA,0.841666666666667,0.0333246516472027,NA,NA,NA,NA,NA,NA,NA,NA,NA,NA,NA,NA,NA,NA,NA,NA,NA,NA,NA,NA,NA,NA,NA,NA,NA,NA,NA,NA,NA,NA,NA,NA,NA,NA,NA,NA,NA,NA,NA,NA,NA,NA,NA,NA,NA,NA,NA,NA,NA,NA,NA,NA,NA,NA,NA,NA,NA,NA,NA,NA,0.829268582794396,0.892995649861715,6.3727067067319,3.33246516472027,NA,NA,NA,NA,NA,NA,NA,NA,NA,NA,NA,NA,NA,NA,NA,"indep = independent given the pilot draw; corr = DGP-implied correlation of the two estimates",NA,NA,NA,NA,NA,NA,NA
"grid","Norwegian","joint",NA,NA,3,80,0.81,NA,0.841666666666667,0.0333246516472027,NA,NA,NA,NA,NA,NA,NA,NA,NA,NA,NA,NA,NA,NA,NA,NA,NA,NA,NA,NA,NA,NA,NA,NA,NA,NA,NA,NA,NA,NA,NA,NA,NA,NA,NA,NA,NA,NA,NA,NA,NA,NA,NA,NA,NA,NA,NA,NA,NA,NA,NA,NA,NA,NA,NA,NA,NA,NA,NA,NA,0.829268582794396,0.890079918410012,6.08113356156163,3.33246516472027,NA,NA,NA,NA,NA,NA,NA,NA,NA,NA,NA,NA,NA,NA,NA,"indep = independent given the pilot draw; corr = DGP-implied correlation of the two estimates",NA,NA,NA,NA,NA,NA,NA
"grid","Norwegian","joint",NA,NA,3,80,0.82,NA,0.841666666666667,0.0333246516472027,NA,NA,NA,NA,NA,NA,NA,NA,NA,NA,NA,NA,NA,NA,NA,NA,NA,NA,NA,NA,NA,NA,NA,NA,NA,NA,NA,NA,NA,NA,NA,NA,NA,NA,NA,NA,NA,NA,NA,NA,NA,NA,NA,NA,NA,NA,NA,NA,NA,NA,NA,NA,NA,NA,NA,NA,NA,NA,NA,NA,0.829268582794396,0.887130159261238,5.78615764668423,3.33246516472027,NA,NA,NA,NA,NA,NA,NA,NA,NA,NA,NA,NA,NA,NA,NA,"indep = independent given the pilot draw; corr = DGP-implied correlation of the two estimates",NA,NA,NA,NA,NA,NA,NA
"grid","Norwegian","joint",NA,NA,3,80,0.83,NA,0.841666666666667,0.0333246516472027,NA,NA,NA,NA,NA,NA,NA,NA,NA,NA,NA,NA,NA,NA,NA,NA,NA,NA,NA,NA,NA,NA,NA,NA,NA,NA,NA,NA,NA,NA,NA,NA,NA,NA,NA,NA,NA,NA,NA,NA,NA,NA,NA,NA,NA,NA,NA,NA,NA,NA,NA,NA,NA,NA,NA,NA,NA,NA,NA,NA,0.829268582794396,0.884147271426438,5.48786886320417,3.33246516472027,NA,NA,NA,NA,NA,NA,NA,NA,NA,NA,NA,NA,NA,NA,NA,"indep = independent given the pilot draw; corr = DGP-implied correlation of the two estimates",NA,NA,NA,NA,NA,NA,NA
"grid","Norwegian","joint",NA,NA,3,80,0.84,NA,0.841666666666667,0.0333246516472027,NA,NA,NA,NA,NA,NA,NA,NA,NA,NA,NA,NA,NA,NA,NA,NA,NA,NA,NA,NA,NA,NA,NA,NA,NA,NA,NA,NA,NA,NA,NA,NA,NA,NA,NA,NA,NA,NA,NA,NA,NA,NA,NA,NA,NA,NA,NA,NA,NA,NA,NA,NA,NA,NA,NA,NA,NA,NA,NA,NA,0.829268582794396,0.881132163637081,5.18635808426848,3.33246516472027,NA,NA,NA,NA,NA,NA,NA,NA,NA,NA,NA,NA,NA,NA,NA,"indep = independent given the pilot draw; corr = DGP-implied correlation of the two estimates",NA,NA,NA,NA,NA,NA,NA
"grid","Norwegian","joint",NA,NA,3,80,0.85,NA,0.841666666666667,0.0333246516472027,NA,NA,NA,NA,NA,NA,NA,NA,NA,NA,NA,NA,NA,NA,NA,NA,NA,NA,NA,NA,NA,NA,NA,NA,NA,NA,NA,NA,NA,NA,NA,NA,NA,NA,NA,NA,NA,NA,NA,NA,NA,NA,NA,NA,NA,NA,NA,NA,NA,NA,NA,NA,NA,NA,NA,NA,NA,NA,NA,NA,0.829268582794396,0.878085752974301,4.88171701799053,3.33246516472027,NA,NA,NA,NA,NA,NA,NA,NA,NA,NA,NA,NA,NA,NA,NA,"indep = independent given the pilot draw; corr = DGP-implied correlation of the two estimates",NA,NA,NA,NA,NA,NA,NA
"grid","Norwegian","joint",NA,NA,3,80,0.86,NA,0.841666666666667,0.0333246516472027,NA,NA,NA,NA,NA,NA,NA,NA,NA,NA,NA,NA,NA,NA,NA,NA,NA,NA,NA,NA,NA,NA,NA,NA,NA,NA,NA,NA,NA,NA,NA,NA,NA,NA,NA,NA,NA,NA,NA,NA,NA,NA,NA,NA,NA,NA,NA,NA,NA,NA,NA,NA,NA,NA,NA,NA,NA,NA,NA,NA,0.829268582794396,0.875008963554669,4.57403807602733,3.33246516472027,NA,NA,NA,NA,NA,NA,NA,NA,NA,NA,NA,NA,NA,NA,NA,"indep = independent given the pilot draw; corr = DGP-implied correlation of the two estimates",NA,NA,NA,NA,NA,NA,NA
"grid","Norwegian","joint",NA,NA,3,80,0.87,NA,0.841666666666667,0.0333246516472027,NA,NA,NA,NA,NA,NA,NA,NA,NA,NA,NA,NA,NA,NA,NA,NA,NA,NA,NA,NA,NA,NA,NA,NA,NA,NA,NA,NA,NA,NA,NA,NA,NA,NA,NA,NA,NA,NA,NA,NA,NA,NA,NA,NA,NA,NA,NA,NA,NA,NA,NA,NA,NA,NA,NA,NA,NA,NA,NA,NA,0.829268582794396,0.871902725271731,4.26341424773352,3.33246516472027,NA,NA,NA,NA,NA,NA,NA,NA,NA,NA,NA,NA,NA,NA,NA,"indep = independent given the pilot draw; corr = DGP-implied correlation of the two estimates",NA,NA,NA,NA,NA,NA,NA
"grid","Norwegian","joint",NA,NA,3,80,0.88,NA,0.841666666666667,0.0333246516472027,NA,NA,NA,NA,NA,NA,NA,NA,NA,NA,NA,NA,NA,NA,NA,NA,NA,NA,NA,NA,NA,NA,NA,NA,NA,NA,NA,NA,NA,NA,NA,NA,NA,NA,NA,NA,NA,NA,NA,NA,NA,NA,NA,NA,NA,NA,NA,NA,NA,NA,NA,NA,NA,NA,NA,NA,NA,NA,NA,NA,0.829268582794396,0.868767972592315,3.94993897979187,3.33246516472027,NA,NA,NA,NA,NA,NA,NA,NA,NA,NA,NA,NA,NA,NA,NA,"indep = independent given the pilot draw; corr = DGP-implied correlation of the two estimates",NA,NA,NA,NA,NA,NA,NA
"grid","Norwegian","joint",NA,NA,3,80,0.89,NA,0.841666666666667,0.0333246516472027,NA,NA,NA,NA,NA,NA,NA,NA,NA,NA,NA,NA,NA,NA,NA,NA,NA,NA,NA,NA,NA,NA,NA,NA,NA,NA,NA,NA,NA,NA,NA,NA,NA,NA,NA,NA,NA,NA,NA,NA,NA,NA,NA,NA,NA,NA,NA,NA,NA,NA,NA,NA,NA,NA,NA,NA,NA,NA,NA,NA,0.829268582794396,0.865605643406402,3.63370606120065,3.33246516472027,NA,NA,NA,NA,NA,NA,NA,NA,NA,NA,NA,NA,NA,NA,NA,"indep = independent given the pilot draw; corr = DGP-implied correlation of the two estimates",NA,NA,NA,NA,NA,NA,NA
"grid","Norwegian","joint",NA,NA,3,80,0.9,NA,0.841666666666667,0.0333246516472027,NA,NA,NA,NA,NA,NA,NA,NA,NA,NA,NA,NA,NA,NA,NA,NA,NA,NA,NA,NA,NA,NA,NA,NA,NA,NA,NA,NA,NA,NA,NA,NA,NA,NA,NA,NA,NA,NA,NA,NA,NA,NA,NA,NA,NA,NA,NA,NA,NA,NA,NA,NA,NA,NA,NA,NA,NA,NA,NA,NA,0.829268582794396,0.862416677929224,3.3148095134828,3.33246516472027,NA,NA,NA,NA,NA,NA,NA,NA,NA,NA,NA,NA,NA,NA,NA,"indep = independent given the pilot draw; corr = DGP-implied correlation of the two estimates",NA,NA,NA,NA,NA,NA,NA
"grid","Norwegian","joint",NA,NA,3,80,0.91,NA,0.841666666666667,0.0333246516472027,NA,NA,NA,NA,NA,NA,NA,NA,NA,NA,NA,NA,NA,NA,NA,NA,NA,NA,NA,NA,NA,NA,NA,NA,NA,NA,NA,NA,NA,NA,NA,NA,NA,NA,NA,NA,NA,NA,NA,NA,NA,NA,NA,NA,NA,NA,NA,NA,NA,NA,NA,NA,NA,NA,NA,NA,NA,NA,NA,NA,0.829268582794396,0.859202017654098,2.99334348597017,3.33246516472027,NA,NA,NA,NA,NA,NA,NA,NA,NA,NA,NA,NA,NA,NA,NA,"indep = independent given the pilot draw; corr = DGP-implied correlation of the two estimates",NA,NA,NA,NA,NA,NA,NA
"grid","Norwegian","joint",NA,NA,3,80,0.92,NA,0.841666666666667,0.0333246516472027,NA,NA,NA,NA,NA,NA,NA,NA,NA,NA,NA,NA,NA,NA,NA,NA,NA,NA,NA,NA,NA,NA,NA,NA,NA,NA,NA,NA,NA,NA,NA,NA,NA,NA,NA,NA,NA,NA,NA,NA,NA,NA,NA,NA,NA,NA,NA,NA,NA,NA,NA,NA,NA,NA,NA,NA,NA,NA,NA,NA,0.829268582794396,0.855962604354471,2.66940215600747,3.33246516472027,NA,NA,NA,NA,NA,NA,NA,NA,NA,NA,NA,NA,NA,NA,NA,"indep = independent given the pilot draw; corr = DGP-implied correlation of the two estimates",NA,NA,NA,NA,NA,NA,NA
"grid","Norwegian","joint",NA,NA,3,80,0.93,NA,0.841666666666667,0.0333246516472027,NA,NA,NA,NA,NA,NA,NA,NA,NA,NA,NA,NA,NA,NA,NA,NA,NA,NA,NA,NA,NA,NA,NA,NA,NA,NA,NA,NA,NA,NA,NA,NA,NA,NA,NA,NA,NA,NA,NA,NA,NA,NA,NA,NA,NA,NA,NA,NA,NA,NA,NA,NA,NA,NA,NA,NA,NA,NA,NA,NA,0.829268582794396,0.852699379133547,2.34307963391515,3.33246516472027,NA,NA,NA,NA,NA,NA,NA,NA,NA,NA,NA,NA,NA,NA,NA,"indep = independent given the pilot draw; corr = DGP-implied correlation of the two estimates",NA,NA,NA,NA,NA,NA,NA
"grid","Norwegian","joint",NA,NA,3,80,0.94,NA,0.841666666666667,0.0333246516472027,NA,NA,NA,NA,NA,NA,NA,NA,NA,NA,NA,NA,NA,NA,NA,NA,NA,NA,NA,NA,NA,NA,NA,NA,NA,NA,NA,NA,NA,NA,NA,NA,NA,NA,NA,NA,NA,NA,NA,NA,NA,NA,NA,NA,NA,NA,NA,NA,NA,NA,NA,NA,NA,NA,NA,NA,NA,NA,NA,NA,0.829268582794396,0.849413281519865,2.01446987254686,3.33246516472027,NA,NA,NA,NA,NA,NA,NA,NA,NA,NA,NA,NA,NA,NA,NA,"indep = independent given the pilot draw; corr = DGP-implied correlation of the two estimates",NA,NA,NA,NA,NA,NA,NA
"grid","Norwegian","joint",NA,NA,3,80,0.95,NA,0.841666666666667,0.0333246516472027,NA,NA,NA,NA,NA,NA,NA,NA,NA,NA,NA,NA,NA,NA,NA,NA,NA,NA,NA,NA,NA,NA,NA,NA,NA,NA,NA,NA,NA,NA,NA,NA,NA,NA,NA,NA,NA,NA,NA,NA,NA,NA,NA,NA,NA,NA,NA,NA,NA,NA,NA,NA,NA,NA,NA,NA,NA,NA,NA,NA,0.829268582794396,0.846105248607167,1.68366658127707,3.33246516472027,NA,NA,NA,NA,NA,NA,NA,NA,NA,NA,NA,NA,NA,NA,NA,"indep = independent given the pilot draw; corr = DGP-implied correlation of the two estimates",NA,NA,NA,NA,NA,NA,NA
"grid","Norwegian","joint",NA,NA,3,80,0.96,NA,0.841666666666667,0.0333246516472027,NA,NA,NA,NA,NA,NA,NA,NA,NA,NA,NA,NA,NA,NA,NA,NA,NA,NA,NA,NA,NA,NA,NA,NA,NA,NA,NA,NA,NA,NA,NA,NA,NA,NA,NA,NA,NA,NA,NA,NA,NA,NA,NA,NA,NA,NA,NA,NA,NA,NA,NA,NA,NA,NA,NA,NA,NA,NA,NA,NA,0.829268582794396,0.842776214236937,1.35076314425414,3.33246516472027,NA,NA,NA,NA,NA,NA,NA,NA,NA,NA,NA,NA,NA,NA,NA,"indep = independent given the pilot draw; corr = DGP-implied correlation of the two estimates",NA,NA,NA,NA,NA,NA,NA
"grid","Norwegian","joint",NA,NA,3,80,0.97,NA,0.841666666666667,0.0333246516472027,NA,NA,NA,NA,NA,NA,NA,NA,NA,NA,NA,NA,NA,NA,NA,NA,NA,NA,NA,NA,NA,NA,NA,NA,NA,NA,NA,NA,NA,NA,NA,NA,NA,NA,NA,NA,NA,NA,NA,NA,NA,NA,NA,NA,NA,NA,NA,NA,NA,NA,NA,NA,NA,NA,NA,NA,NA,NA,NA,NA,0.829268582794396,0.839427108221977,1.01585254275809,3.33246516472027,NA,NA,NA,NA,NA,NA,NA,NA,NA,NA,NA,NA,NA,NA,NA,"indep = independent given the pilot draw; corr = DGP-implied correlation of the two estimates",NA,NA,NA,NA,NA,NA,NA
"grid","Norwegian","joint",NA,NA,3,80,0.98,NA,0.841666666666667,0.0333246516472027,NA,NA,NA,NA,NA,NA,NA,NA,NA,NA,NA,NA,NA,NA,NA,NA,NA,NA,NA,NA,NA,NA,NA,NA,NA,NA,NA,NA,NA,NA,NA,NA,NA,NA,NA,NA,NA,NA,NA,NA,NA,NA,NA,NA,NA,NA,NA,NA,NA,NA,NA,NA,NA,NA,NA,NA,NA,NA,NA,NA,0.829268582794396,0.836058855609442,0.679027281504629,3.33246516472027,NA,NA,NA,NA,NA,NA,NA,NA,NA,NA,NA,NA,NA,NA,NA,"indep = independent given the pilot draw; corr = DGP-implied correlation of the two estimates",NA,NA,NA,NA,NA,NA,NA
"grid","Norwegian","joint",NA,NA,3,80,0.99,NA,0.841666666666667,0.0333246516472027,NA,NA,NA,NA,NA,NA,NA,NA,NA,NA,NA,NA,NA,NA,NA,NA,NA,NA,NA,NA,NA,NA,NA,NA,NA,NA,NA,NA,NA,NA,NA,NA,NA,NA,NA,NA,NA,NA,NA,NA,NA,NA,NA,NA,NA,NA,NA,NA,NA,NA,NA,NA,NA,NA,NA,NA,NA,NA,NA,NA,0.829268582794396,0.832672375981827,0.340379318743056,3.33246516472027,NA,NA,NA,NA,NA,NA,NA,NA,NA,NA,NA,NA,NA,NA,NA,"indep = independent given the pilot draw; corr = DGP-implied correlation of the two estimates",NA,NA,NA,NA,NA,NA,NA
"grid","Norwegian","joint",NA,NA,3,80,1,NA,0.841666666666667,0.0333246516472027,NA,NA,NA,NA,NA,NA,NA,NA,NA,NA,NA,NA,NA,NA,NA,NA,NA,NA,NA,NA,NA,NA,NA,NA,NA,NA,NA,NA,NA,NA,NA,NA,NA,NA,NA,NA,NA,NA,NA,NA,NA,NA,NA,NA,NA,NA,NA,NA,NA,NA,NA,NA,NA,NA,NA,NA,NA,NA,NA,NA,0.829268582794396,0.829268582794396,0,3.33246516472027,NA,NA,NA,NA,NA,NA,NA,NA,NA,NA,NA,NA,NA,NA,NA,"indep = independent given the pilot draw; corr = DGP-implied correlation of the two estimates",NA,NA,NA,NA,NA,NA,NA
"pooled",NA,NA,"claps_protocol",3,10,NA,1,4000,NA,NA,NA,NA,NA,NA,NA,NA,NA,NA,NA,NA,NA,NA,NA,NA,NA,NA,NA,NA,NA,NA,NA,NA,NA,NA,NA,NA,NA,NA,NA,NA,NA,NA,NA,NA,NA,NA,NA,NA,NA,NA,NA,NA,NA,NA,NA,NA,NA,NA,NA,NA,NA,NA,NA,NA,NA,NA,NA,NA,NA,NA,0.57625,0.57625,0,NA,NA,NA,NA,NA,NA,NA,NA,NA,NA,NA,NA,NA,NA,NA,NA,NA,"baseline",0.083300784938338,0.0299701168376013,0,0.781322496636312,NA,NA
"pooled",NA,NA,"claps_protocol",3,10,NA,0.95,4000,NA,NA,NA,NA,NA,NA,NA,NA,NA,NA,NA,NA,NA,NA,NA,NA,NA,NA,NA,NA,NA,NA,NA,NA,NA,NA,NA,NA,NA,NA,NA,NA,NA,NA,NA,NA,NA,NA,NA,NA,NA,NA,NA,NA,NA,NA,NA,NA,NA,NA,NA,NA,NA,NA,NA,NA,NA,NA,NA,NA,NA,NA,0.57625,0.584,0.775,NA,NA,NA,NA,NA,NA,NA,NA,NA,NA,NA,NA,NA,NA,NA,NA,NA,"all",0.0791357456914211,0.0284716109957213,0.151593498862004,0.781322496636312,NA,NA
"pooled",NA,NA,"claps_protocol",3,10,NA,0.9,4000,NA,NA,NA,NA,NA,NA,NA,NA,NA,NA,NA,NA,NA,NA,NA,NA,NA,NA,NA,NA,NA,NA,NA,NA,NA,NA,NA,NA,NA,NA,NA,NA,NA,NA,NA,NA,NA,NA,NA,NA,NA,NA,NA,NA,NA,NA,NA,NA,NA,NA,NA,NA,NA,NA,NA,NA,NA,NA,NA,NA,NA,NA,0.57625,0.588,1.175,NA,NA,NA,NA,NA,NA,NA,NA,NA,NA,NA,NA,NA,NA,NA,NA,NA,"all",0.0749707064445042,0.0269731051538412,0.194394678612271,0.781322496636312,NA,NA
"pooled",NA,NA,"claps_protocol",3,10,NA,0.85,4000,NA,NA,NA,NA,NA,NA,NA,NA,NA,NA,NA,NA,NA,NA,NA,NA,NA,NA,NA,NA,NA,NA,NA,NA,NA,NA,NA,NA,NA,NA,NA,NA,NA,NA,NA,NA,NA,NA,NA,NA,NA,NA,NA,NA,NA,NA,NA,NA,NA,NA,NA,NA,NA,NA,NA,NA,NA,NA,NA,NA,NA,NA,0.57625,0.5925,1.625,NA,NA,NA,NA,NA,NA,NA,NA,NA,NA,NA,NA,NA,NA,NA,NA,NA,"all",0.0708056671975873,0.0254745993119611,0.231793606078672,0.781322496636312,NA,NA
"pooled",NA,NA,"claps_protocol",3,10,NA,0.95,4000,NA,NA,NA,NA,NA,NA,NA,NA,NA,NA,NA,NA,NA,NA,NA,NA,NA,NA,NA,NA,NA,NA,NA,NA,NA,NA,NA,NA,NA,NA,NA,NA,NA,NA,NA,NA,NA,NA,NA,NA,NA,NA,NA,NA,NA,NA,NA,NA,NA,NA,NA,NA,NA,NA,NA,NA,NA,NA,NA,NA,NA,NA,0.57625,0.58475,0.85,NA,NA,NA,NA,NA,NA,NA,NA,NA,NA,NA,NA,NA,NA,NA,NA,NA,"floor",0.0785804745186071,0.0299701168376013,0.153542400714605,0.781322496636312,NA,NA
"pooled",NA,NA,"claps_protocol",3,10,NA,0.9,4000,NA,NA,NA,NA,NA,NA,NA,NA,NA,NA,NA,NA,NA,NA,NA,NA,NA,NA,NA,NA,NA,NA,NA,NA,NA,NA,NA,NA,NA,NA,NA,NA,NA,NA,NA,NA,NA,NA,NA,NA,NA,NA,NA,NA,NA,NA,NA,NA,NA,NA,NA,NA,NA,NA,NA,NA,NA,NA,NA,NA,NA,NA,0.57625,0.59025,1.4,NA,NA,NA,NA,NA,NA,NA,NA,NA,NA,NA,NA,NA,NA,NA,NA,NA,"floor",0.0738237585277851,0.0299701168376013,0.208016388066965,0.781322496636312,NA,NA
"pooled",NA,NA,"claps_protocol",3,10,NA,0.85,4000,NA,NA,NA,NA,NA,NA,NA,NA,NA,NA,NA,NA,NA,NA,NA,NA,NA,NA,NA,NA,NA,NA,NA,NA,NA,NA,NA,NA,NA,NA,NA,NA,NA,NA,NA,NA,NA,NA,NA,NA,NA,NA,NA,NA,NA,NA,NA,NA,NA,NA,NA,NA,NA,NA,NA,NA,NA,NA,NA,NA,NA,NA,0.57625,0.59575,1.95,NA,NA,NA,NA,NA,NA,NA,NA,NA,NA,NA,NA,NA,NA,NA,NA,NA,"floor",0.069023110724894,0.0299701168376013,0.248122482237196,0.781322496636312,NA,NA
"pooled",NA,NA,"claps_protocol",6,10,NA,1,4000,NA,NA,NA,NA,NA,NA,NA,NA,NA,NA,NA,NA,NA,NA,NA,NA,NA,NA,NA,NA,NA,NA,NA,NA,NA,NA,NA,NA,NA,NA,NA,NA,NA,NA,NA,NA,NA,NA,NA,NA,NA,NA,NA,NA,NA,NA,NA,NA,NA,NA,NA,NA,NA,NA,NA,NA,NA,NA,NA,NA,NA,NA,0.81225,0.81225,0,NA,NA,NA,NA,NA,NA,NA,NA,NA,NA,NA,NA,NA,NA,NA,NA,NA,"baseline",0.083300784938338,0.0299701168376013,0,0.617454325233859,NA,NA
"pooled",NA,NA,"claps_protocol",6,10,NA,0.95,4000,NA,NA,NA,NA,NA,NA,NA,NA,NA,NA,NA,NA,NA,NA,NA,NA,NA,NA,NA,NA,NA,NA,NA,NA,NA,NA,NA,NA,NA,NA,NA,NA,NA,NA,NA,NA,NA,NA,NA,NA,NA,NA,NA,NA,NA,NA,NA,NA,NA,NA,NA,NA,NA,NA,NA,NA,NA,NA,NA,NA,NA,NA,0.81225,0.81425,0.2,NA,NA,NA,NA,NA,NA,NA,NA,NA,NA,NA,NA,NA,NA,NA,NA,NA,"all",0.0791357456914211,0.0284716109957213,0.086555606220753,0.617454325233859,NA,NA
"pooled",NA,NA,"claps_protocol",6,10,NA,0.9,4000,NA,NA,NA,NA,NA,NA,NA,NA,NA,NA,NA,NA,NA,NA,NA,NA,NA,NA,NA,NA,NA,NA,NA,NA,NA,NA,NA,NA,NA,NA,NA,NA,NA,NA,NA,NA,NA,NA,NA,NA,NA,NA,NA,NA,NA,NA,NA,NA,NA,NA,NA,NA,NA,NA,NA,NA,NA,NA,NA,NA,NA,NA,0.81225,0.8155,0.325,NA,NA,NA,NA,NA,NA,NA,NA,NA,NA,NA,NA,NA,NA,NA,NA,NA,"all",0.0749707064445042,0.0269731051538412,0.114463396845037,0.617454325233859,NA,NA
"pooled",NA,NA,"claps_protocol",6,10,NA,0.85,4000,NA,NA,NA,NA,NA,NA,NA,NA,NA,NA,NA,NA,NA,NA,NA,NA,NA,NA,NA,NA,NA,NA,NA,NA,NA,NA,NA,NA,NA,NA,NA,NA,NA,NA,NA,NA,NA,NA,NA,NA,NA,NA,NA,NA,NA,NA,NA,NA,NA,NA,NA,NA,NA,NA,NA,NA,NA,NA,NA,NA,NA,NA,0.81225,0.8155,0.325,NA,NA,NA,NA,NA,NA,NA,NA,NA,NA,NA,NA,NA,NA,NA,NA,NA,"all",0.0708056671975873,0.0254745993119611,0.143540045583703,0.617454325233859,NA,NA
"pooled",NA,NA,"claps_protocol",6,10,NA,0.95,4000,NA,NA,NA,NA,NA,NA,NA,NA,NA,NA,NA,NA,NA,NA,NA,NA,NA,NA,NA,NA,NA,NA,NA,NA,NA,NA,NA,NA,NA,NA,NA,NA,NA,NA,NA,NA,NA,NA,NA,NA,NA,NA,NA,NA,NA,NA,NA,NA,NA,NA,NA,NA,NA,NA,NA,NA,NA,NA,NA,NA,NA,NA,0.81225,0.8145,0.225,NA,NA,NA,NA,NA,NA,NA,NA,NA,NA,NA,NA,NA,NA,NA,NA,NA,"floor",0.0785804745186071,0.0299701168376013,0.0749249436889792,0.617454325233859,NA,NA
"pooled",NA,NA,"claps_protocol",6,10,NA,0.9,4000,NA,NA,NA,NA,NA,NA,NA,NA,NA,NA,NA,NA,NA,NA,NA,NA,NA,NA,NA,NA,NA,NA,NA,NA,NA,NA,NA,NA,NA,NA,NA,NA,NA,NA,NA,NA,NA,NA,NA,NA,NA,NA,NA,NA,NA,NA,NA,NA,NA,NA,NA,NA,NA,NA,NA,NA,NA,NA,NA,NA,NA,NA,0.81225,0.81625,0.4,NA,NA,NA,NA,NA,NA,NA,NA,NA,NA,NA,NA,NA,NA,NA,NA,NA,"floor",0.0738237585277851,0.0299701168376013,0.11163832576201,0.617454325233859,NA,NA
"pooled",NA,NA,"claps_protocol",6,10,NA,0.85,4000,NA,NA,NA,NA,NA,NA,NA,NA,NA,NA,NA,NA,NA,NA,NA,NA,NA,NA,NA,NA,NA,NA,NA,NA,NA,NA,NA,NA,NA,NA,NA,NA,NA,NA,NA,NA,NA,NA,NA,NA,NA,NA,NA,NA,NA,NA,NA,NA,NA,NA,NA,NA,NA,NA,NA,NA,NA,NA,NA,NA,NA,NA,0.81225,0.818,0.575,NA,NA,NA,NA,NA,NA,NA,NA,NA,NA,NA,NA,NA,NA,NA,NA,NA,"floor",0.069023110724894,0.0299701168376013,0.129601477174149,0.617454325233859,NA,NA
"pooled",NA,NA,"claps_protocol",12,10,NA,1,4000,NA,NA,NA,NA,NA,NA,NA,NA,NA,NA,NA,NA,NA,NA,NA,NA,NA,NA,NA,NA,NA,NA,NA,NA,NA,NA,NA,NA,NA,NA,NA,NA,NA,NA,NA,NA,NA,NA,NA,NA,NA,NA,NA,NA,NA,NA,NA,NA,NA,NA,NA,NA,NA,NA,NA,NA,NA,NA,NA,NA,NA,NA,0.88325,0.88325,0,NA,NA,NA,NA,NA,NA,NA,NA,NA,NA,NA,NA,NA,NA,NA,NA,NA,"baseline",0.083300784938338,0.0299701168376013,0,0.507738706176711,NA,NA
"pooled",NA,NA,"claps_protocol",12,10,NA,0.95,4000,NA,NA,NA,NA,NA,NA,NA,NA,NA,NA,NA,NA,NA,NA,NA,NA,NA,NA,NA,NA,NA,NA,NA,NA,NA,NA,NA,NA,NA,NA,NA,NA,NA,NA,NA,NA,NA,NA,NA,NA,NA,NA,NA,NA,NA,NA,NA,NA,NA,NA,NA,NA,NA,NA,NA,NA,NA,NA,NA,NA,NA,NA,0.88325,0.8845,0.125,NA,NA,NA,NA,NA,NA,NA,NA,NA,NA,NA,NA,NA,NA,NA,NA,NA,"all",0.0791357456914211,0.0284716109957213,0.0661225135388785,0.507738706176711,NA,NA
"pooled",NA,NA,"claps_protocol",12,10,NA,0.9,4000,NA,NA,NA,NA,NA,NA,NA,NA,NA,NA,NA,NA,NA,NA,NA,NA,NA,NA,NA,NA,NA,NA,NA,NA,NA,NA,NA,NA,NA,NA,NA,NA,NA,NA,NA,NA,NA,NA,NA,NA,NA,NA,NA,NA,NA,NA,NA,NA,NA,NA,NA,NA,NA,NA,NA,NA,NA,NA,NA,NA,NA,NA,0.88325,0.88475,0.15,NA,NA,NA,NA,NA,NA,NA,NA,NA,NA,NA,NA,NA,NA,NA,NA,NA,"all",0.0749707064445042,0.0269731051538412,0.0790312373945963,0.507738706176711,NA,NA
"pooled",NA,NA,"claps_protocol",12,10,NA,0.85,4000,NA,NA,NA,NA,NA,NA,NA,NA,NA,NA,NA,NA,NA,NA,NA,NA,NA,NA,NA,NA,NA,NA,NA,NA,NA,NA,NA,NA,NA,NA,NA,NA,NA,NA,NA,NA,NA,NA,NA,NA,NA,NA,NA,NA,NA,NA,NA,NA,NA,NA,NA,NA,NA,NA,NA,NA,NA,NA,NA,NA,NA,NA,0.88325,0.88575,0.25,NA,NA,NA,NA,NA,NA,NA,NA,NA,NA,NA,NA,NA,NA,NA,NA,NA,"all",0.0708056671975873,0.0254745993119611,0.0934695626382458,0.507738706176711,NA,NA
"pooled",NA,NA,"claps_protocol",12,10,NA,0.95,4000,NA,NA,NA,NA,NA,NA,NA,NA,NA,NA,NA,NA,NA,NA,NA,NA,NA,NA,NA,NA,NA,NA,NA,NA,NA,NA,NA,NA,NA,NA,NA,NA,NA,NA,NA,NA,NA,NA,NA,NA,NA,NA,NA,NA,NA,NA,NA,NA,NA,NA,NA,NA,NA,NA,NA,NA,NA,NA,NA,NA,NA,NA,0.88325,0.88425,0.1,NA,NA,NA,NA,NA,NA,NA,NA,NA,NA,NA,NA,NA,NA,NA,NA,NA,"floor",0.0785804745186071,0.0299701168376013,0.0707018365208561,0.507738706176711,NA,NA
"pooled",NA,NA,"claps_protocol",12,10,NA,0.9,4000,NA,NA,NA,NA,NA,NA,NA,NA,NA,NA,NA,NA,NA,NA,NA,NA,NA,NA,NA,NA,NA,NA,NA,NA,NA,NA,NA,NA,NA,NA,NA,NA,NA,NA,NA,NA,NA,NA,NA,NA,NA,NA,NA,NA,NA,NA,NA,NA,NA,NA,NA,NA,NA,NA,NA,NA,NA,NA,NA,NA,NA,NA,0.88325,0.88425,0.1,NA,NA,NA,NA,NA,NA,NA,NA,NA,NA,NA,NA,NA,NA,NA,NA,NA,"floor",0.0738237585277851,0.0299701168376013,0.0865989309617095,0.507738706176711,NA,NA
"pooled",NA,NA,"claps_protocol",12,10,NA,0.85,4000,NA,NA,NA,NA,NA,NA,NA,NA,NA,NA,NA,NA,NA,NA,NA,NA,NA,NA,NA,NA,NA,NA,NA,NA,NA,NA,NA,NA,NA,NA,NA,NA,NA,NA,NA,NA,NA,NA,NA,NA,NA,NA,NA,NA,NA,NA,NA,NA,NA,NA,NA,NA,NA,NA,NA,NA,NA,NA,NA,NA,NA,NA,0.88325,0.8845,0.125,NA,NA,NA,NA,NA,NA,NA,NA,NA,NA,NA,NA,NA,NA,NA,NA,NA,"floor",0.069023110724894,0.0299701168376013,0.0901283780567074,0.507738706176711,NA,NA
"pooled",NA,NA,"seven",3,10,NA,1,4000,NA,NA,NA,NA,NA,NA,NA,NA,NA,NA,NA,NA,NA,NA,NA,NA,NA,NA,NA,NA,NA,NA,NA,NA,NA,NA,NA,NA,NA,NA,NA,NA,NA,NA,NA,NA,NA,NA,NA,NA,NA,NA,NA,NA,NA,NA,NA,NA,NA,NA,NA,NA,NA,NA,NA,NA,NA,NA,NA,NA,NA,NA,0.332,0.332,0,NA,NA,NA,NA,NA,NA,NA,NA,NA,NA,NA,NA,NA,NA,NA,NA,NA,"baseline",0.083300784938338,0.0299701168376013,0,0.744607279040435,NA,NA
"pooled",NA,NA,"seven",3,10,NA,0.95,4000,NA,NA,NA,NA,NA,NA,NA,NA,NA,NA,NA,NA,NA,NA,NA,NA,NA,NA,NA,NA,NA,NA,NA,NA,NA,NA,NA,NA,NA,NA,NA,NA,NA,NA,NA,NA,NA,NA,NA,NA,NA,NA,NA,NA,NA,NA,NA,NA,NA,NA,NA,NA,NA,NA,NA,NA,NA,NA,NA,NA,NA,NA,0.332,0.33225,0.025,NA,NA,NA,NA,NA,NA,NA,NA,NA,NA,NA,NA,NA,NA,NA,NA,NA,"all",0.0791357456914211,0.0284716109957213,0.103089769740534,0.744607279040435,NA,NA
"pooled",NA,NA,"seven",3,10,NA,0.9,4000,NA,NA,NA,NA,NA,NA,NA,NA,NA,NA,NA,NA,NA,NA,NA,NA,NA,NA,NA,NA,NA,NA,NA,NA,NA,NA,NA,NA,NA,NA,NA,NA,NA,NA,NA,NA,NA,NA,NA,NA,NA,NA,NA,NA,NA,NA,NA,NA,NA,NA,NA,NA,NA,NA,NA,NA,NA,NA,NA,NA,NA,NA,0.332,0.33175,-0.025,NA,NA,NA,NA,NA,NA,NA,NA,NA,NA,NA,NA,NA,NA,NA,NA,NA,"all",0.0749707064445042,0.0269731051538412,0.139210950259554,0.744607279040435,NA,NA
"pooled",NA,NA,"seven",3,10,NA,0.85,4000,NA,NA,NA,NA,NA,NA,NA,NA,NA,NA,NA,NA,NA,NA,NA,NA,NA,NA,NA,NA,NA,NA,NA,NA,NA,NA,NA,NA,NA,NA,NA,NA,NA,NA,NA,NA,NA,NA,NA,NA,NA,NA,NA,NA,NA,NA,NA,NA,NA,NA,NA,NA,NA,NA,NA,NA,NA,NA,NA,NA,NA,NA,0.332,0.3305,-0.15,NA,NA,NA,NA,NA,NA,NA,NA,NA,NA,NA,NA,NA,NA,NA,NA,NA,"all",0.0708056671975873,0.0254745993119611,0.169562858228808,0.744607279040435,NA,NA
"pooled",NA,NA,"seven",3,10,NA,0.95,4000,NA,NA,NA,NA,NA,NA,NA,NA,NA,NA,NA,NA,NA,NA,NA,NA,NA,NA,NA,NA,NA,NA,NA,NA,NA,NA,NA,NA,NA,NA,NA,NA,NA,NA,NA,NA,NA,NA,NA,NA,NA,NA,NA,NA,NA,NA,NA,NA,NA,NA,NA,NA,NA,NA,NA,NA,NA,NA,NA,NA,NA,NA,0.332,0.33225,0.025,NA,NA,NA,NA,NA,NA,NA,NA,NA,NA,NA,NA,NA,NA,NA,NA,NA,"floor",0.0785804745186071,0.0299701168376013,0.0968358820221706,0.744607279040435,NA,NA
"pooled",NA,NA,"seven",3,10,NA,0.9,4000,NA,NA,NA,NA,NA,NA,NA,NA,NA,NA,NA,NA,NA,NA,NA,NA,NA,NA,NA,NA,NA,NA,NA,NA,NA,NA,NA,NA,NA,NA,NA,NA,NA,NA,NA,NA,NA,NA,NA,NA,NA,NA,NA,NA,NA,NA,NA,NA,NA,NA,NA,NA,NA,NA,NA,NA,NA,NA,NA,NA,NA,NA,0.332,0.33275,0.075,NA,NA,NA,NA,NA,NA,NA,NA,NA,NA,NA,NA,NA,NA,NA,NA,NA,"floor",0.0738237585277851,0.0299701168376013,0.13464072853875,0.744607279040435,NA,NA
"pooled",NA,NA,"seven",3,10,NA,0.85,4000,NA,NA,NA,NA,NA,NA,NA,NA,NA,NA,NA,NA,NA,NA,NA,NA,NA,NA,NA,NA,NA,NA,NA,NA,NA,NA,NA,NA,NA,NA,NA,NA,NA,NA,NA,NA,NA,NA,NA,NA,NA,NA,NA,NA,NA,NA,NA,NA,NA,NA,NA,NA,NA,NA,NA,NA,NA,NA,NA,NA,NA,NA,0.332,0.333,0.1,NA,NA,NA,NA,NA,NA,NA,NA,NA,NA,NA,NA,NA,NA,NA,NA,NA,"floor",0.069023110724894,0.0299701168376013,0.162031057257178,0.744607279040435,NA,NA
"pooled",NA,NA,"seven",6,10,NA,1,4000,NA,NA,NA,NA,NA,NA,NA,NA,NA,NA,NA,NA,NA,NA,NA,NA,NA,NA,NA,NA,NA,NA,NA,NA,NA,NA,NA,NA,NA,NA,NA,NA,NA,NA,NA,NA,NA,NA,NA,NA,NA,NA,NA,NA,NA,NA,NA,NA,NA,NA,NA,NA,NA,NA,NA,NA,NA,NA,NA,NA,NA,NA,0.5555,0.5555,0,NA,NA,NA,NA,NA,NA,NA,NA,NA,NA,NA,NA,NA,NA,NA,NA,NA,"baseline",0.083300784938338,0.0299701168376013,0,0.78568401727412,NA,NA
"pooled",NA,NA,"seven",6,10,NA,0.95,4000,NA,NA,NA,NA,NA,NA,NA,NA,NA,NA,NA,NA,NA,NA,NA,NA,NA,NA,NA,NA,NA,NA,NA,NA,NA,NA,NA,NA,NA,NA,NA,NA,NA,NA,NA,NA,NA,NA,NA,NA,NA,NA,NA,NA,NA,NA,NA,NA,NA,NA,NA,NA,NA,NA,NA,NA,NA,NA,NA,NA,NA,NA,0.5555,0.557,0.15,NA,NA,NA,NA,NA,NA,NA,NA,NA,NA,NA,NA,NA,NA,NA,NA,NA,"all",0.0791357456914211,0.0284716109957213,0.0935230540583984,0.78568401727412,NA,NA
"pooled",NA,NA,"seven",6,10,NA,0.9,4000,NA,NA,NA,NA,NA,NA,NA,NA,NA,NA,NA,NA,NA,NA,NA,NA,NA,NA,NA,NA,NA,NA,NA,NA,NA,NA,NA,NA,NA,NA,NA,NA,NA,NA,NA,NA,NA,NA,NA,NA,NA,NA,NA,NA,NA,NA,NA,NA,NA,NA,NA,NA,NA,NA,NA,NA,NA,NA,NA,NA,NA,NA,0.5555,0.557,0.15,NA,NA,NA,NA,NA,NA,NA,NA,NA,NA,NA,NA,NA,NA,NA,NA,NA,"all",0.0749707064445042,0.0269731051538412,0.136927215211463,0.78568401727412,NA,NA
"pooled",NA,NA,"seven",6,10,NA,0.85,4000,NA,NA,NA,NA,NA,NA,NA,NA,NA,NA,NA,NA,NA,NA,NA,NA,NA,NA,NA,NA,NA,NA,NA,NA,NA,NA,NA,NA,NA,NA,NA,NA,NA,NA,NA,NA,NA,NA,NA,NA,NA,NA,NA,NA,NA,NA,NA,NA,NA,NA,NA,NA,NA,NA,NA,NA,NA,NA,NA,NA,NA,NA,0.5555,0.55775,0.225,NA,NA,NA,NA,NA,NA,NA,NA,NA,NA,NA,NA,NA,NA,NA,NA,NA,"all",0.0708056671975873,0.0254745993119611,0.160058578142845,0.78568401727412,NA,NA
"pooled",NA,NA,"seven",6,10,NA,0.95,4000,NA,NA,NA,NA,NA,NA,NA,NA,NA,NA,NA,NA,NA,NA,NA,NA,NA,NA,NA,NA,NA,NA,NA,NA,NA,NA,NA,NA,NA,NA,NA,NA,NA,NA,NA,NA,NA,NA,NA,NA,NA,NA,NA,NA,NA,NA,NA,NA,NA,NA,NA,NA,NA,NA,NA,NA,NA,NA,NA,NA,NA,NA,0.5555,0.55625,0.075,NA,NA,NA,NA,NA,NA,NA,NA,NA,NA,NA,NA,NA,NA,NA,NA,NA,"floor",0.0785804745186071,0.0299701168376013,0.0829175046545935,0.78568401727412,NA,NA
"pooled",NA,NA,"seven",6,10,NA,0.9,4000,NA,NA,NA,NA,NA,NA,NA,NA,NA,NA,NA,NA,NA,NA,NA,NA,NA,NA,NA,NA,NA,NA,NA,NA,NA,NA,NA,NA,NA,NA,NA,NA,NA,NA,NA,NA,NA,NA,NA,NA,NA,NA,NA,NA,NA,NA,NA,NA,NA,NA,NA,NA,NA,NA,NA,NA,NA,NA,NA,NA,NA,NA,0.5555,0.557,0.15,NA,NA,NA,NA,NA,NA,NA,NA,NA,NA,NA,NA,NA,NA,NA,NA,NA,"floor",0.0738237585277851,0.0299701168376013,0.13228283973147,0.78568401727412,NA,NA
"pooled",NA,NA,"seven",6,10,NA,0.85,4000,NA,NA,NA,NA,NA,NA,NA,NA,NA,NA,NA,NA,NA,NA,NA,NA,NA,NA,NA,NA,NA,NA,NA,NA,NA,NA,NA,NA,NA,NA,NA,NA,NA,NA,NA,NA,NA,NA,NA,NA,NA,NA,NA,NA,NA,NA,NA,NA,NA,NA,NA,NA,NA,NA,NA,NA,NA,NA,NA,NA,NA,NA,0.5555,0.558,0.25,NA,NA,NA,NA,NA,NA,NA,NA,NA,NA,NA,NA,NA,NA,NA,NA,NA,"floor",0.069023110724894,0.0299701168376013,0.158084226460656,0.78568401727412,NA,NA
"pooled",NA,NA,"seven",12,10,NA,1,4000,NA,NA,NA,NA,NA,NA,NA,NA,NA,NA,NA,NA,NA,NA,NA,NA,NA,NA,NA,NA,NA,NA,NA,NA,NA,NA,NA,NA,NA,NA,NA,NA,NA,NA,NA,NA,NA,NA,NA,NA,NA,NA,NA,NA,NA,NA,NA,NA,NA,NA,NA,NA,NA,NA,NA,NA,NA,NA,NA,NA,NA,NA,0.746,0.746,0,NA,NA,NA,NA,NA,NA,NA,NA,NA,NA,NA,NA,NA,NA,NA,NA,NA,"baseline",0.083300784938338,0.0299701168376013,0,0.688265936974946,NA,NA
"pooled",NA,NA,"seven",12,10,NA,0.95,4000,NA,NA,NA,NA,NA,NA,NA,NA,NA,NA,NA,NA,NA,NA,NA,NA,NA,NA,NA,NA,NA,NA,NA,NA,NA,NA,NA,NA,NA,NA,NA,NA,NA,NA,NA,NA,NA,NA,NA,NA,NA,NA,NA,NA,NA,NA,NA,NA,NA,NA,NA,NA,NA,NA,NA,NA,NA,NA,NA,NA,NA,NA,0.746,0.74725,0.125,NA,NA,NA,NA,NA,NA,NA,NA,NA,NA,NA,NA,NA,NA,NA,NA,NA,"all",0.0791357456914211,0.0284716109957213,0.0749833273124347,0.688265936974946,NA,NA
"pooled",NA,NA,"seven",12,10,NA,0.9,4000,NA,NA,NA,NA,NA,NA,NA,NA,NA,NA,NA,NA,NA,NA,NA,NA,NA,NA,NA,NA,NA,NA,NA,NA,NA,NA,NA,NA,NA,NA,NA,NA,NA,NA,NA,NA,NA,NA,NA,NA,NA,NA,NA,NA,NA,NA,NA,NA,NA,NA,NA,NA,NA,NA,NA,NA,NA,NA,NA,NA,NA,NA,0.746,0.7485,0.25,NA,NA,NA,NA,NA,NA,NA,NA,NA,NA,NA,NA,NA,NA,NA,NA,NA,"all",0.0749707064445042,0.0269731051538412,0.11174746920722,0.688265936974946,NA,NA
"pooled",NA,NA,"seven",12,10,NA,0.85,4000,NA,NA,NA,NA,NA,NA,NA,NA,NA,NA,NA,NA,NA,NA,NA,NA,NA,NA,NA,NA,NA,NA,NA,NA,NA,NA,NA,NA,NA,NA,NA,NA,NA,NA,NA,NA,NA,NA,NA,NA,NA,NA,NA,NA,NA,NA,NA,NA,NA,NA,NA,NA,NA,NA,NA,NA,NA,NA,NA,NA,NA,NA,0.746,0.74925,0.325,NA,NA,NA,NA,NA,NA,NA,NA,NA,NA,NA,NA,NA,NA,NA,NA,NA,"all",0.0708056671975873,0.0254745993119611,0.143540045583703,0.688265936974946,NA,NA
"pooled",NA,NA,"seven",12,10,NA,0.95,4000,NA,NA,NA,NA,NA,NA,NA,NA,NA,NA,NA,NA,NA,NA,NA,NA,NA,NA,NA,NA,NA,NA,NA,NA,NA,NA,NA,NA,NA,NA,NA,NA,NA,NA,NA,NA,NA,NA,NA,NA,NA,NA,NA,NA,NA,NA,NA,NA,NA,NA,NA,NA,NA,NA,NA,NA,NA,NA,NA,NA,NA,NA,0.746,0.74725,0.125,NA,NA,NA,NA,NA,NA,NA,NA,NA,NA,NA,NA,NA,NA,NA,NA,NA,"floor",0.0785804745186071,0.0299701168376013,0.0661225135388785,0.688265936974946,NA,NA
"pooled",NA,NA,"seven",12,10,NA,0.9,4000,NA,NA,NA,NA,NA,NA,NA,NA,NA,NA,NA,NA,NA,NA,NA,NA,NA,NA,NA,NA,NA,NA,NA,NA,NA,NA,NA,NA,NA,NA,NA,NA,NA,NA,NA,NA,NA,NA,NA,NA,NA,NA,NA,NA,NA,NA,NA,NA,NA,NA,NA,NA,NA,NA,NA,NA,NA,NA,NA,NA,NA,NA,0.746,0.748,0.2,NA,NA,NA,NA,NA,NA,NA,NA,NA,NA,NA,NA,NA,NA,NA,NA,NA,"floor",0.0738237585277851,0.0299701168376013,0.0999624835852488,0.688265936974946,NA,NA
"pooled",NA,NA,"seven",12,10,NA,0.85,4000,NA,NA,NA,NA,NA,NA,NA,NA,NA,NA,NA,NA,NA,NA,NA,NA,NA,NA,NA,NA,NA,NA,NA,NA,NA,NA,NA,NA,NA,NA,NA,NA,NA,NA,NA,NA,NA,NA,NA,NA,NA,NA,NA,NA,NA,NA,NA,NA,NA,NA,NA,NA,NA,NA,NA,NA,NA,NA,NA,NA,NA,NA,0.746,0.74875,0.275,NA,NA,NA,NA,NA,NA,NA,NA,NA,NA,NA,NA,NA,NA,NA,NA,NA,"floor",0.069023110724894,0.0299701168376013,0.114496161912848,0.688265936974946,NA,NA
"pooled",NA,NA,"glossa_protocol",3,10,NA,1,4000,NA,NA,NA,NA,NA,NA,NA,NA,NA,NA,NA,NA,NA,NA,NA,NA,NA,NA,NA,NA,NA,NA,NA,NA,NA,NA,NA,NA,NA,NA,NA,NA,NA,NA,NA,NA,NA,NA,NA,NA,NA,NA,NA,NA,NA,NA,NA,NA,NA,NA,NA,NA,NA,NA,NA,NA,NA,NA,NA,NA,NA,NA,0.3225,0.3225,0,NA,NA,NA,NA,NA,NA,NA,NA,NA,NA,NA,NA,NA,NA,NA,NA,NA,"baseline",0.083300784938338,0.0299701168376013,0,0.739076704408954,NA,NA
"pooled",NA,NA,"glossa_protocol",3,10,NA,0.95,4000,NA,NA,NA,NA,NA,NA,NA,NA,NA,NA,NA,NA,NA,NA,NA,NA,NA,NA,NA,NA,NA,NA,NA,NA,NA,NA,NA,NA,NA,NA,NA,NA,NA,NA,NA,NA,NA,NA,NA,NA,NA,NA,NA,NA,NA,NA,NA,NA,NA,NA,NA,NA,NA,NA,NA,NA,NA,NA,NA,NA,NA,NA,0.3225,0.32125,-0.125,NA,NA,NA,NA,NA,NA,NA,NA,NA,NA,NA,NA,NA,NA,NA,NA,NA,"all",0.0791357456914211,0.0284716109957213,0.0901283780567074,0.739076704408954,NA,NA
"pooled",NA,NA,"glossa_protocol",3,10,NA,0.9,4000,NA,NA,NA,NA,NA,NA,NA,NA,NA,NA,NA,NA,NA,NA,NA,NA,NA,NA,NA,NA,NA,NA,NA,NA,NA,NA,NA,NA,NA,NA,NA,NA,NA,NA,NA,NA,NA,NA,NA,NA,NA,NA,NA,NA,NA,NA,NA,NA,NA,NA,NA,NA,NA,NA,NA,NA,NA,NA,NA,NA,NA,NA,0.3225,0.32075,-0.175,NA,NA,NA,NA,NA,NA,NA,NA,NA,NA,NA,NA,NA,NA,NA,NA,NA,"all",0.0749707064445042,0.0269731051538412,0.114545291941557,0.739076704408954,NA,NA
"pooled",NA,NA,"glossa_protocol",3,10,NA,0.85,4000,NA,NA,NA,NA,NA,NA,NA,NA,NA,NA,NA,NA,NA,NA,NA,NA,NA,NA,NA,NA,NA,NA,NA,NA,NA,NA,NA,NA,NA,NA,NA,NA,NA,NA,NA,NA,NA,NA,NA,NA,NA,NA,NA,NA,NA,NA,NA,NA,NA,NA,NA,NA,NA,NA,NA,NA,NA,NA,NA,NA,NA,NA,0.3225,0.32025,-0.225,NA,NA,NA,NA,NA,NA,NA,NA,NA,NA,NA,NA,NA,NA,NA,NA,NA,"all",0.0708056671975873,0.0254745993119611,0.129871322431465,0.739076704408954,NA,NA
"pooled",NA,NA,"glossa_protocol",3,10,NA,0.95,4000,NA,NA,NA,NA,NA,NA,NA,NA,NA,NA,NA,NA,NA,NA,NA,NA,NA,NA,NA,NA,NA,NA,NA,NA,NA,NA,NA,NA,NA,NA,NA,NA,NA,NA,NA,NA,NA,NA,NA,NA,NA,NA,NA,NA,NA,NA,NA,NA,NA,NA,NA,NA,NA,NA,NA,NA,NA,NA,NA,NA,NA,NA,0.3225,0.32175,-0.075,NA,NA,NA,NA,NA,NA,NA,NA,NA,NA,NA,NA,NA,NA,NA,NA,NA,"floor",0.0785804745186071,0.0299701168376013,0.0901422495630604,0.739076704408954,NA,NA
"pooled",NA,NA,"glossa_protocol",3,10,NA,0.9,4000,NA,NA,NA,NA,NA,NA,NA,NA,NA,NA,NA,NA,NA,NA,NA,NA,NA,NA,NA,NA,NA,NA,NA,NA,NA,NA,NA,NA,NA,NA,NA,NA,NA,NA,NA,NA,NA,NA,NA,NA,NA,NA,NA,NA,NA,NA,NA,NA,NA,NA,NA,NA,NA,NA,NA,NA,NA,NA,NA,NA,NA,NA,0.3225,0.32125,-0.125,NA,NA,NA,NA,NA,NA,NA,NA,NA,NA,NA,NA,NA,NA,NA,NA,NA,"floor",0.0738237585277851,0.0299701168376013,0.125,0.739076704408954,NA,NA
"pooled",NA,NA,"glossa_protocol",3,10,NA,0.85,4000,NA,NA,NA,NA,NA,NA,NA,NA,NA,NA,NA,NA,NA,NA,NA,NA,NA,NA,NA,NA,NA,NA,NA,NA,NA,NA,NA,NA,NA,NA,NA,NA,NA,NA,NA,NA,NA,NA,NA,NA,NA,NA,NA,NA,NA,NA,NA,NA,NA,NA,NA,NA,NA,NA,NA,NA,NA,NA,NA,NA,NA,NA,0.3225,0.32075,-0.175,NA,NA,NA,NA,NA,NA,NA,NA,NA,NA,NA,NA,NA,NA,NA,NA,NA,"floor",0.069023110724894,0.0299701168376013,0.147894597443545,0.739076704408954,NA,NA
"pooled",NA,NA,"glossa_protocol",6,10,NA,1,4000,NA,NA,NA,NA,NA,NA,NA,NA,NA,NA,NA,NA,NA,NA,NA,NA,NA,NA,NA,NA,NA,NA,NA,NA,NA,NA,NA,NA,NA,NA,NA,NA,NA,NA,NA,NA,NA,NA,NA,NA,NA,NA,NA,NA,NA,NA,NA,NA,NA,NA,NA,NA,NA,NA,NA,NA,NA,NA,NA,NA,NA,NA,0.48675,0.48675,0,NA,NA,NA,NA,NA,NA,NA,NA,NA,NA,NA,NA,NA,NA,NA,NA,NA,"baseline",0.083300784938338,0.0299701168376013,0,0.790291777604955,NA,NA
"pooled",NA,NA,"glossa_protocol",6,10,NA,0.95,4000,NA,NA,NA,NA,NA,NA,NA,NA,NA,NA,NA,NA,NA,NA,NA,NA,NA,NA,NA,NA,NA,NA,NA,NA,NA,NA,NA,NA,NA,NA,NA,NA,NA,NA,NA,NA,NA,NA,NA,NA,NA,NA,NA,NA,NA,NA,NA,NA,NA,NA,NA,NA,NA,NA,NA,NA,NA,NA,NA,NA,NA,NA,0.48675,0.4865,-0.025,NA,NA,NA,NA,NA,NA,NA,NA,NA,NA,NA,NA,NA,NA,NA,NA,NA,"all",0.0791357456914211,0.0284716109957213,0.0750083349540446,0.790291777604955,NA,NA
"pooled",NA,NA,"glossa_protocol",6,10,NA,0.9,4000,NA,NA,NA,NA,NA,NA,NA,NA,NA,NA,NA,NA,NA,NA,NA,NA,NA,NA,NA,NA,NA,NA,NA,NA,NA,NA,NA,NA,NA,NA,NA,NA,NA,NA,NA,NA,NA,NA,NA,NA,NA,NA,NA,NA,NA,NA,NA,NA,NA,NA,NA,NA,NA,NA,NA,NA,NA,NA,NA,NA,NA,NA,0.48675,0.4875,0.075,NA,NA,NA,NA,NA,NA,NA,NA,NA,NA,NA,NA,NA,NA,NA,NA,NA,"all",0.0749707064445042,0.0269731051538412,0.108979644387026,0.790291777604955,NA,NA
"pooled",NA,NA,"glossa_protocol",6,10,NA,0.85,4000,NA,NA,NA,NA,NA,NA,NA,NA,NA,NA,NA,NA,NA,NA,NA,NA,NA,NA,NA,NA,NA,NA,NA,NA,NA,NA,NA,NA,NA,NA,NA,NA,NA,NA,NA,NA,NA,NA,NA,NA,NA,NA,NA,NA,NA,NA,NA,NA,NA,NA,NA,NA,NA,NA,NA,NA,NA,NA,NA,NA,NA,NA,0.48675,0.48775,0.1,NA,NA,NA,NA,NA,NA,NA,NA,NA,NA,NA,NA,NA,NA,NA,NA,NA,"all",0.0708056671975873,0.0254745993119611,0.141430197006001,0.790291777604955,NA,NA
"pooled",NA,NA,"glossa_protocol",6,10,NA,0.95,4000,NA,NA,NA,NA,NA,NA,NA,NA,NA,NA,NA,NA,NA,NA,NA,NA,NA,NA,NA,NA,NA,NA,NA,NA,NA,NA,NA,NA,NA,NA,NA,NA,NA,NA,NA,NA,NA,NA,NA,NA,NA,NA,NA,NA,NA,NA,NA,NA,NA,NA,NA,NA,NA,NA,NA,NA,NA,NA,NA,NA,NA,NA,0.48675,0.486,-0.075,NA,NA,NA,NA,NA,NA,NA,NA,NA,NA,NA,NA,NA,NA,NA,NA,NA,"floor",0.0785804745186071,0.0299701168376013,0.0558961075899828,0.790291777604955,NA,NA
"pooled",NA,NA,"glossa_protocol",6,10,NA,0.9,4000,NA,NA,NA,NA,NA,NA,NA,NA,NA,NA,NA,NA,NA,NA,NA,NA,NA,NA,NA,NA,NA,NA,NA,NA,NA,NA,NA,NA,NA,NA,NA,NA,NA,NA,NA,NA,NA,NA,NA,NA,NA,NA,NA,NA,NA,NA,NA,NA,NA,NA,NA,NA,NA,NA,NA,NA,NA,NA,NA,NA,NA,NA,0.48675,0.48825,0.15,NA,NA,NA,NA,NA,NA,NA,NA,NA,NA,NA,NA,NA,NA,NA,NA,NA,"floor",0.0738237585277851,0.0299701168376013,0.111792215179966,0.790291777604955,NA,NA
"pooled",NA,NA,"glossa_protocol",6,10,NA,0.85,4000,NA,NA,NA,NA,NA,NA,NA,NA,NA,NA,NA,NA,NA,NA,NA,NA,NA,NA,NA,NA,NA,NA,NA,NA,NA,NA,NA,NA,NA,NA,NA,NA,NA,NA,NA,NA,NA,NA,NA,NA,NA,NA,NA,NA,NA,NA,NA,NA,NA,NA,NA,NA,NA,NA,NA,NA,NA,NA,NA,NA,NA,NA,0.48675,0.48825,0.15,NA,NA,NA,NA,NA,NA,NA,NA,NA,NA,NA,NA,NA,NA,NA,NA,NA,"floor",0.069023110724894,0.0299701168376013,0.122466830330228,0.790291777604955,NA,NA
"pooled",NA,NA,"glossa_protocol",12,10,NA,1,4000,NA,NA,NA,NA,NA,NA,NA,NA,NA,NA,NA,NA,NA,NA,NA,NA,NA,NA,NA,NA,NA,NA,NA,NA,NA,NA,NA,NA,NA,NA,NA,NA,NA,NA,NA,NA,NA,NA,NA,NA,NA,NA,NA,NA,NA,NA,NA,NA,NA,NA,NA,NA,NA,NA,NA,NA,NA,NA,NA,NA,NA,NA,0.6265,0.6265,0,NA,NA,NA,NA,NA,NA,NA,NA,NA,NA,NA,NA,NA,NA,NA,NA,NA,"baseline",0.083300784938338,0.0299701168376013,0,0.764849249852544,NA,NA
"pooled",NA,NA,"glossa_protocol",12,10,NA,0.95,4000,NA,NA,NA,NA,NA,NA,NA,NA,NA,NA,NA,NA,NA,NA,NA,NA,NA,NA,NA,NA,NA,NA,NA,NA,NA,NA,NA,NA,NA,NA,NA,NA,NA,NA,NA,NA,NA,NA,NA,NA,NA,NA,NA,NA,NA,NA,NA,NA,NA,NA,NA,NA,NA,NA,NA,NA,NA,NA,NA,NA,NA,NA,0.6265,0.627,0.05,NA,NA,NA,NA,NA,NA,NA,NA,NA,NA,NA,NA,NA,NA,NA,NA,NA,"all",0.0791357456914211,0.0284716109957213,0.0866097587606509,0.764849249852544,NA,NA
"pooled",NA,NA,"glossa_protocol",12,10,NA,0.9,4000,NA,NA,NA,NA,NA,NA,NA,NA,NA,NA,NA,NA,NA,NA,NA,NA,NA,NA,NA,NA,NA,NA,NA,NA,NA,NA,NA,NA,NA,NA,NA,NA,NA,NA,NA,NA,NA,NA,NA,NA,NA,NA,NA,NA,NA,NA,NA,NA,NA,NA,NA,NA,NA,NA,NA,NA,NA,NA,NA,NA,NA,NA,0.6265,0.62775,0.125,NA,NA,NA,NA,NA,NA,NA,NA,NA,NA,NA,NA,NA,NA,NA,NA,NA,"all",0.0749707064445042,0.0269731051538412,0.108968170882907,0.764849249852544,NA,NA
"pooled",NA,NA,"glossa_protocol",12,10,NA,0.85,4000,NA,NA,NA,NA,NA,NA,NA,NA,NA,NA,NA,NA,NA,NA,NA,NA,NA,NA,NA,NA,NA,NA,NA,NA,NA,NA,NA,NA,NA,NA,NA,NA,NA,NA,NA,NA,NA,NA,NA,NA,NA,NA,NA,NA,NA,NA,NA,NA,NA,NA,NA,NA,NA,NA,NA,NA,NA,NA,NA,NA,NA,NA,0.6265,0.62825,0.175,NA,NA,NA,NA,NA,NA,NA,NA,NA,NA,NA,NA,NA,NA,NA,NA,NA,"all",0.0708056671975873,0.0254745993119611,0.124984995348504,0.764849249852544,NA,NA
"pooled",NA,NA,"glossa_protocol",12,10,NA,0.95,4000,NA,NA,NA,NA,NA,NA,NA,NA,NA,NA,NA,NA,NA,NA,NA,NA,NA,NA,NA,NA,NA,NA,NA,NA,NA,NA,NA,NA,NA,NA,NA,NA,NA,NA,NA,NA,NA,NA,NA,NA,NA,NA,NA,NA,NA,NA,NA,NA,NA,NA,NA,NA,NA,NA,NA,NA,NA,NA,NA,NA,NA,NA,0.6265,0.62775,0.125,NA,NA,NA,NA,NA,NA,NA,NA,NA,NA,NA,NA,NA,NA,NA,NA,NA,"floor",0.0785804745186071,0.0299701168376013,0.0661225135388785,0.764849249852544,NA,NA
"pooled",NA,NA,"glossa_protocol",12,10,NA,0.9,4000,NA,NA,NA,NA,NA,NA,NA,NA,NA,NA,NA,NA,NA,NA,NA,NA,NA,NA,NA,NA,NA,NA,NA,NA,NA,NA,NA,NA,NA,NA,NA,NA,NA,NA,NA,NA,NA,NA,NA,NA,NA,NA,NA,NA,NA,NA,NA,NA,NA,NA,NA,NA,NA,NA,NA,NA,NA,NA,NA,NA,NA,NA,0.6265,0.628,0.15,NA,NA,NA,NA,NA,NA,NA,NA,NA,NA,NA,NA,NA,NA,NA,NA,NA,"floor",0.0738237585277851,0.0299701168376013,0.0999843698712686,0.764849249852544,NA,NA
"pooled",NA,NA,"glossa_protocol",12,10,NA,0.85,4000,NA,NA,NA,NA,NA,NA,NA,NA,NA,NA,NA,NA,NA,NA,NA,NA,NA,NA,NA,NA,NA,NA,NA,NA,NA,NA,NA,NA,NA,NA,NA,NA,NA,NA,NA,NA,NA,NA,NA,NA,NA,NA,NA,NA,NA,NA,NA,NA,NA,NA,NA,NA,NA,NA,NA,NA,NA,NA,NA,NA,NA,NA,0.6265,0.62825,0.175,NA,NA,NA,NA,NA,NA,NA,NA,NA,NA,NA,NA,NA,NA,NA,NA,NA,"floor",0.069023110724894,0.0299701168376013,0.119878840852425,0.764849249852544,NA,NA
"pooled",NA,NA,"claps_protocol",3,10,NA,0.85,NA,NA,NA,NA,NA,NA,NA,NA,NA,NA,NA,NA,NA,NA,NA,NA,NA,NA,NA,NA,NA,NA,NA,NA,NA,NA,NA,NA,NA,NA,NA,NA,NA,NA,NA,NA,NA,NA,NA,NA,NA,NA,NA,NA,NA,NA,NA,NA,NA,NA,NA,NA,NA,NA,NA,NA,NA,NA,NA,NA,NA,NA,NA,NA,NA,NA,NA,NA,NA,NA,NA,NA,NA,NA,NA,NA,NA,NA,NA,NA,NA,NA,NA,"analytic_all_engine",0.083300784938338,0.0299701168376013,NA,NA,0.155,0.959466020450309
"pooled",NA,NA,"claps_protocol",3,10,NA,0.9,NA,NA,NA,NA,NA,NA,NA,NA,NA,NA,NA,NA,NA,NA,NA,NA,NA,NA,NA,NA,NA,NA,NA,NA,NA,NA,NA,NA,NA,NA,NA,NA,NA,NA,NA,NA,NA,NA,NA,NA,NA,NA,NA,NA,NA,NA,NA,NA,NA,NA,NA,NA,NA,NA,NA,NA,NA,NA,NA,NA,NA,NA,NA,NA,NA,NA,NA,NA,NA,NA,NA,NA,NA,NA,NA,NA,NA,NA,NA,NA,NA,NA,NA,"analytic_all_engine",0.083300784938338,0.0299701168376013,NA,NA,0.155,0.972429405827521
"pooled",NA,NA,"claps_protocol",3,10,NA,0.95,NA,NA,NA,NA,NA,NA,NA,NA,NA,NA,NA,NA,NA,NA,NA,NA,NA,NA,NA,NA,NA,NA,NA,NA,NA,NA,NA,NA,NA,NA,NA,NA,NA,NA,NA,NA,NA,NA,NA,NA,NA,NA,NA,NA,NA,NA,NA,NA,NA,NA,NA,NA,NA,NA,NA,NA,NA,NA,NA,NA,NA,NA,NA,NA,NA,NA,NA,NA,NA,NA,NA,NA,NA,NA,NA,NA,NA,NA,NA,NA,NA,NA,NA,"analytic_all_engine",0.083300784938338,0.0299701168376013,NA,NA,0.155,0.98594824129793
"pooled",NA,NA,"claps_protocol",3,10,NA,0.98,NA,NA,NA,NA,NA,NA,NA,NA,NA,NA,NA,NA,NA,NA,NA,NA,NA,NA,NA,NA,NA,NA,NA,NA,NA,NA,NA,NA,NA,NA,NA,NA,NA,NA,NA,NA,NA,NA,NA,NA,NA,NA,NA,NA,NA,NA,NA,NA,NA,NA,NA,NA,NA,NA,NA,NA,NA,NA,NA,NA,NA,NA,NA,NA,NA,NA,NA,NA,NA,NA,NA,NA,NA,NA,NA,NA,NA,NA,NA,NA,NA,NA,NA,"analytic_all_engine",0.083300784938338,0.0299701168376013,NA,NA,0.155,0.994316772549704
"pooled",NA,NA,"claps_protocol",3,10,NA,0.85,NA,NA,NA,NA,NA,NA,NA,NA,NA,NA,NA,NA,NA,NA,NA,NA,NA,NA,NA,NA,NA,NA,NA,NA,NA,NA,NA,NA,NA,NA,NA,NA,NA,NA,NA,NA,NA,NA,NA,NA,NA,NA,NA,NA,NA,NA,NA,NA,NA,NA,NA,NA,NA,NA,NA,NA,NA,NA,NA,NA,NA,NA,NA,NA,NA,NA,NA,NA,NA,NA,NA,NA,NA,NA,NA,NA,NA,NA,NA,NA,NA,NA,NA,"analytic_all_calibrated_s80",0.0994890955262834,0.0299701168376013,NA,NA,0.155,0.951088162888467
"pooled",NA,NA,"claps_protocol",3,10,NA,0.9,NA,NA,NA,NA,NA,NA,NA,NA,NA,NA,NA,NA,NA,NA,NA,NA,NA,NA,NA,NA,NA,NA,NA,NA,NA,NA,NA,NA,NA,NA,NA,NA,NA,NA,NA,NA,NA,NA,NA,NA,NA,NA,NA,NA,NA,NA,NA,NA,NA,NA,NA,NA,NA,NA,NA,NA,NA,NA,NA,NA,NA,NA,NA,NA,NA,NA,NA,NA,NA,NA,NA,NA,NA,NA,NA,NA,NA,NA,NA,NA,NA,NA,NA,"analytic_all_calibrated_s80",0.0994890955262834,0.0299701168376013,NA,NA,0.155,0.966777971438771
"pooled",NA,NA,"claps_protocol",3,10,NA,0.95,NA,NA,NA,NA,NA,NA,NA,NA,NA,NA,NA,NA,NA,NA,NA,NA,NA,NA,NA,NA,NA,NA,NA,NA,NA,NA,NA,NA,NA,NA,NA,NA,NA,NA,NA,NA,NA,NA,NA,NA,NA,NA,NA,NA,NA,NA,NA,NA,NA,NA,NA,NA,NA,NA,NA,NA,NA,NA,NA,NA,NA,NA,NA,NA,NA,NA,NA,NA,NA,NA,NA,NA,NA,NA,NA,NA,NA,NA,NA,NA,NA,NA,NA,"analytic_all_calibrated_s80",0.0994890955262834,0.0299701168376013,NA,NA,0.155,0.983092102262251
"pooled",NA,NA,"claps_protocol",3,10,NA,0.98,NA,NA,NA,NA,NA,NA,NA,NA,NA,NA,NA,NA,NA,NA,NA,NA,NA,NA,NA,NA,NA,NA,NA,NA,NA,NA,NA,NA,NA,NA,NA,NA,NA,NA,NA,NA,NA,NA,NA,NA,NA,NA,NA,NA,NA,NA,NA,NA,NA,NA,NA,NA,NA,NA,NA,NA,NA,NA,NA,NA,NA,NA,NA,NA,NA,NA,NA,NA,NA,NA,NA,NA,NA,NA,NA,NA,NA,NA,NA,NA,NA,NA,NA,"analytic_all_calibrated_s80",0.0994890955262834,0.0299701168376013,NA,NA,0.155,0.993167505837939
"pooled",NA,NA,"claps_protocol",6,10,NA,0.85,NA,NA,NA,NA,NA,NA,NA,NA,NA,NA,NA,NA,NA,NA,NA,NA,NA,NA,NA,NA,NA,NA,NA,NA,NA,NA,NA,NA,NA,NA,NA,NA,NA,NA,NA,NA,NA,NA,NA,NA,NA,NA,NA,NA,NA,NA,NA,NA,NA,NA,NA,NA,NA,NA,NA,NA,NA,NA,NA,NA,NA,NA,NA,NA,NA,NA,NA,NA,NA,NA,NA,NA,NA,NA,NA,NA,NA,NA,NA,NA,NA,NA,NA,"analytic_all_engine",0.083300784938338,0.0299701168376013,NA,NA,0.155,0.951784151556229
"pooled",NA,NA,"claps_protocol",6,10,NA,0.9,NA,NA,NA,NA,NA,NA,NA,NA,NA,NA,NA,NA,NA,NA,NA,NA,NA,NA,NA,NA,NA,NA,NA,NA,NA,NA,NA,NA,NA,NA,NA,NA,NA,NA,NA,NA,NA,NA,NA,NA,NA,NA,NA,NA,NA,NA,NA,NA,NA,NA,NA,NA,NA,NA,NA,NA,NA,NA,NA,NA,NA,NA,NA,NA,NA,NA,NA,NA,NA,NA,NA,NA,NA,NA,NA,NA,NA,NA,NA,NA,NA,NA,NA,"analytic_all_engine",0.083300784938338,0.0299701168376013,NA,NA,0.155,0.967246828423937
"pooled",NA,NA,"claps_protocol",6,10,NA,0.95,NA,NA,NA,NA,NA,NA,NA,NA,NA,NA,NA,NA,NA,NA,NA,NA,NA,NA,NA,NA,NA,NA,NA,NA,NA,NA,NA,NA,NA,NA,NA,NA,NA,NA,NA,NA,NA,NA,NA,NA,NA,NA,NA,NA,NA,NA,NA,NA,NA,NA,NA,NA,NA,NA,NA,NA,NA,NA,NA,NA,NA,NA,NA,NA,NA,NA,NA,NA,NA,NA,NA,NA,NA,NA,NA,NA,NA,NA,NA,NA,NA,NA,NA,"analytic_all_engine",0.083300784938338,0.0299701168376013,NA,NA,0.155,0.983328736170308
"pooled",NA,NA,"claps_protocol",6,10,NA,0.98,NA,NA,NA,NA,NA,NA,NA,NA,NA,NA,NA,NA,NA,NA,NA,NA,NA,NA,NA,NA,NA,NA,NA,NA,NA,NA,NA,NA,NA,NA,NA,NA,NA,NA,NA,NA,NA,NA,NA,NA,NA,NA,NA,NA,NA,NA,NA,NA,NA,NA,NA,NA,NA,NA,NA,NA,NA,NA,NA,NA,NA,NA,NA,NA,NA,NA,NA,NA,NA,NA,NA,NA,NA,NA,NA,NA,NA,NA,NA,NA,NA,NA,NA,"analytic_all_engine",0.083300784938338,0.0299701168376013,NA,NA,0.155,0.993262647495902
"pooled",NA,NA,"claps_protocol",6,10,NA,0.85,NA,NA,NA,NA,NA,NA,NA,NA,NA,NA,NA,NA,NA,NA,NA,NA,NA,NA,NA,NA,NA,NA,NA,NA,NA,NA,NA,NA,NA,NA,NA,NA,NA,NA,NA,NA,NA,NA,NA,NA,NA,NA,NA,NA,NA,NA,NA,NA,NA,NA,NA,NA,NA,NA,NA,NA,NA,NA,NA,NA,NA,NA,NA,NA,NA,NA,NA,NA,NA,NA,NA,NA,NA,NA,NA,NA,NA,NA,NA,NA,NA,NA,NA,"analytic_all_calibrated_s80",0.0994890955262834,0.0299701168376013,NA,NA,0.155,0.944504621073202
"pooled",NA,NA,"claps_protocol",6,10,NA,0.9,NA,NA,NA,NA,NA,NA,NA,NA,NA,NA,NA,NA,NA,NA,NA,NA,NA,NA,NA,NA,NA,NA,NA,NA,NA,NA,NA,NA,NA,NA,NA,NA,NA,NA,NA,NA,NA,NA,NA,NA,NA,NA,NA,NA,NA,NA,NA,NA,NA,NA,NA,NA,NA,NA,NA,NA,NA,NA,NA,NA,NA,NA,NA,NA,NA,NA,NA,NA,NA,NA,NA,NA,NA,NA,NA,NA,NA,NA,NA,NA,NA,NA,NA,"analytic_all_calibrated_s80",0.0994890955262834,0.0299701168376013,NA,NA,0.155,0.962348677335379
"pooled",NA,NA,"claps_protocol",6,10,NA,0.95,NA,NA,NA,NA,NA,NA,NA,NA,NA,NA,NA,NA,NA,NA,NA,NA,NA,NA,NA,NA,NA,NA,NA,NA,NA,NA,NA,NA,NA,NA,NA,NA,NA,NA,NA,NA,NA,NA,NA,NA,NA,NA,NA,NA,NA,NA,NA,NA,NA,NA,NA,NA,NA,NA,NA,NA,NA,NA,NA,NA,NA,NA,NA,NA,NA,NA,NA,NA,NA,NA,NA,NA,NA,NA,NA,NA,NA,NA,NA,NA,NA,NA,NA,"analytic_all_calibrated_s80",0.0994890955262834,0.0299701168376013,NA,NA,0.155,0.980859478736009
"pooled",NA,NA,"claps_protocol",6,10,NA,0.98,NA,NA,NA,NA,NA,NA,NA,NA,NA,NA,NA,NA,NA,NA,NA,NA,NA,NA,NA,NA,NA,NA,NA,NA,NA,NA,NA,NA,NA,NA,NA,NA,NA,NA,NA,NA,NA,NA,NA,NA,NA,NA,NA,NA,NA,NA,NA,NA,NA,NA,NA,NA,NA,NA,NA,NA,NA,NA,NA,NA,NA,NA,NA,NA,NA,NA,NA,NA,NA,NA,NA,NA,NA,NA,NA,NA,NA,NA,NA,NA,NA,NA,NA,"analytic_all_calibrated_s80",0.0994890955262834,0.0299701168376013,NA,NA,0.155,0.992270530492828
"pooled",NA,NA,"claps_protocol",12,10,NA,0.85,NA,NA,NA,NA,NA,NA,NA,NA,NA,NA,NA,NA,NA,NA,NA,NA,NA,NA,NA,NA,NA,NA,NA,NA,NA,NA,NA,NA,NA,NA,NA,NA,NA,NA,NA,NA,NA,NA,NA,NA,NA,NA,NA,NA,NA,NA,NA,NA,NA,NA,NA,NA,NA,NA,NA,NA,NA,NA,NA,NA,NA,NA,NA,NA,NA,NA,NA,NA,NA,NA,NA,NA,NA,NA,NA,NA,NA,NA,NA,NA,NA,NA,NA,"analytic_all_engine",0.083300784938338,0.0299701168376013,NA,NA,0.155,0.939263412192616
"pooled",NA,NA,"claps_protocol",12,10,NA,0.9,NA,NA,NA,NA,NA,NA,NA,NA,NA,NA,NA,NA,NA,NA,NA,NA,NA,NA,NA,NA,NA,NA,NA,NA,NA,NA,NA,NA,NA,NA,NA,NA,NA,NA,NA,NA,NA,NA,NA,NA,NA,NA,NA,NA,NA,NA,NA,NA,NA,NA,NA,NA,NA,NA,NA,NA,NA,NA,NA,NA,NA,NA,NA,NA,NA,NA,NA,NA,NA,NA,NA,NA,NA,NA,NA,NA,NA,NA,NA,NA,NA,NA,NA,"analytic_all_engine",0.083300784938338,0.0299701168376013,NA,NA,0.155,0.958829981306339
"pooled",NA,NA,"claps_protocol",12,10,NA,0.95,NA,NA,NA,NA,NA,NA,NA,NA,NA,NA,NA,NA,NA,NA,NA,NA,NA,NA,NA,NA,NA,NA,NA,NA,NA,NA,NA,NA,NA,NA,NA,NA,NA,NA,NA,NA,NA,NA,NA,NA,NA,NA,NA,NA,NA,NA,NA,NA,NA,NA,NA,NA,NA,NA,NA,NA,NA,NA,NA,NA,NA,NA,NA,NA,NA,NA,NA,NA,NA,NA,NA,NA,NA,NA,NA,NA,NA,NA,NA,NA,NA,NA,NA,"analytic_all_engine",0.083300784938338,0.0299701168376013,NA,NA,0.155,0.979089550155658
"pooled",NA,NA,"claps_protocol",12,10,NA,0.98,NA,NA,NA,NA,NA,NA,NA,NA,NA,NA,NA,NA,NA,NA,NA,NA,NA,NA,NA,NA,NA,NA,NA,NA,NA,NA,NA,NA,NA,NA,NA,NA,NA,NA,NA,NA,NA,NA,NA,NA,NA,NA,NA,NA,NA,NA,NA,NA,NA,NA,NA,NA,NA,NA,NA,NA,NA,NA,NA,NA,NA,NA,NA,NA,NA,NA,NA,NA,NA,NA,NA,NA,NA,NA,NA,NA,NA,NA,NA,NA,NA,NA,NA,"analytic_all_engine",0.083300784938338,0.0299701168376013,NA,NA,0.155,0.991560321038078
"pooled",NA,NA,"claps_protocol",12,10,NA,0.85,NA,NA,NA,NA,NA,NA,NA,NA,NA,NA,NA,NA,NA,NA,NA,NA,NA,NA,NA,NA,NA,NA,NA,NA,NA,NA,NA,NA,NA,NA,NA,NA,NA,NA,NA,NA,NA,NA,NA,NA,NA,NA,NA,NA,NA,NA,NA,NA,NA,NA,NA,NA,NA,NA,NA,NA,NA,NA,NA,NA,NA,NA,NA,NA,NA,NA,NA,NA,NA,NA,NA,NA,NA,NA,NA,NA,NA,NA,NA,NA,NA,NA,NA,"analytic_all_calibrated_s80",0.0994890955262834,0.0299701168376013,NA,NA,0.155,0.93361835617859
"pooled",NA,NA,"claps_protocol",12,10,NA,0.9,NA,NA,NA,NA,NA,NA,NA,NA,NA,NA,NA,NA,NA,NA,NA,NA,NA,NA,NA,NA,NA,NA,NA,NA,NA,NA,NA,NA,NA,NA,NA,NA,NA,NA,NA,NA,NA,NA,NA,NA,NA,NA,NA,NA,NA,NA,NA,NA,NA,NA,NA,NA,NA,NA,NA,NA,NA,NA,NA,NA,NA,NA,NA,NA,NA,NA,NA,NA,NA,NA,NA,NA,NA,NA,NA,NA,NA,NA,NA,NA,NA,NA,NA,"analytic_all_calibrated_s80",0.0994890955262834,0.0299701168376013,NA,NA,0.155,0.955047689293292
"pooled",NA,NA,"claps_protocol",12,10,NA,0.95,NA,NA,NA,NA,NA,NA,NA,NA,NA,NA,NA,NA,NA,NA,NA,NA,NA,NA,NA,NA,NA,NA,NA,NA,NA,NA,NA,NA,NA,NA,NA,NA,NA,NA,NA,NA,NA,NA,NA,NA,NA,NA,NA,NA,NA,NA,NA,NA,NA,NA,NA,NA,NA,NA,NA,NA,NA,NA,NA,NA,NA,NA,NA,NA,NA,NA,NA,NA,NA,NA,NA,NA,NA,NA,NA,NA,NA,NA,NA,NA,NA,NA,NA,"analytic_all_calibrated_s80",0.0994890955262834,0.0299701168376013,NA,NA,0.155,0.977190706648358
"pooled",NA,NA,"claps_protocol",12,10,NA,0.98,NA,NA,NA,NA,NA,NA,NA,NA,NA,NA,NA,NA,NA,NA,NA,NA,NA,NA,NA,NA,NA,NA,NA,NA,NA,NA,NA,NA,NA,NA,NA,NA,NA,NA,NA,NA,NA,NA,NA,NA,NA,NA,NA,NA,NA,NA,NA,NA,NA,NA,NA,NA,NA,NA,NA,NA,NA,NA,NA,NA,NA,NA,NA,NA,NA,NA,NA,NA,NA,NA,NA,NA,NA,NA,NA,NA,NA,NA,NA,NA,NA,NA,NA,"analytic_all_calibrated_s80",0.0994890955262834,0.0299701168376013,NA,NA,0.155,0.990799244409993
"pooled",NA,NA,"seven",3,10,NA,0.85,NA,NA,NA,NA,NA,NA,NA,NA,NA,NA,NA,NA,NA,NA,NA,NA,NA,NA,NA,NA,NA,NA,NA,NA,NA,NA,NA,NA,NA,NA,NA,NA,NA,NA,NA,NA,NA,NA,NA,NA,NA,NA,NA,NA,NA,NA,NA,NA,NA,NA,NA,NA,NA,NA,NA,NA,NA,NA,NA,NA,NA,NA,NA,NA,NA,NA,NA,NA,NA,NA,NA,NA,NA,NA,NA,NA,NA,NA,NA,NA,NA,NA,NA,"analytic_all_engine",0.083300784938338,0.0299701168376013,NA,NA,0.385,0.991496343280177
"pooled",NA,NA,"seven",3,10,NA,0.9,NA,NA,NA,NA,NA,NA,NA,NA,NA,NA,NA,NA,NA,NA,NA,NA,NA,NA,NA,NA,NA,NA,NA,NA,NA,NA,NA,NA,NA,NA,NA,NA,NA,NA,NA,NA,NA,NA,NA,NA,NA,NA,NA,NA,NA,NA,NA,NA,NA,NA,NA,NA,NA,NA,NA,NA,NA,NA,NA,NA,NA,NA,NA,NA,NA,NA,NA,NA,NA,NA,NA,NA,NA,NA,NA,NA,NA,NA,NA,NA,NA,NA,NA,"analytic_all_engine",0.083300784938338,0.0299701168376013,NA,NA,0.385,0.994185527957819
"pooled",NA,NA,"seven",3,10,NA,0.95,NA,NA,NA,NA,NA,NA,NA,NA,NA,NA,NA,NA,NA,NA,NA,NA,NA,NA,NA,NA,NA,NA,NA,NA,NA,NA,NA,NA,NA,NA,NA,NA,NA,NA,NA,NA,NA,NA,NA,NA,NA,NA,NA,NA,NA,NA,NA,NA,NA,NA,NA,NA,NA,NA,NA,NA,NA,NA,NA,NA,NA,NA,NA,NA,NA,NA,NA,NA,NA,NA,NA,NA,NA,NA,NA,NA,NA,NA,NA,NA,NA,NA,NA,"analytic_all_engine",0.083300784938338,0.0299701168376013,NA,NA,0.385,0.997020493481175
"pooled",NA,NA,"seven",3,10,NA,0.98,NA,NA,NA,NA,NA,NA,NA,NA,NA,NA,NA,NA,NA,NA,NA,NA,NA,NA,NA,NA,NA,NA,NA,NA,NA,NA,NA,NA,NA,NA,NA,NA,NA,NA,NA,NA,NA,NA,NA,NA,NA,NA,NA,NA,NA,NA,NA,NA,NA,NA,NA,NA,NA,NA,NA,NA,NA,NA,NA,NA,NA,NA,NA,NA,NA,NA,NA,NA,NA,NA,NA,NA,NA,NA,NA,NA,NA,NA,NA,NA,NA,NA,NA,"analytic_all_engine",0.083300784938338,0.0299701168376013,NA,NA,0.385,0.998790933854344
"pooled",NA,NA,"seven",3,10,NA,0.85,NA,NA,NA,NA,NA,NA,NA,NA,NA,NA,NA,NA,NA,NA,NA,NA,NA,NA,NA,NA,NA,NA,NA,NA,NA,NA,NA,NA,NA,NA,NA,NA,NA,NA,NA,NA,NA,NA,NA,NA,NA,NA,NA,NA,NA,NA,NA,NA,NA,NA,NA,NA,NA,NA,NA,NA,NA,NA,NA,NA,NA,NA,NA,NA,NA,NA,NA,NA,NA,NA,NA,NA,NA,NA,NA,NA,NA,NA,NA,NA,NA,NA,NA,"analytic_all_calibrated_s80",0.0994890955262834,0.0299701168376013,NA,NA,0.385,0.989075619310764
"pooled",NA,NA,"seven",3,10,NA,0.9,NA,NA,NA,NA,NA,NA,NA,NA,NA,NA,NA,NA,NA,NA,NA,NA,NA,NA,NA,NA,NA,NA,NA,NA,NA,NA,NA,NA,NA,NA,NA,NA,NA,NA,NA,NA,NA,NA,NA,NA,NA,NA,NA,NA,NA,NA,NA,NA,NA,NA,NA,NA,NA,NA,NA,NA,NA,NA,NA,NA,NA,NA,NA,NA,NA,NA,NA,NA,NA,NA,NA,NA,NA,NA,NA,NA,NA,NA,NA,NA,NA,NA,NA,"analytic_all_calibrated_s80",0.0994890955262834,0.0299701168376013,NA,NA,0.385,0.992533223327284
"pooled",NA,NA,"seven",3,10,NA,0.95,NA,NA,NA,NA,NA,NA,NA,NA,NA,NA,NA,NA,NA,NA,NA,NA,NA,NA,NA,NA,NA,NA,NA,NA,NA,NA,NA,NA,NA,NA,NA,NA,NA,NA,NA,NA,NA,NA,NA,NA,NA,NA,NA,NA,NA,NA,NA,NA,NA,NA,NA,NA,NA,NA,NA,NA,NA,NA,NA,NA,NA,NA,NA,NA,NA,NA,NA,NA,NA,NA,NA,NA,NA,NA,NA,NA,NA,NA,NA,NA,NA,NA,NA,"analytic_all_calibrated_s80",0.0994890955262834,0.0299701168376013,NA,NA,0.385,0.996175355632795
"pooled",NA,NA,"seven",3,10,NA,0.98,NA,NA,NA,NA,NA,NA,NA,NA,NA,NA,NA,NA,NA,NA,NA,NA,NA,NA,NA,NA,NA,NA,NA,NA,NA,NA,NA,NA,NA,NA,NA,NA,NA,NA,NA,NA,NA,NA,NA,NA,NA,NA,NA,NA,NA,NA,NA,NA,NA,NA,NA,NA,NA,NA,NA,NA,NA,NA,NA,NA,NA,NA,NA,NA,NA,NA,NA,NA,NA,NA,NA,NA,NA,NA,NA,NA,NA,NA,NA,NA,NA,NA,NA,"analytic_all_calibrated_s80",0.0994890955262834,0.0299701168376013,NA,NA,0.385,0.998448372796444
"pooled",NA,NA,"seven",6,10,NA,0.85,NA,NA,NA,NA,NA,NA,NA,NA,NA,NA,NA,NA,NA,NA,NA,NA,NA,NA,NA,NA,NA,NA,NA,NA,NA,NA,NA,NA,NA,NA,NA,NA,NA,NA,NA,NA,NA,NA,NA,NA,NA,NA,NA,NA,NA,NA,NA,NA,NA,NA,NA,NA,NA,NA,NA,NA,NA,NA,NA,NA,NA,NA,NA,NA,NA,NA,NA,NA,NA,NA,NA,NA,NA,NA,NA,NA,NA,NA,NA,NA,NA,NA,NA,"analytic_all_engine",0.083300784938338,0.0299701168376013,NA,NA,0.385,0.989288553403125
"pooled",NA,NA,"seven",6,10,NA,0.9,NA,NA,NA,NA,NA,NA,NA,NA,NA,NA,NA,NA,NA,NA,NA,NA,NA,NA,NA,NA,NA,NA,NA,NA,NA,NA,NA,NA,NA,NA,NA,NA,NA,NA,NA,NA,NA,NA,NA,NA,NA,NA,NA,NA,NA,NA,NA,NA,NA,NA,NA,NA,NA,NA,NA,NA,NA,NA,NA,NA,NA,NA,NA,NA,NA,NA,NA,NA,NA,NA,NA,NA,NA,NA,NA,NA,NA,NA,NA,NA,NA,NA,NA,"analytic_all_engine",0.083300784938338,0.0299701168376013,NA,NA,0.385,0.992678513158358
"pooled",NA,NA,"seven",6,10,NA,0.95,NA,NA,NA,NA,NA,NA,NA,NA,NA,NA,NA,NA,NA,NA,NA,NA,NA,NA,NA,NA,NA,NA,NA,NA,NA,NA,NA,NA,NA,NA,NA,NA,NA,NA,NA,NA,NA,NA,NA,NA,NA,NA,NA,NA,NA,NA,NA,NA,NA,NA,NA,NA,NA,NA,NA,NA,NA,NA,NA,NA,NA,NA,NA,NA,NA,NA,NA,NA,NA,NA,NA,NA,NA,NA,NA,NA,NA,NA,NA,NA,NA,NA,NA,"analytic_all_engine",0.083300784938338,0.0299701168376013,NA,NA,0.385,0.996249642336099
"pooled",NA,NA,"seven",6,10,NA,0.98,NA,NA,NA,NA,NA,NA,NA,NA,NA,NA,NA,NA,NA,NA,NA,NA,NA,NA,NA,NA,NA,NA,NA,NA,NA,NA,NA,NA,NA,NA,NA,NA,NA,NA,NA,NA,NA,NA,NA,NA,NA,NA,NA,NA,NA,NA,NA,NA,NA,NA,NA,NA,NA,NA,NA,NA,NA,NA,NA,NA,NA,NA,NA,NA,NA,NA,NA,NA,NA,NA,NA,NA,NA,NA,NA,NA,NA,NA,NA,NA,NA,NA,NA,"analytic_all_engine",0.083300784938338,0.0299701168376013,NA,NA,0.385,0.998478476607644
"pooled",NA,NA,"seven",6,10,NA,0.85,NA,NA,NA,NA,NA,NA,NA,NA,NA,NA,NA,NA,NA,NA,NA,NA,NA,NA,NA,NA,NA,NA,NA,NA,NA,NA,NA,NA,NA,NA,NA,NA,NA,NA,NA,NA,NA,NA,NA,NA,NA,NA,NA,NA,NA,NA,NA,NA,NA,NA,NA,NA,NA,NA,NA,NA,NA,NA,NA,NA,NA,NA,NA,NA,NA,NA,NA,NA,NA,NA,NA,NA,NA,NA,NA,NA,NA,NA,NA,NA,NA,NA,NA,"analytic_all_calibrated_s80",0.0994890955262834,0.0299701168376013,NA,NA,0.385,0.986942538618819
"pooled",NA,NA,"seven",6,10,NA,0.9,NA,NA,NA,NA,NA,NA,NA,NA,NA,NA,NA,NA,NA,NA,NA,NA,NA,NA,NA,NA,NA,NA,NA,NA,NA,NA,NA,NA,NA,NA,NA,NA,NA,NA,NA,NA,NA,NA,NA,NA,NA,NA,NA,NA,NA,NA,NA,NA,NA,NA,NA,NA,NA,NA,NA,NA,NA,NA,NA,NA,NA,NA,NA,NA,NA,NA,NA,NA,NA,NA,NA,NA,NA,NA,NA,NA,NA,NA,NA,NA,NA,NA,NA,"analytic_all_calibrated_s80",0.0994890955262834,0.0299701168376013,NA,NA,0.385,0.991078326486568
"pooled",NA,NA,"seven",6,10,NA,0.95,NA,NA,NA,NA,NA,NA,NA,NA,NA,NA,NA,NA,NA,NA,NA,NA,NA,NA,NA,NA,NA,NA,NA,NA,NA,NA,NA,NA,NA,NA,NA,NA,NA,NA,NA,NA,NA,NA,NA,NA,NA,NA,NA,NA,NA,NA,NA,NA,NA,NA,NA,NA,NA,NA,NA,NA,NA,NA,NA,NA,NA,NA,NA,NA,NA,NA,NA,NA,NA,NA,NA,NA,NA,NA,NA,NA,NA,NA,NA,NA,NA,NA,NA,"analytic_all_calibrated_s80",0.0994890955262834,0.0299701168376013,NA,NA,0.385,0.995431761123265
"pooled",NA,NA,"seven",6,10,NA,0.98,NA,NA,NA,NA,NA,NA,NA,NA,NA,NA,NA,NA,NA,NA,NA,NA,NA,NA,NA,NA,NA,NA,NA,NA,NA,NA,NA,NA,NA,NA,NA,NA,NA,NA,NA,NA,NA,NA,NA,NA,NA,NA,NA,NA,NA,NA,NA,NA,NA,NA,NA,NA,NA,NA,NA,NA,NA,NA,NA,NA,NA,NA,NA,NA,NA,NA,NA,NA,NA,NA,NA,NA,NA,NA,NA,NA,NA,NA,NA,NA,NA,NA,NA,"analytic_all_calibrated_s80",0.0994890955262834,0.0299701168376013,NA,NA,0.385,0.998147113589037
"pooled",NA,NA,"seven",12,10,NA,0.85,NA,NA,NA,NA,NA,NA,NA,NA,NA,NA,NA,NA,NA,NA,NA,NA,NA,NA,NA,NA,NA,NA,NA,NA,NA,NA,NA,NA,NA,NA,NA,NA,NA,NA,NA,NA,NA,NA,NA,NA,NA,NA,NA,NA,NA,NA,NA,NA,NA,NA,NA,NA,NA,NA,NA,NA,NA,NA,NA,NA,NA,NA,NA,NA,NA,NA,NA,NA,NA,NA,NA,NA,NA,NA,NA,NA,NA,NA,NA,NA,NA,NA,NA,"analytic_all_engine",0.083300784938338,0.0299701168376013,NA,NA,0.385,0.98507441541369
"pooled",NA,NA,"seven",12,10,NA,0.9,NA,NA,NA,NA,NA,NA,NA,NA,NA,NA,NA,NA,NA,NA,NA,NA,NA,NA,NA,NA,NA,NA,NA,NA,NA,NA,NA,NA,NA,NA,NA,NA,NA,NA,NA,NA,NA,NA,NA,NA,NA,NA,NA,NA,NA,NA,NA,NA,NA,NA,NA,NA,NA,NA,NA,NA,NA,NA,NA,NA,NA,NA,NA,NA,NA,NA,NA,NA,NA,NA,NA,NA,NA,NA,NA,NA,NA,NA,NA,NA,NA,NA,NA,"analytic_all_engine",0.083300784938338,0.0299701168376013,NA,NA,0.385,0.989804976225294
"pooled",NA,NA,"seven",12,10,NA,0.95,NA,NA,NA,NA,NA,NA,NA,NA,NA,NA,NA,NA,NA,NA,NA,NA,NA,NA,NA,NA,NA,NA,NA,NA,NA,NA,NA,NA,NA,NA,NA,NA,NA,NA,NA,NA,NA,NA,NA,NA,NA,NA,NA,NA,NA,NA,NA,NA,NA,NA,NA,NA,NA,NA,NA,NA,NA,NA,NA,NA,NA,NA,NA,NA,NA,NA,NA,NA,NA,NA,NA,NA,NA,NA,NA,NA,NA,NA,NA,NA,NA,NA,NA,"analytic_all_engine",0.083300784938338,0.0299701168376013,NA,NA,0.385,0.994781394575116
"pooled",NA,NA,"seven",12,10,NA,0.98,NA,NA,NA,NA,NA,NA,NA,NA,NA,NA,NA,NA,NA,NA,NA,NA,NA,NA,NA,NA,NA,NA,NA,NA,NA,NA,NA,NA,NA,NA,NA,NA,NA,NA,NA,NA,NA,NA,NA,NA,NA,NA,NA,NA,NA,NA,NA,NA,NA,NA,NA,NA,NA,NA,NA,NA,NA,NA,NA,NA,NA,NA,NA,NA,NA,NA,NA,NA,NA,NA,NA,NA,NA,NA,NA,NA,NA,NA,NA,NA,NA,NA,NA,"analytic_all_engine",0.083300784938338,0.0299701168376013,NA,NA,0.385,0.99788373461048
"pooled",NA,NA,"seven",12,10,NA,0.85,NA,NA,NA,NA,NA,NA,NA,NA,NA,NA,NA,NA,NA,NA,NA,NA,NA,NA,NA,NA,NA,NA,NA,NA,NA,NA,NA,NA,NA,NA,NA,NA,NA,NA,NA,NA,NA,NA,NA,NA,NA,NA,NA,NA,NA,NA,NA,NA,NA,NA,NA,NA,NA,NA,NA,NA,NA,NA,NA,NA,NA,NA,NA,NA,NA,NA,NA,NA,NA,NA,NA,NA,NA,NA,NA,NA,NA,NA,NA,NA,NA,NA,NA,"analytic_all_calibrated_s80",0.0994890955262834,0.0299701168376013,NA,NA,0.385,0.982867760501713
"pooled",NA,NA,"seven",12,10,NA,0.9,NA,NA,NA,NA,NA,NA,NA,NA,NA,NA,NA,NA,NA,NA,NA,NA,NA,NA,NA,NA,NA,NA,NA,NA,NA,NA,NA,NA,NA,NA,NA,NA,NA,NA,NA,NA,NA,NA,NA,NA,NA,NA,NA,NA,NA,NA,NA,NA,NA,NA,NA,NA,NA,NA,NA,NA,NA,NA,NA,NA,NA,NA,NA,NA,NA,NA,NA,NA,NA,NA,NA,NA,NA,NA,NA,NA,NA,NA,NA,NA,NA,NA,NA,"analytic_all_calibrated_s80",0.0994890955262834,0.0299701168376013,NA,NA,0.385,0.988301877105223
"pooled",NA,NA,"seven",12,10,NA,0.95,NA,NA,NA,NA,NA,NA,NA,NA,NA,NA,NA,NA,NA,NA,NA,NA,NA,NA,NA,NA,NA,NA,NA,NA,NA,NA,NA,NA,NA,NA,NA,NA,NA,NA,NA,NA,NA,NA,NA,NA,NA,NA,NA,NA,NA,NA,NA,NA,NA,NA,NA,NA,NA,NA,NA,NA,NA,NA,NA,NA,NA,NA,NA,NA,NA,NA,NA,NA,NA,NA,NA,NA,NA,NA,NA,NA,NA,NA,NA,NA,NA,NA,NA,"analytic_all_calibrated_s80",0.0994890955262834,0.0299701168376013,NA,NA,0.385,0.994014212882202
"pooled",NA,NA,"seven",12,10,NA,0.98,NA,NA,NA,NA,NA,NA,NA,NA,NA,NA,NA,NA,NA,NA,NA,NA,NA,NA,NA,NA,NA,NA,NA,NA,NA,NA,NA,NA,NA,NA,NA,NA,NA,NA,NA,NA,NA,NA,NA,NA,NA,NA,NA,NA,NA,NA,NA,NA,NA,NA,NA,NA,NA,NA,NA,NA,NA,NA,NA,NA,NA,NA,NA,NA,NA,NA,NA,NA,NA,NA,NA,NA,NA,NA,NA,NA,NA,NA,NA,NA,NA,NA,NA,"analytic_all_calibrated_s80",0.0994890955262834,0.0299701168376013,NA,NA,0.385,0.997573180989145
"pooled",NA,NA,"glossa_protocol",3,10,NA,0.85,NA,NA,NA,NA,NA,NA,NA,NA,NA,NA,NA,NA,NA,NA,NA,NA,NA,NA,NA,NA,NA,NA,NA,NA,NA,NA,NA,NA,NA,NA,NA,NA,NA,NA,NA,NA,NA,NA,NA,NA,NA,NA,NA,NA,NA,NA,NA,NA,NA,NA,NA,NA,NA,NA,NA,NA,NA,NA,NA,NA,NA,NA,NA,NA,NA,NA,NA,NA,NA,NA,NA,NA,NA,NA,NA,NA,NA,NA,NA,NA,NA,NA,NA,"analytic_all_engine",0.083300784938338,0.0299701168376013,NA,NA,0.53,0.995388633112674
"pooled",NA,NA,"glossa_protocol",3,10,NA,0.9,NA,NA,NA,NA,NA,NA,NA,NA,NA,NA,NA,NA,NA,NA,NA,NA,NA,NA,NA,NA,NA,NA,NA,NA,NA,NA,NA,NA,NA,NA,NA,NA,NA,NA,NA,NA,NA,NA,NA,NA,NA,NA,NA,NA,NA,NA,NA,NA,NA,NA,NA,NA,NA,NA,NA,NA,NA,NA,NA,NA,NA,NA,NA,NA,NA,NA,NA,NA,NA,NA,NA,NA,NA,NA,NA,NA,NA,NA,NA,NA,NA,NA,NA,"analytic_all_engine",0.083300784938338,0.0299701168376013,NA,NA,0.53,0.996844970419731
"pooled",NA,NA,"glossa_protocol",3,10,NA,0.95,NA,NA,NA,NA,NA,NA,NA,NA,NA,NA,NA,NA,NA,NA,NA,NA,NA,NA,NA,NA,NA,NA,NA,NA,NA,NA,NA,NA,NA,NA,NA,NA,NA,NA,NA,NA,NA,NA,NA,NA,NA,NA,NA,NA,NA,NA,NA,NA,NA,NA,NA,NA,NA,NA,NA,NA,NA,NA,NA,NA,NA,NA,NA,NA,NA,NA,NA,NA,NA,NA,NA,NA,NA,NA,NA,NA,NA,NA,NA,NA,NA,NA,NA,"analytic_all_engine",0.083300784938338,0.0299701168376013,NA,NA,0.53,0.998382217093137
"pooled",NA,NA,"glossa_protocol",3,10,NA,0.98,NA,NA,NA,NA,NA,NA,NA,NA,NA,NA,NA,NA,NA,NA,NA,NA,NA,NA,NA,NA,NA,NA,NA,NA,NA,NA,NA,NA,NA,NA,NA,NA,NA,NA,NA,NA,NA,NA,NA,NA,NA,NA,NA,NA,NA,NA,NA,NA,NA,NA,NA,NA,NA,NA,NA,NA,NA,NA,NA,NA,NA,NA,NA,NA,NA,NA,NA,NA,NA,NA,NA,NA,NA,NA,NA,NA,NA,NA,NA,NA,NA,NA,NA,"analytic_all_engine",0.083300784938338,0.0299701168376013,NA,NA,0.53,0.999343247085236
"pooled",NA,NA,"glossa_protocol",3,10,NA,0.85,NA,NA,NA,NA,NA,NA,NA,NA,NA,NA,NA,NA,NA,NA,NA,NA,NA,NA,NA,NA,NA,NA,NA,NA,NA,NA,NA,NA,NA,NA,NA,NA,NA,NA,NA,NA,NA,NA,NA,NA,NA,NA,NA,NA,NA,NA,NA,NA,NA,NA,NA,NA,NA,NA,NA,NA,NA,NA,NA,NA,NA,NA,NA,NA,NA,NA,NA,NA,NA,NA,NA,NA,NA,NA,NA,NA,NA,NA,NA,NA,NA,NA,NA,"analytic_all_calibrated_s80",0.0994890955262834,0.0299701168376013,NA,NA,0.53,0.994028915516239
"pooled",NA,NA,"glossa_protocol",3,10,NA,0.9,NA,NA,NA,NA,NA,NA,NA,NA,NA,NA,NA,NA,NA,NA,NA,NA,NA,NA,NA,NA,NA,NA,NA,NA,NA,NA,NA,NA,NA,NA,NA,NA,NA,NA,NA,NA,NA,NA,NA,NA,NA,NA,NA,NA,NA,NA,NA,NA,NA,NA,NA,NA,NA,NA,NA,NA,NA,NA,NA,NA,NA,NA,NA,NA,NA,NA,NA,NA,NA,NA,NA,NA,NA,NA,NA,NA,NA,NA,NA,NA,NA,NA,NA,"analytic_all_calibrated_s80",0.0994890955262834,0.0299701168376013,NA,NA,0.53,0.995915554377481
"pooled",NA,NA,"glossa_protocol",3,10,NA,0.95,NA,NA,NA,NA,NA,NA,NA,NA,NA,NA,NA,NA,NA,NA,NA,NA,NA,NA,NA,NA,NA,NA,NA,NA,NA,NA,NA,NA,NA,NA,NA,NA,NA,NA,NA,NA,NA,NA,NA,NA,NA,NA,NA,NA,NA,NA,NA,NA,NA,NA,NA,NA,NA,NA,NA,NA,NA,NA,NA,NA,NA,NA,NA,NA,NA,NA,NA,NA,NA,NA,NA,NA,NA,NA,NA,NA,NA,NA,NA,NA,NA,NA,NA,"analytic_all_calibrated_s80",0.0994890955262834,0.0299701168376013,NA,NA,0.53,0.997906122750804
"pooled",NA,NA,"glossa_protocol",3,10,NA,0.98,NA,NA,NA,NA,NA,NA,NA,NA,NA,NA,NA,NA,NA,NA,NA,NA,NA,NA,NA,NA,NA,NA,NA,NA,NA,NA,NA,NA,NA,NA,NA,NA,NA,NA,NA,NA,NA,NA,NA,NA,NA,NA,NA,NA,NA,NA,NA,NA,NA,NA,NA,NA,NA,NA,NA,NA,NA,NA,NA,NA,NA,NA,NA,NA,NA,NA,NA,NA,NA,NA,NA,NA,NA,NA,NA,NA,NA,NA,NA,NA,NA,NA,NA,"analytic_all_calibrated_s80",0.0994890955262834,0.0299701168376013,NA,NA,0.53,0.999150092885421
"pooled",NA,NA,"glossa_protocol",6,10,NA,0.85,NA,NA,NA,NA,NA,NA,NA,NA,NA,NA,NA,NA,NA,NA,NA,NA,NA,NA,NA,NA,NA,NA,NA,NA,NA,NA,NA,NA,NA,NA,NA,NA,NA,NA,NA,NA,NA,NA,NA,NA,NA,NA,NA,NA,NA,NA,NA,NA,NA,NA,NA,NA,NA,NA,NA,NA,NA,NA,NA,NA,NA,NA,NA,NA,NA,NA,NA,NA,NA,NA,NA,NA,NA,NA,NA,NA,NA,NA,NA,NA,NA,NA,NA,"analytic_all_engine",0.083300784938338,0.0299701168376013,NA,NA,0.53,0.994149384779059
"pooled",NA,NA,"glossa_protocol",6,10,NA,0.9,NA,NA,NA,NA,NA,NA,NA,NA,NA,NA,NA,NA,NA,NA,NA,NA,NA,NA,NA,NA,NA,NA,NA,NA,NA,NA,NA,NA,NA,NA,NA,NA,NA,NA,NA,NA,NA,NA,NA,NA,NA,NA,NA,NA,NA,NA,NA,NA,NA,NA,NA,NA,NA,NA,NA,NA,NA,NA,NA,NA,NA,NA,NA,NA,NA,NA,NA,NA,NA,NA,NA,NA,NA,NA,NA,NA,NA,NA,NA,NA,NA,NA,NA,"analytic_all_engine",0.083300784938338,0.0299701168376013,NA,NA,0.53,0.995997883167819
"pooled",NA,NA,"glossa_protocol",6,10,NA,0.95,NA,NA,NA,NA,NA,NA,NA,NA,NA,NA,NA,NA,NA,NA,NA,NA,NA,NA,NA,NA,NA,NA,NA,NA,NA,NA,NA,NA,NA,NA,NA,NA,NA,NA,NA,NA,NA,NA,NA,NA,NA,NA,NA,NA,NA,NA,NA,NA,NA,NA,NA,NA,NA,NA,NA,NA,NA,NA,NA,NA,NA,NA,NA,NA,NA,NA,NA,NA,NA,NA,NA,NA,NA,NA,NA,NA,NA,NA,NA,NA,NA,NA,NA,"analytic_all_engine",0.083300784938338,0.0299701168376013,NA,NA,0.53,0.99794828699817
"pooled",NA,NA,"glossa_protocol",6,10,NA,0.98,NA,NA,NA,NA,NA,NA,NA,NA,NA,NA,NA,NA,NA,NA,NA,NA,NA,NA,NA,NA,NA,NA,NA,NA,NA,NA,NA,NA,NA,NA,NA,NA,NA,NA,NA,NA,NA,NA,NA,NA,NA,NA,NA,NA,NA,NA,NA,NA,NA,NA,NA,NA,NA,NA,NA,NA,NA,NA,NA,NA,NA,NA,NA,NA,NA,NA,NA,NA,NA,NA,NA,NA,NA,NA,NA,NA,NA,NA,NA,NA,NA,NA,NA,"analytic_all_engine",0.083300784938338,0.0299701168376013,NA,NA,0.53,0.99916719695028
"pooled",NA,NA,"glossa_protocol",6,10,NA,0.85,NA,NA,NA,NA,NA,NA,NA,NA,NA,NA,NA,NA,NA,NA,NA,NA,NA,NA,NA,NA,NA,NA,NA,NA,NA,NA,NA,NA,NA,NA,NA,NA,NA,NA,NA,NA,NA,NA,NA,NA,NA,NA,NA,NA,NA,NA,NA,NA,NA,NA,NA,NA,NA,NA,NA,NA,NA,NA,NA,NA,NA,NA,NA,NA,NA,NA,NA,NA,NA,NA,NA,NA,NA,NA,NA,NA,NA,NA,NA,NA,NA,NA,NA,"analytic_all_calibrated_s80",0.0994890955262834,0.0299701168376013,NA,NA,0.53,0.992812769258072
"pooled",NA,NA,"glossa_protocol",6,10,NA,0.9,NA,NA,NA,NA,NA,NA,NA,NA,NA,NA,NA,NA,NA,NA,NA,NA,NA,NA,NA,NA,NA,NA,NA,NA,NA,NA,NA,NA,NA,NA,NA,NA,NA,NA,NA,NA,NA,NA,NA,NA,NA,NA,NA,NA,NA,NA,NA,NA,NA,NA,NA,NA,NA,NA,NA,NA,NA,NA,NA,NA,NA,NA,NA,NA,NA,NA,NA,NA,NA,NA,NA,NA,NA,NA,NA,NA,NA,NA,NA,NA,NA,NA,NA,"analytic_all_calibrated_s80",0.0994890955262834,0.0299701168376013,NA,NA,0.53,0.995084616823678
"pooled",NA,NA,"glossa_protocol",6,10,NA,0.95,NA,NA,NA,NA,NA,NA,NA,NA,NA,NA,NA,NA,NA,NA,NA,NA,NA,NA,NA,NA,NA,NA,NA,NA,NA,NA,NA,NA,NA,NA,NA,NA,NA,NA,NA,NA,NA,NA,NA,NA,NA,NA,NA,NA,NA,NA,NA,NA,NA,NA,NA,NA,NA,NA,NA,NA,NA,NA,NA,NA,NA,NA,NA,NA,NA,NA,NA,NA,NA,NA,NA,NA,NA,NA,NA,NA,NA,NA,NA,NA,NA,NA,NA,"analytic_all_calibrated_s80",0.0994890955262834,0.0299701168376013,NA,NA,0.53,0.997480657977135
"pooled",NA,NA,"glossa_protocol",6,10,NA,0.98,NA,NA,NA,NA,NA,NA,NA,NA,NA,NA,NA,NA,NA,NA,NA,NA,NA,NA,NA,NA,NA,NA,NA,NA,NA,NA,NA,NA,NA,NA,NA,NA,NA,NA,NA,NA,NA,NA,NA,NA,NA,NA,NA,NA,NA,NA,NA,NA,NA,NA,NA,NA,NA,NA,NA,NA,NA,NA,NA,NA,NA,NA,NA,NA,NA,NA,NA,NA,NA,NA,NA,NA,NA,NA,NA,NA,NA,NA,NA,NA,NA,NA,NA,"analytic_all_calibrated_s80",0.0994890955262834,0.0299701168376013,NA,NA,0.53,0.998977525767194
"pooled",NA,NA,"glossa_protocol",12,10,NA,0.85,NA,NA,NA,NA,NA,NA,NA,NA,NA,NA,NA,NA,NA,NA,NA,NA,NA,NA,NA,NA,NA,NA,NA,NA,NA,NA,NA,NA,NA,NA,NA,NA,NA,NA,NA,NA,NA,NA,NA,NA,NA,NA,NA,NA,NA,NA,NA,NA,NA,NA,NA,NA,NA,NA,NA,NA,NA,NA,NA,NA,NA,NA,NA,NA,NA,NA,NA,NA,NA,NA,NA,NA,NA,NA,NA,NA,NA,NA,NA,NA,NA,NA,NA,"analytic_all_engine",0.083300784938338,0.0299701168376013,NA,NA,0.53,0.991733545195345
"pooled",NA,NA,"glossa_protocol",12,10,NA,0.9,NA,NA,NA,NA,NA,NA,NA,NA,NA,NA,NA,NA,NA,NA,NA,NA,NA,NA,NA,NA,NA,NA,NA,NA,NA,NA,NA,NA,NA,NA,NA,NA,NA,NA,NA,NA,NA,NA,NA,NA,NA,NA,NA,NA,NA,NA,NA,NA,NA,NA,NA,NA,NA,NA,NA,NA,NA,NA,NA,NA,NA,NA,NA,NA,NA,NA,NA,NA,NA,NA,NA,NA,NA,NA,NA,NA,NA,NA,NA,NA,NA,NA,NA,"analytic_all_engine",0.083300784938338,0.0299701168376013,NA,NA,0.53,0.994347503355234
"pooled",NA,NA,"glossa_protocol",12,10,NA,0.95,NA,NA,NA,NA,NA,NA,NA,NA,NA,NA,NA,NA,NA,NA,NA,NA,NA,NA,NA,NA,NA,NA,NA,NA,NA,NA,NA,NA,NA,NA,NA,NA,NA,NA,NA,NA,NA,NA,NA,NA,NA,NA,NA,NA,NA,NA,NA,NA,NA,NA,NA,NA,NA,NA,NA,NA,NA,NA,NA,NA,NA,NA,NA,NA,NA,NA,NA,NA,NA,NA,NA,NA,NA,NA,NA,NA,NA,NA,NA,NA,NA,NA,NA,"analytic_all_engine",0.083300784938338,0.0299701168376013,NA,NA,0.53,0.997103379397983
"pooled",NA,NA,"glossa_protocol",12,10,NA,0.98,NA,NA,NA,NA,NA,NA,NA,NA,NA,NA,NA,NA,NA,NA,NA,NA,NA,NA,NA,NA,NA,NA,NA,NA,NA,NA,NA,NA,NA,NA,NA,NA,NA,NA,NA,NA,NA,NA,NA,NA,NA,NA,NA,NA,NA,NA,NA,NA,NA,NA,NA,NA,NA,NA,NA,NA,NA,NA,NA,NA,NA,NA,NA,NA,NA,NA,NA,NA,NA,NA,NA,NA,NA,NA,NA,NA,NA,NA,NA,NA,NA,NA,NA,"analytic_all_engine",0.083300784938338,0.0299701168376013,NA,NA,0.53,0.998824539446717
"pooled",NA,NA,"glossa_protocol",12,10,NA,0.85,NA,NA,NA,NA,NA,NA,NA,NA,NA,NA,NA,NA,NA,NA,NA,NA,NA,NA,NA,NA,NA,NA,NA,NA,NA,NA,NA,NA,NA,NA,NA,NA,NA,NA,NA,NA,NA,NA,NA,NA,NA,NA,NA,NA,NA,NA,NA,NA,NA,NA,NA,NA,NA,NA,NA,NA,NA,NA,NA,NA,NA,NA,NA,NA,NA,NA,NA,NA,NA,NA,NA,NA,NA,NA,NA,NA,NA,NA,NA,NA,NA,NA,NA,"analytic_all_calibrated_s80",0.0994890955262834,0.0299701168376013,NA,NA,0.53,0.990441393385488
"pooled",NA,NA,"glossa_protocol",12,10,NA,0.9,NA,NA,NA,NA,NA,NA,NA,NA,NA,NA,NA,NA,NA,NA,NA,NA,NA,NA,NA,NA,NA,NA,NA,NA,NA,NA,NA,NA,NA,NA,NA,NA,NA,NA,NA,NA,NA,NA,NA,NA,NA,NA,NA,NA,NA,NA,NA,NA,NA,NA,NA,NA,NA,NA,NA,NA,NA,NA,NA,NA,NA,NA,NA,NA,NA,NA,NA,NA,NA,NA,NA,NA,NA,NA,NA,NA,NA,NA,NA,NA,NA,NA,NA,"analytic_all_calibrated_s80",0.0994890955262834,0.0299701168376013,NA,NA,0.53,0.993465296045471
"pooled",NA,NA,"glossa_protocol",12,10,NA,0.95,NA,NA,NA,NA,NA,NA,NA,NA,NA,NA,NA,NA,NA,NA,NA,NA,NA,NA,NA,NA,NA,NA,NA,NA,NA,NA,NA,NA,NA,NA,NA,NA,NA,NA,NA,NA,NA,NA,NA,NA,NA,NA,NA,NA,NA,NA,NA,NA,NA,NA,NA,NA,NA,NA,NA,NA,NA,NA,NA,NA,NA,NA,NA,NA,NA,NA,NA,NA,NA,NA,NA,NA,NA,NA,NA,NA,NA,NA,NA,NA,NA,NA,NA,"analytic_all_calibrated_s80",0.0994890955262834,0.0299701168376013,NA,NA,0.53,0.996652017106733
"pooled",NA,NA,"glossa_protocol",12,10,NA,0.98,NA,NA,NA,NA,NA,NA,NA,NA,NA,NA,NA,NA,NA,NA,NA,NA,NA,NA,NA,NA,NA,NA,NA,NA,NA,NA,NA,NA,NA,NA,NA,NA,NA,NA,NA,NA,NA,NA,NA,NA,NA,NA,NA,NA,NA,NA,NA,NA,NA,NA,NA,NA,NA,NA,NA,NA,NA,NA,NA,NA,NA,NA,NA,NA,NA,NA,NA,NA,NA,NA,NA,NA,NA,NA,NA,NA,NA,NA,NA,NA,NA,NA,NA,"analytic_all_calibrated_s80",0.0994890955262834,0.0299701168376013,NA,NA,0.53,0.998641557475085
