"reading_variant","reading","alt_se","population","known_set","tsd_glossa","K","n_known","transfer_sd","n_reps","power","mcse","power_lo","power_hi","mean_z","median_bf","seed","n_widened","mode","known_truth","mu_point","tau_point"
"canonical","canonical",NA,"claps_protocol","seven, drawn, 2023 widened 0.15",0.15,7,7,0.15,4000,0.708,0.00718915850430355,0.693636170791203,0.722059404122829,1.52897596672406,14.6922041240015,7007,4,"assurance","drawn",NA,NA
"canonical","canonical",NA,"claps_protocol","seven, drawn, 2023 widened 0.15",0.15,8,7,0.15,4000,0.81625,0.00612343730065067,0.80389381470407,0.828142400540785,1.67896617853658,20.9329595447299,7008,4,"assurance","drawn",NA,NA
"canonical","canonical",NA,"claps_protocol","seven, drawn, 2023 widened 0.15",0.15,10,7,0.15,4000,0.897,0.00480601186016015,0.887163549170535,0.906252099490999,1.99666129472998,45.3992132030335,7010,4,"assurance","drawn",NA,NA
"canonical","canonical",NA,"claps_protocol","seven, drawn, 2023 widened 0.15",0.15,12,7,0.15,4000,0.92675,0.00411960063294975,0.918234792300811,0.934635286449232,2.2680719067534,100.237193924937,7012,4,"assurance","drawn",NA,NA
"canonical","canonical",NA,"claps_protocol","seven, drawn, 2023 widened 0.15",0.15,16,7,0.15,4000,0.94025,0.00374766385565728,0.932452358167153,0.947396520302805,2.79880016788009,546.898453258325,7016,4,"assurance","drawn",NA,NA
"canonical","canonical",NA,"claps_protocol","seven, drawn, 2023 widened 0.15",0.15,20,7,0.15,4000,0.9365,0.0038557667849599,0.928493696108798,0.943861120226688,3.267360276897,3570.66154115927,7020,4,"assurance","drawn",NA,NA
"canonical","canonical",NA,"claps_protocol","seven, drawn, 2023 widened 0.40",0.4,7,7,0.4,4000,0.53925,0.00788129807677644,0.523653993999985,0.554788618532855,1.40076772922319,11.3037415055893,7007,4,"assurance","drawn",NA,NA
"canonical","canonical",NA,"claps_protocol","seven, drawn, 2023 widened 0.40",0.4,8,7,0.4,4000,0.631,0.00762953144039659,0.615830027916297,0.64597837032058,1.53733186074927,14.7459483951718,7008,4,"assurance","drawn",NA,NA
"canonical","canonical",NA,"claps_protocol","seven, drawn, 2023 widened 0.40",0.4,10,7,0.4,4000,0.76875,0.00666658528596162,0.755365069182644,0.781741238158276,1.83304054514756,29.3770324212454,7010,4,"assurance","drawn",NA,NA
"canonical","canonical",NA,"claps_protocol","seven, drawn, 2023 widened 0.40",0.4,12,7,0.4,4000,0.8505,0.00563803489701864,0.839069052764447,0.86141633869898,2.08942354720468,58.9579108564133,7012,4,"assurance","drawn",NA,NA
"canonical","canonical",NA,"claps_protocol","seven, drawn, 2023 widened 0.40",0.4,16,7,0.4,4000,0.9085,0.00455872103774732,0.899139039805359,0.91725912642255,2.59850548659282,248.243830803866,7016,4,"assurance","drawn",NA,NA
"canonical","canonical",NA,"claps_protocol","seven, drawn, 2023 widened 0.40",0.4,20,7,0.4,4000,0.9245,0.00417731223396097,0.915873544886981,0.932500026145638,3.04522901517617,1201.27079683188,7020,4,"assurance","drawn",NA,NA
"canonical","canonical",NA,"claps_protocol","seven, fixed at estimates",0,7,7,0,4000,0.90125,0.00471694915967938,0.891584726963581,0.910324476107629,1.59041901424942,16.99272180196,7007,0,"assurance","fixed",NA,NA
"canonical","canonical",NA,"claps_protocol","seven, fixed at estimates",0,8,7,0,4000,0.9275,0.00410011432767429,0.919022360957007,0.935346551468286,1.7455623807708,25.0444475278164,7008,0,"assurance","fixed",NA,NA
"canonical","canonical",NA,"claps_protocol","seven, fixed at estimates",0,10,7,0,4000,0.93925,0.00377688487711765,0.931395947442813,0.94645451875054,2.07060899534265,60.7161946676272,7010,0,"assurance","fixed",NA,NA
"canonical","canonical",NA,"claps_protocol","seven, fixed at estimates",0,12,7,0,4000,0.92675,0.00411960063294975,0.918234792300811,0.934635286449232,2.33731089204131,141.69134972197,7012,0,"assurance","fixed",NA,NA
"canonical","canonical",NA,"claps_protocol","seven, fixed at estimates",0,16,7,0,4000,0.94,0.00375499667110372,0.932188201746141,0.947161073961305,2.88976943283269,898.788114419479,7016,0,"assurance","fixed",NA,NA
"canonical","canonical",NA,"claps_protocol","seven, fixed at estimates",0,20,7,0,4000,0.945,0.00360468445220938,0.937478457681315,0.951862831145275,3.38638504187076,7004.93703173876,7020,0,"assurance","fixed",NA,NA
"canonical","canonical",NA,"claps_protocol","none known",0,7,0,0,4000,0.8275,0.00597377079406299,0.815428607947422,0.839090946981054,2.41309337667861,275.873655847511,7007,0,"assurance","drawn",NA,NA
"canonical","canonical",NA,"claps_protocol","none known",0,8,0,0,4000,0.8475,0.00568427106144666,0.835980734909868,0.858509121764616,2.6434757246885,590.686567636762,7008,0,"assurance","drawn",NA,NA
"canonical","canonical",NA,"claps_protocol","none known",0,10,0,0,4000,0.87375,0.00525145069242776,0.863058769953733,0.883891896305094,3.04085718980594,2658.82222355041,7010,0,"assurance","drawn",NA,NA
"canonical","canonical",NA,"claps_protocol","none known",0,12,0,0,4000,0.87875,0.00516111512902008,0.868231925321525,0.888711239660773,3.32299886046439,9277.12320568663,7012,0,"assurance","drawn",NA,NA
"canonical","canonical",NA,"claps_protocol","none known",0,16,0,0,4000,0.90475,0.00464159017740688,0.895229630314465,0.913674251580297,3.94681700921129,119412.961937779,7016,0,"assurance","drawn",NA,NA
"canonical","canonical",NA,"claps_protocol","none known",0,20,0,0,4000,0.911,0.00450219390964005,0.901747815065556,0.919646531701241,4.45732181814157,1744902.67640873,7020,0,"assurance","drawn",NA,NA
"canonical","canonical",NA,"claps_protocol","seven, drawn, 2023 widened 0.15",0.15,7,7,0.15,4000,0.708,0.00718915850430355,0.693636170791203,0.722059404122829,1.52897596672406,14.6922041240015,7007,4,"point","drawn",-0.274223868708997,0.155
"canonical","canonical",NA,"claps_protocol","seven, drawn, 2023 widened 0.15",0.15,8,7,0.15,4000,0.8395,0.00580387262954659,0.827752447581013,0.850749302137201,1.70550290048766,21.1456922396787,7008,4,"point","drawn",-0.274223868708997,0.155
"canonical","canonical",NA,"claps_protocol","seven, drawn, 2023 widened 0.15",0.15,10,7,0.15,4000,0.952,0.00337994082788442,0.944912696718962,0.958417232341421,2.06971024573045,49.9163991578164,7010,4,"point","drawn",-0.274223868708997,0.155
"canonical","canonical",NA,"claps_protocol","seven, drawn, 2023 widened 0.15",0.15,12,7,0.15,4000,0.98825,0.00170381465394567,0.984405310766506,0.991354118104788,2.3878371384427,111.6417634324,7012,4,"point","drawn",-0.274223868708997,0.155
"canonical","canonical",NA,"claps_protocol","seven, drawn, 2023 widened 0.15",0.15,16,7,0.15,4000,0.99925,0.00043285029167139,0.997809761337125,0.999845305255342,2.98917684232443,691.302535531943,7016,4,"point","drawn",-0.274223868708997,0.155
"canonical","canonical",NA,"claps_protocol","seven, drawn, 2023 widened 0.15",0.15,20,7,0.15,4000,0.99975,0.000249968748046617,0.998607884878034,0.999993670568035,3.55262226445873,5045.07441962124,7020,4,"point","drawn",-0.274223868708997,0.155
"canonical","canonical",NA,"claps_protocol","seven, drawn, 2023 widened 0.40",0.4,7,7,0.4,4000,0.53925,0.00788129807677644,0.523653993999985,0.554788618532855,1.40076772922319,11.3037415055893,7007,4,"point","drawn",-0.274223868708997,0.155
"canonical","canonical",NA,"claps_protocol","seven, drawn, 2023 widened 0.40",0.4,8,7,0.4,4000,0.64325,0.00757428936435624,0.628179264312064,0.65811120036132,1.55833781003954,15.6961737951036,7008,4,"point","drawn",-0.274223868708997,0.155
"canonical","canonical",NA,"claps_protocol","seven, drawn, 2023 widened 0.40",0.4,10,7,0.4,4000,0.81475,0.00614272817036535,0.802357142695459,0.826681291843645,1.90107254637663,32.4501588665591,7010,4,"point","drawn",-0.274223868708997,0.155
"canonical","canonical",NA,"claps_protocol","seven, drawn, 2023 widened 0.40",0.4,12,7,0.4,4000,0.9025,0.00469024919380623,0.892886060160629,0.911521243905276,2.19027976416996,65.4178154757751,7012,4,"point","drawn",-0.274223868708997,0.155
"canonical","canonical",NA,"claps_protocol","seven, drawn, 2023 widened 0.40",0.4,16,7,0.4,4000,0.98225,0.00208775821756256,0.977662867617291,0.986111745093932,2.74576528611856,303.312535490958,7016,4,"point","drawn",-0.274223868708997,0.155
"canonical","canonical",NA,"claps_protocol","seven, drawn, 2023 widened 0.40",0.4,20,7,0.4,4000,0.99625,0.00096642867041495,0.993822476225485,0.997899680933173,3.29009618559648,1872.49961793708,7020,4,"point","drawn",-0.274223868708997,0.155
"canonical","canonical",NA,"claps_protocol","seven, fixed at estimates",0,7,7,0,4000,0.90125,0.00471694915967938,0.891584726963581,0.910324476107629,1.59041901424942,16.99272180196,7007,0,"point","fixed",-0.274223868708997,0.155
"canonical","canonical",NA,"claps_protocol","seven, fixed at estimates",0,8,7,0,4000,0.9665,0.00284507249468269,0.960447134254373,0.971858203630776,1.77860808910399,25.8348411311852,7008,0,"point","fixed",-0.274223868708997,0.155
"canonical","canonical",NA,"claps_protocol","seven, fixed at estimates",0,10,7,0,4000,0.99375,0.00124608762733605,0.990787503449682,0.995951366162402,2.15094888718841,63.5341117080239,7010,0,"point","fixed",-0.274223868708997,0.155
"canonical","canonical",NA,"claps_protocol","seven, fixed at estimates",0,12,7,0,4000,0.99925,0.00043285029167139,0.997809761337125,0.999845305255342,2.48896001278173,160.178036246489,7012,0,"point","fixed",-0.274223868708997,0.155
"canonical","canonical",NA,"claps_protocol","seven, fixed at estimates",0,16,7,0,4000,1,0,0.999078205250517,1,3.10428295193426,1100.12307444321,7016,0,"point","fixed",-0.274223868708997,0.155
"canonical","canonical",NA,"claps_protocol","seven, fixed at estimates",0,20,7,0,4000,1,0,0.999078205250517,1,3.67464007861695,8920.29630155484,7020,0,"point","fixed",-0.274223868708997,0.155
"canonical","canonical",NA,"claps_protocol","none known",0,7,0,0,4000,0.985,0.00192191310937826,0.980733706743705,0.988534418550003,2.62997832736784,230.875308505416,7007,0,"point","drawn",-0.274223868708997,0.155
"canonical","canonical",NA,"claps_protocol","none known",0,8,0,0,4000,0.9905,0.00153376579046476,0.986983609513491,0.993268711350985,2.84433215827361,439.454219559824,7008,0,"point","drawn",-0.274223868708997,0.155
"canonical","canonical",NA,"claps_protocol","none known",0,10,0,0,4000,0.99825,0.000660858816238391,0.996397675886618,0.999296128862415,3.27160256711415,1956.76993514237,7010,0,"point","drawn",-0.274223868708997,0.155
"canonical","canonical",NA,"claps_protocol","none known",0,12,0,0,4000,1,0,0.999078205250517,1,3.6055435637212,6832.55242545846,7012,0,"point","drawn",-0.274223868708997,0.155
"canonical","canonical",NA,"claps_protocol","none known",0,16,0,0,4000,1,0,0.999078205250517,1,4.23853676292551,91408.0731464934,7016,0,"point","drawn",-0.274223868708997,0.155
"canonical","canonical",NA,"claps_protocol","none known",0,20,0,0,4000,1,0,0.999078205250517,1,4.77638387981066,1190645.87401772,7020,0,"point","drawn",-0.274223868708997,0.155
"canonical","canonical",NA,"seven","seven, drawn, 2023 widened 0.15",0.15,7,7,0.15,4000,0.708,0.00718915850430355,0.693636170791203,0.722059404122829,1.52897596672406,14.6922041240015,7007,4,"assurance","drawn",NA,NA
"canonical","canonical",NA,"seven","seven, drawn, 2023 widened 0.15",0.15,8,7,0.15,4000,0.77775,0.00657371541633801,0.764540336417609,0.790552715535853,1.64341535817596,19.6376338601725,7008,4,"assurance","drawn",NA,NA
"canonical","canonical",NA,"seven","seven, drawn, 2023 widened 0.15",0.15,10,7,0.15,4000,0.83075,0.0059288371014053,0.818764200994415,0.842250535424178,1.87319204129724,36.3220561473917,7010,4,"assurance","drawn",NA,NA
"canonical","canonical",NA,"seven","seven, drawn, 2023 widened 0.15",0.15,12,7,0.15,4000,0.83925,0.00580752609765983,0.827495478067127,0.850506642995584,2.03234808217427,55.5107510131831,7012,4,"assurance","drawn",NA,NA
"canonical","canonical",NA,"seven","seven, drawn, 2023 widened 0.15",0.15,16,7,0.15,4000,0.8755,0.00522014726803756,0.864868760418952,0.885579281962714,2.38901993014395,151.507948149044,7016,4,"assurance","drawn",NA,NA
"canonical","canonical",NA,"seven","seven, drawn, 2023 widened 0.15",0.15,20,7,0.15,4000,0.8895,0.00495705936014488,0.879373433466412,0.899053552257808,2.74619935018651,514.822356018122,7020,4,"assurance","drawn",NA,NA
"canonical","canonical",NA,"seven","seven, drawn, 2023 widened 0.40",0.4,7,7,0.4,4000,0.53925,0.00788129807677644,0.523653993999985,0.554788618532855,1.40076772922319,11.3037415055893,7007,4,"assurance","drawn",NA,NA
"canonical","canonical",NA,"seven","seven, drawn, 2023 widened 0.40",0.4,8,7,0.4,4000,0.6185,0.00768045815690705,0.60323942458236,0.633587268754193,1.50910555485393,14.2839375849525,7008,4,"assurance","drawn",NA,NA
"canonical","canonical",NA,"seven","seven, drawn, 2023 widened 0.40",0.4,10,7,0.4,4000,0.72275,0.00707782518680703,0.708593411777726,0.736580516241896,1.73227620150828,23.6955401123056,7010,4,"assurance","drawn",NA,NA
"canonical","canonical",NA,"seven","seven, drawn, 2023 widened 0.40",0.4,12,7,0.4,4000,0.768,0.00667412915667655,0.754600845795415,0.781006565724547,1.891126715783,34.8219709432055,7012,4,"assurance","drawn",NA,NA
"canonical","canonical",NA,"seven","seven, drawn, 2023 widened 0.40",0.4,16,7,0.4,4000,0.838,0.00582571883976561,0.826210776420558,0.849293201093854,2.24872593897491,93.5119310978279,7016,4,"assurance","drawn",NA,NA
"canonical","canonical",NA,"seven","seven, drawn, 2023 widened 0.40",0.4,20,7,0.4,4000,0.86875,0.00533908787856128,0.857890890130769,0.879067264193489,2.61124031398446,294.072448110026,7020,4,"assurance","drawn",NA,NA
"canonical","canonical",NA,"seven","seven, fixed at estimates",0,7,7,0,4000,0.90125,0.00471694915967938,0.891584726963581,0.910324476107629,1.59041901424942,16.99272180196,7007,0,"assurance","fixed",NA,NA
"canonical","canonical",NA,"seven","seven, fixed at estimates",0,8,7,0,4000,0.8665,0.00537767956464496,0.855566996473376,0.876894523497874,1.7060124631926,24.1861211901456,7008,0,"assurance","fixed",NA,NA
"canonical","canonical",NA,"seven","seven, fixed at estimates",0,10,7,0,4000,0.87575,0.00521564803020679,0.865127383897109,0.885820283509712,1.94801773892785,47.1144714441835,7010,0,"assurance","fixed",NA,NA
"canonical","canonical",NA,"seven","seven, fixed at estimates",0,12,7,0,4000,0.8665,0.00537767956464496,0.855566996473376,0.876894523497874,2.11261053413909,75.5131135257947,7012,0,"assurance","fixed",NA,NA
"canonical","canonical",NA,"seven","seven, fixed at estimates",0,16,7,0,4000,0.8865,0.00501541997244498,0.87626140995203,0.89617009863621,2.45951460041982,203.272944759872,7016,0,"assurance","fixed",NA,NA
"canonical","canonical",NA,"seven","seven, fixed at estimates",0,20,7,0,4000,0.89425,0.0048622766658223,0.884305452305698,0.903614358535966,2.79288130180164,652.518306010453,7020,0,"assurance","fixed",NA,NA
"canonical","canonical",NA,"seven","none known",0,7,0,0,4000,0.61175,0.00770571115309937,0.596444899935612,0.626891671082056,1.51802231850965,18.6851681296873,7007,0,"assurance","drawn",NA,NA
"canonical","canonical",NA,"seven","none known",0,8,0,0,4000,0.6395,0.00759176774539369,0.62439777445118,0.654398180581637,1.6345399294235,26.0203783376603,7008,0,"assurance","drawn",NA,NA
"canonical","canonical",NA,"seven","none known",0,10,0,0,4000,0.71425,0.00714312497265727,0.699971749792993,0.728214654459063,1.90909054032917,48.3717301882074,7010,0,"assurance","drawn",NA,NA
"canonical","canonical",NA,"seven","none known",0,12,0,0,4000,0.73625,0.00696753072293191,0.722299527102144,0.749854574964056,2.06274935132835,68.3552598858193,7012,0,"assurance","drawn",NA,NA
"canonical","canonical",NA,"seven","none known",0,16,0,0,4000,0.78675,0.00647638860592846,0.773724326522836,0.799355459643884,2.41590517596368,203.686296046792,7016,0,"assurance","drawn",NA,NA
"canonical","canonical",NA,"seven","none known",0,20,0,0,4000,0.822,0.00604805753940883,0.809787191391361,0.833740512139133,2.7946578640787,698.980304357402,7020,0,"assurance","drawn",NA,NA
"canonical","canonical",NA,"seven","seven, drawn, 2023 widened 0.15",0.15,7,7,0.15,4000,0.708,0.00718915850430355,0.693636170791203,0.722059404122829,1.52897596672406,14.6922041240015,7007,4,"point","drawn",-0.291596629322259,0.385
"canonical","canonical",NA,"seven","seven, drawn, 2023 widened 0.15",0.15,8,7,0.15,4000,0.7885,0.00645692941730046,0.775511148486063,0.801066056918296,1.6553945744207,19.4770567991035,7008,4,"point","drawn",-0.291596629322259,0.385
"canonical","canonical",NA,"seven","seven, drawn, 2023 widened 0.15",0.15,10,7,0.15,4000,0.8645,0.00541155592228335,0.853502148861947,0.87496236083754,1.91618360693813,36.6238193111611,7010,4,"point","drawn",-0.291596629322259,0.385
"canonical","canonical",NA,"seven","seven, drawn, 2023 widened 0.15",0.15,12,7,0.15,4000,0.915,0.00440950677513937,0.905926237633113,0.923461981524687,2.11904304798087,59.1231208926251,7012,4,"point","drawn",-0.291596629322259,0.385
"canonical","canonical",NA,"seven","seven, drawn, 2023 widened 0.15",0.15,16,7,0.15,4000,0.95525,0.00326907622655086,0.948377005413328,0.961447559591404,2.49108912323467,160.883868863277,7016,4,"point","drawn",-0.291596629322259,0.385
"canonical","canonical",NA,"seven","seven, drawn, 2023 widened 0.15",0.15,20,7,0.15,4000,0.9805,0.00218630681744351,0.975722158917944,0.984556306664559,2.83647484192333,486.121272817373,7020,4,"point","drawn",-0.291596629322259,0.385
"canonical","canonical",NA,"seven","seven, drawn, 2023 widened 0.40",0.4,7,7,0.4,4000,0.53925,0.00788129807677644,0.523653993999985,0.554788618532855,1.40076772922319,11.3037415055893,7007,4,"point","drawn",-0.291596629322259,0.385
"canonical","canonical",NA,"seven","seven, drawn, 2023 widened 0.40",0.4,8,7,0.4,4000,0.61775,0.00768334135484035,0.602484326002374,0.632843464909468,1.51723499360449,14.4328978359347,7008,4,"point","drawn",-0.291596629322259,0.385
"canonical","canonical",NA,"seven","seven, drawn, 2023 widened 0.40",0.4,10,7,0.4,4000,0.75125,0.00683508298230534,0.737547920828429,0.76458413482369,1.77234513952087,25.2553758956593,7010,4,"point","drawn",-0.291596629322259,0.385
"canonical","canonical",NA,"seven","seven, drawn, 2023 widened 0.40",0.4,12,7,0.4,4000,0.82825,0.00596347083291266,0.816198224512508,0.839820218684934,1.9680450876575,39.6399195979854,7012,4,"point","drawn",-0.291596629322259,0.385
"canonical","canonical",NA,"seven","seven, drawn, 2023 widened 0.40",0.4,16,7,0.4,4000,0.9145,0.00442124840966893,0.905403630660278,0.922985355620782,2.33221302705448,100.200945710702,7016,4,"point","drawn",-0.291596629322259,0.385
"canonical","canonical",NA,"seven","seven, drawn, 2023 widened 0.40",0.4,20,7,0.4,4000,0.95825,0.00316255187704486,0.951582980576885,0.964236569520676,2.68576734515973,283.214625225798,7020,4,"point","drawn",-0.291596629322259,0.385
"canonical","canonical",NA,"seven","seven, fixed at estimates",0,7,7,0,4000,0.90125,0.00471694915967938,0.891584726963581,0.910324476107629,1.59041901424942,16.99272180196,7007,0,"point","fixed",-0.291596629322259,0.385
"canonical","canonical",NA,"seven","seven, fixed at estimates",0,8,7,0,4000,0.885,0.00504417981439996,0.874706220003654,0.894727547674613,1.72654096996953,24.873132108609,7008,0,"point","fixed",-0.291596629322259,0.385
"canonical","canonical",NA,"seven","seven, fixed at estimates",0,10,7,0,4000,0.9225,0.00422769884215988,0.913776439590064,0.93060022771592,1.99015012129333,47.3066224040203,7010,0,"point","fixed",-0.291596629322259,0.385
"canonical","canonical",NA,"seven","seven, fixed at estimates",0,12,7,0,4000,0.941,0.00372555365013041,0.933245045340825,0.948102640160344,2.20325081873955,78.4335870261046,7012,0,"point","fixed",-0.291596629322259,0.385
"canonical","canonical",NA,"seven","seven, fixed at estimates",0,16,7,0,4000,0.964,0.00294550505007206,0.957752811391609,0.969556911309033,2.56305877046724,215.814082351309,7016,0,"point","fixed",-0.291596629322259,0.385
"canonical","canonical",NA,"seven","seven, fixed at estimates",0,20,7,0,4000,0.98575,0.00187396221279939,0.981576438200595,0.989189799034387,2.90765475060958,583.547084521522,7020,0,"point","fixed",-0.291596629322259,0.385
"canonical","canonical",NA,"seven","none known",0,7,0,0,4000,0.63875,0.00759520305028114,0.623641594698717,0.653655458352399,1.59366709045471,17.5238409199177,7007,0,"point","drawn",-0.291596629322259,0.385
"canonical","canonical",NA,"seven","none known",0,8,0,0,4000,0.69675,0.00726789924083982,0.682240194048308,0.7109718820986,1.71665214309194,23.2126573690339,7008,0,"point","drawn",-0.291596629322259,0.385
"canonical","canonical",NA,"seven","none known",0,10,0,0,4000,0.78925,0.00644853544419196,0.776277035633863,0.801799063593497,1.97672485681169,43.5411198884518,7010,0,"point","drawn",-0.291596629322259,0.385
"canonical","canonical",NA,"seven","none known",0,12,0,0,4000,0.851,0.00563025310265889,0.839583920595202,0.861900726366357,2.15406752263649,66.4591686003536,7012,0,"point","drawn",-0.291596629322259,0.385
"canonical","canonical",NA,"seven","none known",0,16,0,0,4000,0.928,0.00408705272782234,0.919547544763787,0.935820589467456,2.52666114319267,180.102731037394,7016,0,"point","drawn",-0.291596629322259,0.385
"canonical","canonical",NA,"seven","none known",0,20,0,0,4000,0.958,0.00317159265984773,0.951315497322212,0.964004473282074,2.85674043571416,504.070772920992,7020,0,"point","drawn",-0.291596629322259,0.385
"canonical","canonical",NA,"glossa_protocol","seven, drawn, 2023 widened 0.15",0.15,7,7,0.15,4000,0.708,0.00718915850430355,0.693636170791203,0.722059404122829,1.52897596672406,14.6922041240015,7007,4,"assurance","drawn",NA,NA
"canonical","canonical",NA,"glossa_protocol","seven, drawn, 2023 widened 0.15",0.15,8,7,0.15,4000,0.7315,0.00700727746703383,0.717475165981668,0.745185913477766,1.58896463843549,18.7939294157286,7008,4,"assurance","drawn",NA,NA
"canonical","canonical",NA,"glossa_protocol","seven, drawn, 2023 widened 0.15",0.15,10,7,0.15,4000,0.73,0.00701961537407855,0.715952101856668,0.74371118062154,1.7073917558584,28.0239418773848,7010,4,"assurance","drawn",NA,NA
"canonical","canonical",NA,"glossa_protocol","seven, drawn, 2023 widened 0.15",0.15,12,7,0.15,4000,0.7405,0.00693108487179316,0.726617789229437,0.754030068347139,1.84440511501827,40.5444915045951,7012,4,"assurance","drawn",NA,NA
"canonical","canonical",NA,"glossa_protocol","seven, drawn, 2023 widened 0.15",0.15,16,7,0.15,4000,0.7575,0.00677668337020404,0.743907707652671,0.770715155835558,2.08518751968594,86.7675304109749,7016,4,"assurance","drawn",NA,NA
"canonical","canonical",NA,"glossa_protocol","seven, drawn, 2023 widened 0.15",0.15,20,7,0.15,4000,0.758,0.00677192734751341,0.744416655124826,0.771205472821389,2.26743641288202,158.411701248684,7020,4,"assurance","drawn",NA,NA
"canonical","canonical",NA,"glossa_protocol","seven, drawn, 2023 widened 0.40",0.4,7,7,0.4,4000,0.53925,0.00788129807677644,0.523653993999985,0.554788618532855,1.40076772922319,11.3037415055893,7007,4,"assurance","drawn",NA,NA
"canonical","canonical",NA,"glossa_protocol","seven, drawn, 2023 widened 0.40",0.4,8,7,0.4,4000,0.5935,0.00776623702316637,0.578089697232799,0.60877357499787,1.46905787788768,13.4466439225007,7008,4,"assurance","drawn",NA,NA
"canonical","canonical",NA,"glossa_protocol","seven, drawn, 2023 widened 0.40",0.4,10,7,0.4,4000,0.655,0.0075162324338727,0.640034377580151,0.669738880911552,1.58954076817987,18.6595243454669,7010,4,"assurance","drawn",NA,NA
"canonical","canonical",NA,"glossa_protocol","seven, drawn, 2023 widened 0.40",0.4,12,7,0.4,4000,0.69375,0.00728801992141899,0.679202983668978,0.708013491596631,1.72861154424445,27.9544337775519,7012,4,"assurance","drawn",NA,NA
"canonical","canonical",NA,"glossa_protocol","seven, drawn, 2023 widened 0.40",0.4,16,7,0.4,4000,0.73375,0.00698857885231325,0.719760137550381,0.747397637052018,1.98170470773311,60.8920251661822,7016,4,"assurance","drawn",NA,NA
"canonical","canonical",NA,"glossa_protocol","seven, drawn, 2023 widened 0.40",0.4,20,7,0.4,4000,0.74375,0.0069026432889872,0.729921107879057,0.757221973463431,2.17591520255999,109.128598360001,7020,4,"assurance","drawn",NA,NA
"canonical","canonical",NA,"glossa_protocol","seven, fixed at estimates",0,7,7,0,4000,0.90125,0.00471694915967938,0.891584726963581,0.910324476107629,1.59041901424942,16.99272180196,7007,0,"assurance","fixed",NA,NA
"canonical","canonical",NA,"glossa_protocol","seven, fixed at estimates",0,8,7,0,4000,0.80375,0.00627964842765899,0.791097109811429,0.815957586119914,1.63984150810866,23.1251935632012,7008,0,"assurance","fixed",NA,NA
"canonical","canonical",NA,"glossa_protocol","seven, fixed at estimates",0,10,7,0,4000,0.7745,0.00660775585959409,0.761226058847523,0.787371780917091,1.77307941142771,35.4139893792142,7010,0,"assurance","fixed",NA,NA
"canonical","canonical",NA,"glossa_protocol","seven, fixed at estimates",0,12,7,0,4000,0.7645,0.00670894458912875,0.751035231948803,0.777577331562024,1.89737259067956,50.3930110896512,7012,0,"assurance","fixed",NA,NA
"canonical","canonical",NA,"glossa_protocol","seven, fixed at estimates",0,16,7,0,4000,0.7635,0.00671877499995349,0.750016713855723,0.776597321401905,2.1246553275038,99.3133633789015,7016,0,"assurance","fixed",NA,NA
"canonical","canonical",NA,"glossa_protocol","seven, fixed at estimates",0,20,7,0,4000,0.76575,0.0066965837839155,0.752308522040169,0.778802201631848,2.33507711512441,195.357491686008,7020,0,"assurance","fixed",NA,NA
"canonical","canonical",NA,"glossa_protocol","none known",0,7,0,0,4000,0.5205,0.00789904661968772,0.504882936875478,0.536087090761449,1.2597708219387,11.868423743236,7007,0,"assurance","drawn",NA,NA
"canonical","canonical",NA,"glossa_protocol","none known",0,8,0,0,4000,0.545,0.00787361098861253,0.529414847075242,0.560519357700237,1.30620586551649,13.8105685004134,7008,0,"assurance","drawn",NA,NA
"canonical","canonical",NA,"glossa_protocol","none known",0,10,0,0,4000,0.58675,0.00778579535917815,0.57130632489952,0.60206682145572,1.50238987215036,19.8971908752538,7010,0,"assurance","drawn",NA,NA
"canonical","canonical",NA,"glossa_protocol","none known",0,12,0,0,4000,0.62675,0.00764745770664997,0.611548025914898,0.641766593131988,1.66546635926481,33.0458326558186,7012,0,"assurance","drawn",NA,NA
"canonical","canonical",NA,"glossa_protocol","none known",0,16,0,0,4000,0.66125,0.00748328867377171,0.646344327398114,0.675919776840289,1.92615986471236,63.0083368055476,7016,0,"assurance","drawn",NA,NA
"canonical","canonical",NA,"glossa_protocol","none known",0,20,0,0,4000,0.68425,0.00734935265006381,0.669589816050157,0.698640586645987,2.12176327473229,126.689467383362,7020,0,"assurance","drawn",NA,NA
"canonical","canonical",NA,"glossa_protocol","seven, drawn, 2023 widened 0.15",0.15,7,7,0.15,4000,0.708,0.00718915850430355,0.693636170791203,0.722059404122829,1.52897596672406,14.6922041240015,7007,4,"point","drawn",-0.314841004012683,0.53
"canonical","canonical",NA,"glossa_protocol","seven, drawn, 2023 widened 0.15",0.15,8,7,0.15,4000,0.7495,0.00685109024170606,0.735767855107959,0.762866773670426,1.61810183922788,18.8086285946742,7008,4,"point","drawn",-0.314841004012683,0.53
"canonical","canonical",NA,"glossa_protocol","seven, drawn, 2023 widened 0.15",0.15,10,7,0.15,4000,0.7975,0.00635400956089932,0.784706084266278,0.809857841387038,1.8145087268925,31.4692212714488,7010,4,"point","drawn",-0.314841004012683,0.53
"canonical","canonical",NA,"glossa_protocol","seven, drawn, 2023 widened 0.15",0.15,12,7,0.15,4000,0.83175,0.0059148528616526,0.819790847368041,0.843222405895368,1.95702433876631,41.7004165828538,7012,4,"point","drawn",-0.314841004012683,0.53
"canonical","canonical",NA,"glossa_protocol","seven, drawn, 2023 widened 0.15",0.15,16,7,0.15,4000,0.884,0.00506320056881021,0.873669724731449,0.893765548173317,2.23223282985657,81.8515713994453,7016,4,"point","drawn",-0.314841004012683,0.53
"canonical","canonical",NA,"glossa_protocol","seven, drawn, 2023 widened 0.15",0.15,20,7,0.15,4000,0.92775,0.00409359064575343,0.919284938969169,0.935583584424252,2.49979870409114,179.454286707086,7020,4,"point","drawn",-0.314841004012683,0.53
"canonical","canonical",NA,"glossa_protocol","seven, drawn, 2023 widened 0.40",0.4,7,7,0.4,4000,0.53925,0.00788129807677644,0.523653993999985,0.554788618532855,1.40076772922319,11.3037415055893,7007,4,"point","drawn",-0.314841004012683,0.53
"canonical","canonical",NA,"glossa_protocol","seven, drawn, 2023 widened 0.40",0.4,8,7,0.4,4000,0.6025,0.00773779280544523,0.587138828143338,0.61771127724143,1.48746073943416,13.5161313576736,7008,4,"point","drawn",-0.314841004012683,0.53
"canonical","canonical",NA,"glossa_protocol","seven, drawn, 2023 widened 0.40",0.4,10,7,0.4,4000,0.70525,0.00720889099480634,0.69084953851574,0.719350070719726,1.68918438493229,21.3106465576455,7010,4,"point","drawn",-0.314841004012683,0.53
"canonical","canonical",NA,"glossa_protocol","seven, drawn, 2023 widened 0.40",0.4,12,7,0.4,4000,0.7595,0.00675758370277424,0.745943645472428,0.77267627569308,1.8354665747407,29.9462906862735,7012,4,"point","drawn",-0.314841004012683,0.53
"canonical","canonical",NA,"glossa_protocol","seven, drawn, 2023 widened 0.40",0.4,16,7,0.4,4000,0.845,0.00572221548003918,0.833408282302035,0.856085293100035,2.1159177474343,58.9544112371902,7016,4,"point","drawn",-0.314841004012683,0.53
"canonical","canonical",NA,"glossa_protocol","seven, drawn, 2023 widened 0.40",0.4,20,7,0.4,4000,0.90475,0.00464159017740688,0.895229630314465,0.913674251580297,2.3970278768437,131.349441395014,7020,4,"point","drawn",-0.314841004012683,0.53
"canonical","canonical",NA,"glossa_protocol","seven, fixed at estimates",0,7,7,0,4000,0.90125,0.00471694915967938,0.891584726963581,0.910324476107629,1.59041901424942,16.99272180196,7007,0,"point","fixed",-0.314841004012683,0.53
"canonical","canonical",NA,"glossa_protocol","seven, fixed at estimates",0,8,7,0,4000,0.83425,0.00587956072976545,0.822358111865656,0.845651432367416,1.68651265898267,24.2384224243194,7008,0,"point","fixed",-0.314841004012683,0.53
"canonical","canonical",NA,"glossa_protocol","seven, fixed at estimates",0,10,7,0,4000,0.83925,0.00580752609765983,0.827495478067127,0.850506642995584,1.87992723379915,38.8750203120173,7010,0,"point","fixed",-0.314841004012683,0.53
"canonical","canonical",NA,"glossa_protocol","seven, fixed at estimates",0,12,7,0,4000,0.86425,0.00541576258480743,0.853244097430995,0.874720785858493,2.02887602790623,52.9537552934573,7012,0,"point","fixed",-0.314841004012683,0.53
"canonical","canonical",NA,"glossa_protocol","seven, fixed at estimates",0,16,7,0,4000,0.9,0.00474341649025257,0.890283848281613,0.909127252284319,2.28119976007796,99.9450622237202,7016,0,"point","fixed",-0.314841004012683,0.53
"canonical","canonical",NA,"glossa_protocol","seven, fixed at estimates",0,20,7,0,4000,0.93825,0.00380581586194077,0.930340102293522,0.945511948428703,2.54770964832263,194.197686353663,7020,0,"point","fixed",-0.314841004012683,0.53
"canonical","canonical",NA,"glossa_protocol","none known",0,7,0,0,4000,0.50925,0.0079043411727354,0.493630790420449,0.524855685559656,1.33509764284807,10.3593708572357,7007,0,"point","drawn",-0.314841004012683,0.53
"canonical","canonical",NA,"glossa_protocol","none known",0,8,0,0,4000,0.55825,0.00785186184130872,0.542697760061608,0.573717069189853,1.43229833404518,12.8572102611691,7008,0,"point","drawn",-0.314841004012683,0.53
"canonical","canonical",NA,"glossa_protocol","none known",0,10,0,0,4000,0.6485,0.00754896930050719,0.633475015228798,0.663307762165998,1.64559506775684,20.3948513212178,7010,0,"point","drawn",-0.314841004012683,0.53
"canonical","canonical",NA,"glossa_protocol","none known",0,12,0,0,4000,0.71775,0.00711661677870883,0.703521102059629,0.731660165515737,1.78399138170761,27.454349244397,7012,0,"point","drawn",-0.314841004012683,0.53
"canonical","canonical",NA,"glossa_protocol","none known",0,16,0,0,4000,0.81425,0.00614912468364401,0.801844984779712,0.826194189421829,2.0865090230478,55.012818156374,7016,0,"point","drawn",-0.314841004012683,0.53
"canonical","canonical",NA,"glossa_protocol","none known",0,20,0,0,4000,0.873,0.00526476495201828,0.86228325818174,0.88316853209773,2.3605157442755,119.629698757454,7020,0,"point","drawn",-0.314841004012683,0.53
"alternative","alternative","independent","claps_protocol","seven, drawn, 2023 widened 0.15",0.15,7,7,0.15,4000,0.00175,0.000660858816238385,0.000703871137584506,0.00360232411338223,0.164870227714643,1.28494851400038,7007,4,"assurance","drawn",NA,NA
"alternative","alternative","independent","claps_protocol","seven, drawn, 2023 widened 0.15",0.15,8,7,0.15,4000,0.00825,0.00143020431232744,0.00568553031565131,0.0115667248969026,0.304730360490263,1.62845632944512,7008,4,"assurance","drawn",NA,NA
"alternative","alternative","independent","claps_protocol","seven, drawn, 2023 widened 0.15",0.15,10,7,0.15,4000,0.073,0.00411311925428865,0.0651275976506393,0.081502712246839,0.615110021851433,2.7029753252692,7010,4,"assurance","drawn",NA,NA
"alternative","alternative","independent","claps_protocol","seven, drawn, 2023 widened 0.15",0.15,12,7,0.15,4000,0.227,0.00662327335990294,0.214096721857989,0.240303229061419,0.884604203423267,4.4504099652026,7012,4,"assurance","drawn",NA,NA
"alternative","alternative","independent","claps_protocol","seven, drawn, 2023 widened 0.15",0.15,16,7,0.15,4000,0.56925,0.00782950249856273,0.553733512578037,0.584665229871894,1.40211768596909,12.9872078858216,7016,4,"assurance","drawn",NA,NA
"alternative","alternative","independent","claps_protocol","seven, drawn, 2023 widened 0.15",0.15,20,7,0.15,4000,0.7505,0.00684196152429989,0.736784999721957,0.763848158734066,1.8731805164929,41.1295509496946,7020,4,"assurance","drawn",NA,NA
"alternative","alternative","independent","claps_protocol","seven, drawn, 2023 widened 0.40",0.4,7,7,0.4,4000,0.026,0.002516147849392,0.0212921444491358,0.0314162719197543,0.182658578509385,1.27735041912511,7007,4,"assurance","drawn",NA,NA
"alternative","alternative","independent","claps_protocol","seven, drawn, 2023 widened 0.40",0.4,8,7,0.4,4000,0.0425,0.00318958265295007,0.0364598988482231,0.0492192910125305,0.307480870650293,1.52362470101665,7008,4,"assurance","drawn",NA,NA
"alternative","alternative","independent","claps_protocol","seven, drawn, 2023 widened 0.40",0.4,10,7,0.4,4000,0.129,0.00529997641504186,0.118761013841287,0.139784199910023,0.607359041225717,2.54038944040818,7010,4,"assurance","drawn",NA,NA
"alternative","alternative","independent","claps_protocol","seven, drawn, 2023 widened 0.40",0.4,12,7,0.4,4000,0.249,0.00683737888375363,0.235661184555316,0.262706392185315,0.861380787198816,4.05454069582276,7012,4,"assurance","drawn",NA,NA
"alternative","alternative","independent","claps_protocol","seven, drawn, 2023 widened 0.40",0.4,16,7,0.4,4000,0.5205,0.00789904661968772,0.504882936875478,0.536087090761449,1.36002195128154,10.8595084689434,7016,4,"assurance","drawn",NA,NA
"alternative","alternative","independent","claps_protocol","seven, drawn, 2023 widened 0.40",0.4,20,7,0.4,4000,0.6905,0.00730940746572525,0.675913474890842,0.704807765543651,1.80894225696511,29.7214400929671,7020,4,"assurance","drawn",NA,NA
"alternative","alternative","independent","claps_protocol","seven, fixed at estimates",0,7,7,0,4000,0,0,0,0.000921794749483056,0.152357259714836,1.27422087681283,7007,0,"assurance","fixed",NA,NA
"alternative","alternative","independent","claps_protocol","seven, fixed at estimates",0,8,7,0,4000,0,0,0,0.000921794749483056,0.3067312480892,1.64417526014534,7008,0,"assurance","fixed",NA,NA
"alternative","alternative","independent","claps_protocol","seven, fixed at estimates",0,10,7,0,4000,0.021,0.00226710167394407,0.0167841478555717,0.0259342137190732,0.621395006406557,2.87667013919435,7010,0,"assurance","fixed",NA,NA
"alternative","alternative","independent","claps_protocol","seven, fixed at estimates",0,12,7,0,4000,0.17875,0.00605802025211207,0.166989420459607,0.190981765376654,0.891607489069423,4.83049974610122,7012,0,"assurance","fixed",NA,NA
"alternative","alternative","independent","claps_protocol","seven, fixed at estimates",0,16,7,0,4000,0.6175,0.00768429811368612,0.602232634910437,0.632595521856705,1.42466246264973,14.5674268168695,7016,0,"assurance","fixed",NA,NA
"alternative","alternative","independent","claps_protocol","seven, fixed at estimates",0,20,7,0,4000,0.80625,0.00624921870116577,0.793654860973032,0.818396141172992,1.92767904400261,52.5453376399776,7020,0,"assurance","fixed",NA,NA
"alternative","alternative","independent","claps_protocol","none known",0,7,0,0,4000,0.8275,0.00597377079406299,0.815428607947422,0.839090946981054,2.41309337667861,275.873655847511,7007,0,"assurance","drawn",NA,NA
"alternative","alternative","independent","claps_protocol","none known",0,8,0,0,4000,0.8475,0.00568427106144666,0.835980734909868,0.858509121764616,2.6434757246885,590.686567636762,7008,0,"assurance","drawn",NA,NA
"alternative","alternative","independent","claps_protocol","none known",0,10,0,0,4000,0.87375,0.00525145069242776,0.863058769953733,0.883891896305094,3.04085718980594,2658.82222355041,7010,0,"assurance","drawn",NA,NA
"alternative","alternative","independent","claps_protocol","none known",0,12,0,0,4000,0.87875,0.00516111512902008,0.868231925321525,0.888711239660773,3.32299886046439,9277.12320568663,7012,0,"assurance","drawn",NA,NA
"alternative","alternative","independent","claps_protocol","none known",0,16,0,0,4000,0.90475,0.00464159017740688,0.895229630314465,0.913674251580297,3.94681700921129,119412.961937779,7016,0,"assurance","drawn",NA,NA
"alternative","alternative","independent","claps_protocol","none known",0,20,0,0,4000,0.911,0.00450219390964005,0.901747815065556,0.919646531701241,4.45732181814157,1744902.67640873,7020,0,"assurance","drawn",NA,NA
"alternative","alternative","independent","claps_protocol","seven, drawn, 2023 widened 0.15",0.15,7,7,0.15,4000,0.00175,0.000660858816238385,0.000703871137584506,0.00360232411338223,0.164870227714643,1.28494851400038,7007,4,"point","drawn",-0.274223868708997,0.155
"alternative","alternative","independent","claps_protocol","seven, drawn, 2023 widened 0.15",0.15,8,7,0.15,4000,0.00925,0.00151364109847744,0.00652097913655978,0.0127275715465919,0.320593877294842,1.63301205153881,7008,4,"point","drawn",-0.274223868708997,0.155
"alternative","alternative","independent","claps_protocol","seven, drawn, 2023 widened 0.15",0.15,10,7,0.15,4000,0.06075,0.00377688487711765,0.0535454812494599,0.0686040525571869,0.638758864657766,2.79321439471325,7010,4,"point","drawn",-0.274223868708997,0.155
"alternative","alternative","independent","claps_protocol","seven, drawn, 2023 widened 0.15",0.15,12,7,0.15,4000,0.19575,0.00627359421504133,0.183554640686805,0.208391402049699,0.929166346856682,4.59172510268682,7012,4,"point","drawn",-0.274223868708997,0.155
"alternative","alternative","independent","claps_protocol","seven, drawn, 2023 widened 0.15",0.15,16,7,0.15,4000,0.5965,0.00775705727064072,0.58110548344419,0.611753400015825,1.48739951493939,13.1234866918887,7016,4,"point","drawn",-0.274223868708997,0.155
"alternative","alternative","independent","claps_protocol","seven, drawn, 2023 widened 0.15",0.15,20,7,0.15,4000,0.88875,0.00497175616608457,0.878595219138118,0.898332897903769,2.04490716397075,46.8090619403738,7020,4,"point","drawn",-0.274223868708997,0.155
"alternative","alternative","independent","claps_protocol","seven, drawn, 2023 widened 0.40",0.4,7,7,0.4,4000,0.026,0.002516147849392,0.0212921444491358,0.0314162719197543,0.182658578509385,1.27735041912511,7007,4,"point","drawn",-0.274223868708997,0.155
"alternative","alternative","independent","claps_protocol","seven, drawn, 2023 widened 0.40",0.4,8,7,0.4,4000,0.05175,0.00350256825415294,0.0450896820067986,0.0590742741377392,0.331861602474804,1.58529963204133,7008,4,"point","drawn",-0.274223868708997,0.155
"alternative","alternative","independent","claps_protocol","seven, drawn, 2023 widened 0.40",0.4,10,7,0.4,4000,0.1295,0.00530871335636047,0.119243529535136,0.140300935539737,0.633051731949326,2.63779608090754,7010,4,"point","drawn",-0.274223868708997,0.155
"alternative","alternative","independent","claps_protocol","seven, drawn, 2023 widened 0.40",0.4,12,7,0.4,4000,0.2365,0.00671877499995349,0.223402678598095,0.249983286144277,0.903960646666979,4.14749774312122,7012,4,"point","drawn",-0.274223868708997,0.155
"alternative","alternative","independent","claps_protocol","seven, drawn, 2023 widened 0.40",0.4,16,7,0.4,4000,0.51775,0.00790071100439701,0.502131687157195,0.533342361220007,1.42640651686406,10.60464900015,7016,4,"point","drawn",-0.274223868708997,0.155
"alternative","alternative","independent","claps_protocol","seven, drawn, 2023 widened 0.40",0.4,20,7,0.4,4000,0.78925,0.00644853544419196,0.776277035633863,0.801799063593497,1.96556570426168,36.2509341024615,7020,4,"point","drawn",-0.274223868708997,0.155
"alternative","alternative","independent","claps_protocol","seven, fixed at estimates",0,7,7,0,4000,0,0,0,0.000921794749483056,0.152357259714836,1.27422087681283,7007,0,"point","fixed",-0.274223868708997,0.155
"alternative","alternative","independent","claps_protocol","seven, fixed at estimates",0,8,7,0,4000,0,0,0,0.000921794749483056,0.313858293970351,1.66702655201698,7008,0,"point","fixed",-0.274223868708997,0.155
"alternative","alternative","independent","claps_protocol","seven, fixed at estimates",0,10,7,0,4000,0.00375,0.000966428670414946,0.00210031906682682,0.00617752377451536,0.645989815149523,2.85695692429449,7010,0,"point","fixed",-0.274223868708997,0.155
"alternative","alternative","independent","claps_protocol","seven, fixed at estimates",0,12,7,0,4000,0.1215,0.00516569816191384,0.111529597647507,0.132026861972013,0.952901061147036,4.94665414804964,7012,0,"point","fixed",-0.274223868708997,0.155
"alternative","alternative","independent","claps_protocol","seven, fixed at estimates",0,16,7,0,4000,0.70225,0.0072300577020519,0.687810280157508,0.716393729640047,1.53724714011125,15.6459425808198,7016,0,"point","fixed",-0.274223868708997,0.155
"alternative","alternative","independent","claps_protocol","seven, fixed at estimates",0,20,7,0,4000,0.955,0.00327776600751183,0.948110205251575,0.961214774761067,2.09477168134458,56.6604908073304,7020,0,"point","fixed",-0.274223868708997,0.155
"alternative","alternative","independent","claps_protocol","none known",0,7,0,0,4000,0.985,0.00192191310937826,0.980733706743705,0.988534418550003,2.62997832736784,230.875308505416,7007,0,"point","drawn",-0.274223868708997,0.155
"alternative","alternative","independent","claps_protocol","none known",0,8,0,0,4000,0.9905,0.00153376579046476,0.986983609513491,0.993268711350985,2.84433215827361,439.454219559824,7008,0,"point","drawn",-0.274223868708997,0.155
"alternative","alternative","independent","claps_protocol","none known",0,10,0,0,4000,0.99825,0.000660858816238391,0.996397675886618,0.999296128862415,3.27160256711415,1956.76993514237,7010,0,"point","drawn",-0.274223868708997,0.155
"alternative","alternative","independent","claps_protocol","none known",0,12,0,0,4000,1,0,0.999078205250517,1,3.6055435637212,6832.55242545846,7012,0,"point","drawn",-0.274223868708997,0.155
"alternative","alternative","independent","claps_protocol","none known",0,16,0,0,4000,1,0,0.999078205250517,1,4.23853676292551,91408.0731464934,7016,0,"point","drawn",-0.274223868708997,0.155
"alternative","alternative","independent","claps_protocol","none known",0,20,0,0,4000,1,0,0.999078205250517,1,4.77638387981066,1190645.87401772,7020,0,"point","drawn",-0.274223868708997,0.155
"alternative","alternative","independent","seven","seven, drawn, 2023 widened 0.15",0.15,7,7,0.15,4000,0.00175,0.000660858816238385,0.000703871137584506,0.00360232411338223,0.164870227714643,1.28494851400038,7007,4,"assurance","drawn",NA,NA
"alternative","alternative","independent","seven","seven, drawn, 2023 widened 0.15",0.15,8,7,0.15,4000,0.00725,0.00134140201841208,0.00486065876945778,0.0103957355949799,0.175739842222115,1.30529610196075,7008,4,"assurance","drawn",NA,NA
"alternative","alternative","independent","seven","seven, drawn, 2023 widened 0.15",0.15,10,7,0.15,4000,0.0375,0.00300390371017448,0.0318275157678723,0.0438601662725591,0.223863175235147,1.42537641619947,7010,4,"assurance","drawn",NA,NA
"alternative","alternative","independent","seven","seven, drawn, 2023 widened 0.15",0.15,12,7,0.15,4000,0.08425,0.00439180878169804,0.0758232473208368,0.0932896848631063,0.216267039050344,1.40755640755668,7012,4,"assurance","drawn",NA,NA
"alternative","alternative","independent","seven","seven, drawn, 2023 widened 0.15",0.15,16,7,0.15,4000,0.16825,0.0059148528616526,0.156777594104632,0.180209152631959,0.265003151814843,1.57893897949464,7016,4,"assurance","drawn",NA,NA
"alternative","alternative","independent","seven","seven, drawn, 2023 widened 0.15",0.15,20,7,0.15,4000,0.233,0.00668414168012618,0.219973087597639,0.246418028743975,0.367835223847196,1.93039004772353,7020,4,"assurance","drawn",NA,NA
"alternative","alternative","independent","seven","seven, drawn, 2023 widened 0.40",0.4,7,7,0.4,4000,0.026,0.002516147849392,0.0212921444491358,0.0314162719197543,0.182658578509385,1.27735041912511,7007,4,"assurance","drawn",NA,NA
"alternative","alternative","independent","seven","seven, drawn, 2023 widened 0.40",0.4,8,7,0.4,4000,0.0325,0.00280373634637781,0.0272235620771659,0.0384728773398394,0.188126281672243,1.27979319114491,7008,4,"assurance","drawn",NA,NA
"alternative","alternative","independent","seven","seven, drawn, 2023 widened 0.40",0.4,10,7,0.4,4000,0.06925,0.00401417605181935,0.0615742365425594,0.07756191893933,0.22856960384716,1.39893649235916,7010,4,"assurance","drawn",NA,NA
"alternative","alternative","independent","seven","seven, drawn, 2023 widened 0.40",0.4,12,7,0.4,4000,0.097,0.00467950317875734,0.0880001784099386,0.106593277559945,0.215632174288592,1.38893900913935,7012,4,"assurance","drawn",NA,NA
"alternative","alternative","independent","seven","seven, drawn, 2023 widened 0.40",0.4,16,7,0.4,4000,0.17025,0.00594274636636968,0.158721481974903,0.182262298706689,0.262709842775062,1.55891959687252,7016,4,"assurance","drawn",NA,NA
"alternative","alternative","independent","seven","seven, drawn, 2023 widened 0.40",0.4,20,7,0.4,4000,0.2275,0.00662841892912631,0.214586275553016,0.240812938988672,0.360663349577854,1.84925341979073,7020,4,"assurance","drawn",NA,NA
"alternative","alternative","independent","seven","seven, fixed at estimates",0,7,7,0,4000,0,0,0,0.000921794749483056,0.152357259714836,1.27422087681283,7007,0,"assurance","fixed",NA,NA
"alternative","alternative","independent","seven","seven, fixed at estimates",0,8,7,0,4000,0,0,0,0.000921794749483056,0.166262109918538,1.32349247313523,7008,0,"assurance","fixed",NA,NA
"alternative","alternative","independent","seven","seven, fixed at estimates",0,10,7,0,4000,0.0175,0.00207326734889642,0.0136668600496151,0.0220590930912069,0.230310881032334,1.46046871578061,7010,0,"assurance","fixed",NA,NA
"alternative","alternative","independent","seven","seven, fixed at estimates",0,12,7,0,4000,0.07175,0.00408050050545273,0.0639424335363525,0.0801898215260032,0.227289887193461,1.49616744979399,7012,0,"assurance","fixed",NA,NA
"alternative","alternative","independent","seven","seven, fixed at estimates",0,16,7,0,4000,0.1645,0.00586173502471751,0.153134406437709,0.176357904471019,0.266398767723624,1.52835136695114,7016,0,"assurance","fixed",NA,NA
"alternative","alternative","independent","seven","seven, fixed at estimates",0,20,7,0,4000,0.235,0.00670400999402596,0.221932701350674,0.248455471053201,0.354349525982661,1.86087783934574,7020,0,"assurance","fixed",NA,NA
"alternative","alternative","independent","seven","none known",0,7,0,0,4000,0.204,0.00637149903868784,0.191606797290577,0.216827062887789,0.204474309240957,1.46361848808011,7007,0,"assurance","drawn",NA,NA
"alternative","alternative","independent","seven","none known",0,8,0,0,4000,0.21,0.0064401086947349,0.197467993957124,0.222957013075185,0.214997671967655,1.44191048630354,7008,0,"assurance","drawn",NA,NA
"alternative","alternative","independent","seven","none known",0,10,0,0,4000,0.2465,0.00681428187705792,0.233208261146042,0.260162991937678,0.296666353529295,1.78906503618129,7010,0,"assurance","drawn",NA,NA
"alternative","alternative","independent","seven","none known",0,12,0,0,4000,0.2575,0.00691364140666841,0.244005566655317,0.271349514880497,0.275684292268485,1.64778364660689,7012,0,"assurance","drawn",NA,NA
"alternative","alternative","independent","seven","none known",0,16,0,0,4000,0.28775,0.00715803634909743,0.273754671712471,0.302055989153134,0.305499639190715,1.7634619010472,7016,0,"assurance","drawn",NA,NA
"alternative","alternative","independent","seven","none known",0,20,0,0,4000,0.32425,0.00740121506071807,0.309751602252144,0.339005537414385,0.429457224237955,2.2088075991014,7020,0,"assurance","drawn",NA,NA
"alternative","alternative","independent","seven","seven, drawn, 2023 widened 0.15",0.15,7,7,0.15,4000,0.00175,0.000660858816238385,0.000703871137584506,0.00360232411338223,0.164870227714643,1.28494851400038,7007,4,"point","drawn",-0.0454860414037672,0.52
"alternative","alternative","independent","seven","seven, drawn, 2023 widened 0.15",0.15,8,7,0.15,4000,0.0055,0.00116937483297701,0.00344993467770284,0.00831529135332831,0.174419508145449,1.30559785200638,7008,4,"point","drawn",-0.0454860414037672,0.52
"alternative","alternative","independent","seven","seven, drawn, 2023 widened 0.15",0.15,10,7,0.15,4000,0.0285,0.00263095752531279,0.023565216545572,0.034138493803621,0.214481345391527,1.4188042810163,7010,4,"point","drawn",-0.0454860414037672,0.52
"alternative","alternative","independent","seven","seven, drawn, 2023 widened 0.15",0.15,12,7,0.15,4000,0.0425,0.00318958265295007,0.0364598988482231,0.0492192910125305,0.227379524965834,1.37696888816705,7012,4,"point","drawn",-0.0454860414037672,0.52
"alternative","alternative","independent","seven","seven, drawn, 2023 widened 0.15",0.15,16,7,0.15,4000,0.0825,0.00435010775728602,0.0741562433404668,0.0914593784638913,0.270986396639429,1.55362482031271,7016,4,"point","drawn",-0.0454860414037672,0.52
"alternative","alternative","independent","seven","seven, drawn, 2023 widened 0.15",0.15,20,7,0.15,4000,0.1105,0.00495705936014488,0.100946447742192,0.120626566533588,0.332163975758715,1.75797412689494,7020,4,"point","drawn",-0.0454860414037672,0.52
"alternative","alternative","independent","seven","seven, drawn, 2023 widened 0.40",0.4,7,7,0.4,4000,0.026,0.002516147849392,0.0212921444491358,0.0314162719197543,0.182658578509385,1.27735041912511,7007,4,"point","drawn",-0.0454860414037672,0.52
"alternative","alternative","independent","seven","seven, drawn, 2023 widened 0.40",0.4,8,7,0.4,4000,0.03925,0.00307040052354738,0.0334458887847514,0.0457387951151178,0.187819394058046,1.27824960775334,7008,4,"point","drawn",-0.0454860414037672,0.52
"alternative","alternative","independent","seven","seven, drawn, 2023 widened 0.40",0.4,10,7,0.4,4000,0.0605,0.00376960707501458,0.0533099270244527,0.0683400034084836,0.22056213588526,1.3857276178229,7010,4,"point","drawn",-0.0454860414037672,0.52
"alternative","alternative","independent","seven","seven, drawn, 2023 widened 0.40",0.4,12,7,0.4,4000,0.0665,0.00393947172854432,0.0589726461815293,0.0746678165336702,0.227775185264299,1.37467091964008,7012,4,"point","drawn",-0.0454860414037672,0.52
"alternative","alternative","independent","seven","seven, drawn, 2023 widened 0.40",0.4,16,7,0.4,4000,0.09175,0.00456431641924615,0.0829797264959872,0.101121725739127,0.262566686229074,1.51814045435019,7016,4,"point","drawn",-0.0454860414037672,0.52
"alternative","alternative","independent","seven","seven, drawn, 2023 widened 0.40",0.4,20,7,0.4,4000,0.115,0.00504417981439996,0.105272452325387,0.125293779996346,0.323633083375998,1.68759473683702,7020,4,"point","drawn",-0.0454860414037672,0.52
"alternative","alternative","independent","seven","seven, fixed at estimates",0,7,7,0,4000,0,0,0,0.000921794749483056,0.152357259714836,1.27422087681283,7007,0,"point","fixed",-0.0454860414037672,0.52
"alternative","alternative","independent","seven","seven, fixed at estimates",0,8,7,0,4000,0,0,0,0.000921794749483056,0.167981860060154,1.31309635209189,7008,0,"point","fixed",-0.0454860414037672,0.52
"alternative","alternative","independent","seven","seven, fixed at estimates",0,10,7,0,4000,0.00675,0.0012946464285665,0.00445286700822728,0.00980580746354764,0.21822289550471,1.44212713190065,7010,0,"point","fixed",-0.0454860414037672,0.52
"alternative","alternative","independent","seven","seven, fixed at estimates",0,12,7,0,4000,0.029,0.00265325272071848,0.0240211399172395,0.0346816456321668,0.239247008967996,1.48288461130737,7012,0,"point","fixed",-0.0454860414037672,0.52
"alternative","alternative","independent","seven","seven, fixed at estimates",0,16,7,0,4000,0.075,0.00416458281223942,0.0670252845595475,0.0836019196269522,0.274846733616379,1.59196494372935,7016,0,"point","fixed",-0.0454860414037672,0.52
"alternative","alternative","independent","seven","seven, fixed at estimates",0,20,7,0,4000,0.1095,0.00493735126358253,0.0999857955004742,0.119588727841464,0.345243464316259,1.74493383786637,7020,0,"point","fixed",-0.0454860414037672,0.52
"alternative","alternative","independent","seven","none known",0,7,0,0,4000,0.12225,0.00517940482825971,0.112252192740372,0.132803140901447,0.223985115088245,1.41339874933331,7007,0,"point","drawn",-0.0454860414037672,0.52
"alternative","alternative","independent","seven","none known",0,8,0,0,4000,0.116,0.00506320056881021,0.106234451826683,0.126330275268551,0.227835888233967,1.47732388998192,7008,0,"point","drawn",-0.0454860414037672,0.52
"alternative","alternative","independent","seven","none known",0,10,0,0,4000,0.14075,0.00549862340727204,0.130113207541826,0.151914442999103,0.272787126664098,1.57526794981548,7010,0,"point","drawn",-0.0454860414037672,0.52
"alternative","alternative","independent","seven","none known",0,12,0,0,4000,0.14,0.00548634668973808,0.129387809834687,0.151140959966133,0.27298112468273,1.57641774389807,7012,0,"point","drawn",-0.0454860414037672,0.52
"alternative","alternative","independent","seven","none known",0,16,0,0,4000,0.14625,0.00558705954639827,0.135435913017942,0.157583536366937,0.312401692177158,1.65730214734548,7016,0,"point","drawn",-0.0454860414037672,0.52
"alternative","alternative","independent","seven","none known",0,20,0,0,4000,0.17,0.00593927605015965,0.158478463907212,0.182005687475599,0.370029538108384,1.87099649989902,7020,0,"point","drawn",-0.0454860414037672,0.52
"alternative","alternative","independent","glossa_protocol","seven, drawn, 2023 widened 0.15",0.15,7,7,0.15,4000,0.00175,0.000660858816238385,0.000703871137584506,0.00360232411338223,0.164870227714643,1.28494851400038,7007,4,"assurance","drawn",NA,NA
"alternative","alternative","independent","glossa_protocol","seven, drawn, 2023 widened 0.15",0.15,8,7,0.15,4000,0.0035,0.000933775936721439,0.00191476301184623,0.0058654392549243,0.0672252228433714,1.08721697380056,7008,4,"assurance","drawn",NA,NA
"alternative","alternative","independent","glossa_protocol","seven, drawn, 2023 widened 0.15",0.15,10,7,0.15,4000,0.02625,0.00252789129018635,0.0215189363337003,0.0316890027570297,-0.0832477826012441,0.83729028004459,7010,4,"assurance","drawn",NA,NA
"alternative","alternative","independent","glossa_protocol","seven, drawn, 2023 widened 0.15",0.15,12,7,0.15,4000,0.056,0.00363538168560056,0.0490762753706599,0.0635808309430417,-0.187657488715637,0.676950863189656,7012,4,"assurance","drawn",NA,NA
"alternative","alternative","independent","glossa_protocol","seven, drawn, 2023 widened 0.15",0.15,16,7,0.15,4000,0.0985,0.00471162790338966,0.0894361336035558,0.10815504300394,-0.390111394793368,0.450653783207907,7016,4,"assurance","drawn",NA,NA
"alternative","alternative","independent","glossa_protocol","seven, drawn, 2023 widened 0.15",0.15,20,7,0.15,4000,0.122,0.00517484299278732,0.112011313884838,0.132544395046922,-0.558596320188419,0.334106602265225,7020,4,"assurance","drawn",NA,NA
"alternative","alternative","independent","glossa_protocol","seven, drawn, 2023 widened 0.40",0.4,7,7,0.4,4000,0.026,0.002516147849392,0.0212921444491358,0.0314162719197543,0.182658578509385,1.27735041912511,7007,4,"assurance","drawn",NA,NA
"alternative","alternative","independent","glossa_protocol","seven, drawn, 2023 widened 0.40",0.4,8,7,0.4,4000,0.026,0.002516147849392,0.0212921444491358,0.0314162719197543,0.082007776499477,1.0968347705704,7008,4,"assurance","drawn",NA,NA
"alternative","alternative","independent","glossa_protocol","seven, drawn, 2023 widened 0.40",0.4,10,7,0.4,4000,0.0445,0.00326035849255876,0.0383197104139051,0.0513561400129005,-0.0723490597377701,0.841699546253348,7010,4,"assurance","drawn",NA,NA
"alternative","alternative","independent","glossa_protocol","seven, drawn, 2023 widened 0.40",0.4,12,7,0.4,4000,0.0635,0.0038557667849599,0.0561388797733118,0.0715063038912016,-0.178552848088836,0.694509266801481,7012,4,"assurance","drawn",NA,NA
"alternative","alternative","independent","glossa_protocol","seven, drawn, 2023 widened 0.40",0.4,16,7,0.4,4000,0.09475,0.0046306705103041,0.0858475111441213,0.104249368159166,-0.378153381262994,0.487852965552475,7016,4,"assurance","drawn",NA,NA
"alternative","alternative","independent","glossa_protocol","seven, drawn, 2023 widened 0.40",0.4,20,7,0.4,4000,0.12125,0.00516111512902008,0.111288760339226,0.131768074678475,-0.54432434764763,0.348190697762093,7020,4,"assurance","drawn",NA,NA
"alternative","alternative","independent","glossa_protocol","seven, fixed at estimates",0,7,7,0,4000,0,0,0,0.000921794749483056,0.152357259714836,1.27422087681283,7007,0,"assurance","fixed",NA,NA
"alternative","alternative","independent","glossa_protocol","seven, fixed at estimates",0,8,7,0,4000,0,0,0,0.000921794749483056,0.0565529369209353,1.06680722792384,7008,0,"assurance","fixed",NA,NA
"alternative","alternative","independent","glossa_protocol","seven, fixed at estimates",0,10,7,0,4000,0.01625,0.00199912090054604,0.0125632116521016,0.0206656379882912,-0.0871976745495258,0.830056854069094,7010,0,"assurance","fixed",NA,NA
"alternative","alternative","independent","glossa_protocol","seven, fixed at estimates",0,12,7,0,4000,0.0525,0.00352646246258201,0.0457923030666539,0.0598704385235418,-0.187804040153591,0.674691938620599,7012,0,"assurance","fixed",NA,NA
"alternative","alternative","independent","glossa_protocol","seven, fixed at estimates",0,16,7,0,4000,0.09875,0.00471694915967938,0.0896755238923707,0.108415273036419,-0.403658229378113,0.433450439032632,7016,0,"assurance","fixed",NA,NA
"alternative","alternative","independent","glossa_protocol","seven, fixed at estimates",0,20,7,0,4000,0.12675,0.00526033358020192,0.116590333339161,0.137458251022192,-0.564728661538508,0.321403319056629,7020,0,"assurance","fixed",NA,NA
"alternative","alternative","independent","glossa_protocol","none known",0,7,0,0,4000,0.114,0.0050250373132943,0.104310691457038,0.124257046755611,-0.523587371631753,0.368922198830089,7007,0,"assurance","drawn",NA,NA
"alternative","alternative","independent","glossa_protocol","none known",0,8,0,0,4000,0.1115,0.00497663917719579,0.101907351427543,0.121664154515128,-0.632440749813098,0.3021719494663,7008,0,"assurance","drawn",NA,NA
"alternative","alternative","independent","glossa_protocol","none known",0,10,0,0,4000,0.123,0.00519304823778867,0.112974911817236,0.133579296168342,-0.682456837905648,0.276716980014176,7010,0,"assurance","drawn",NA,NA
"alternative","alternative","independent","glossa_protocol","none known",0,12,0,0,4000,0.13525,0.00540734309758499,0.12479607626068,0.146239787657542,-0.736486060234495,0.25635976203507,7012,0,"assurance","drawn",NA,NA
"alternative","alternative","independent","glossa_protocol","none known",0,16,0,0,4000,0.153,0.00569190214251791,0.14197556127059,0.164533838146612,-0.898337230863657,0.181876056856172,7016,0,"assurance","drawn",NA,NA
"alternative","alternative","independent","glossa_protocol","none known",0,20,0,0,4000,0.15975,0.00579288221656543,0.148522779247226,0.171476585177625,-1.0276444559892,0.151028480013749,7020,0,"assurance","drawn",NA,NA
"alternative","alternative","independent","glossa_protocol","seven, drawn, 2023 widened 0.15",0.15,7,7,0.15,4000,0.00175,0.000660858816238385,0.000703871137584506,0.00360232411338223,0.164870227714643,1.28494851400038,7007,4,"point","drawn",0.155716437026829,0.615
"alternative","alternative","independent","glossa_protocol","seven, drawn, 2023 widened 0.15",0.15,8,7,0.15,4000,0.00525,0.00114263265094255,0.00325268218914907,0.00801404355442115,0.067996985424622,1.0859348214327,7008,4,"point","drawn",0.155716437026829,0.615
"alternative","alternative","independent","glossa_protocol","seven, drawn, 2023 widened 0.15",0.15,10,7,0.15,4000,0.013,0.00179101926287798,0.00972384929490652,0.0170132062750229,-0.0802907291847363,0.85582456057804,7010,4,"point","drawn",0.155716437026829,0.615
"alternative","alternative","independent","glossa_protocol","seven, drawn, 2023 widened 0.15",0.15,12,7,0.15,4000,0.01425,0.00187396221279939,0.0108102009656135,0.0184235617994046,-0.228503793300835,0.647538162304808,7012,4,"point","drawn",0.155716437026829,0.615
"alternative","alternative","independent","glossa_protocol","seven, drawn, 2023 widened 0.15",0.15,16,7,0.15,4000,0.015,0.00192191310937826,0.0114655814499969,0.0192662932562955,-0.452383650646605,0.467635729389596,7016,4,"point","drawn",0.155716437026829,0.615
"alternative","alternative","independent","glossa_protocol","seven, drawn, 2023 widened 0.15",0.15,20,7,0.15,4000,0.00725,0.00134140201841208,0.00486065876945778,0.0103957355949799,-0.618693829624459,0.362574794606197,7020,4,"point","drawn",0.155716437026829,0.615
"alternative","alternative","independent","glossa_protocol","seven, drawn, 2023 widened 0.40",0.4,7,7,0.4,4000,0.026,0.002516147849392,0.0212921444491358,0.0314162719197543,0.182658578509385,1.27735041912511,7007,4,"point","drawn",0.155716437026829,0.615
"alternative","alternative","independent","glossa_protocol","seven, drawn, 2023 widened 0.40",0.4,8,7,0.4,4000,0.0295,0.00267533876359612,0.0244774738662738,0.0352243918148633,0.0839353822146978,1.06497868003238,7008,4,"point","drawn",0.155716437026829,0.615
"alternative","alternative","independent","glossa_protocol","seven, drawn, 2023 widened 0.40",0.4,10,7,0.4,4000,0.02775,0.00259711077449538,0.0228821245092497,0.0333229827618345,-0.0656546532113682,0.863954618408344,7010,4,"point","drawn",0.155716437026829,0.615
"alternative","alternative","independent","glossa_protocol","seven, drawn, 2023 widened 0.40",0.4,12,7,0.4,4000,0.023,0.00237017931811076,0.0185805527921237,0.0281337288436121,-0.213337342635944,0.66800951745897,7012,4,"point","drawn",0.155716437026829,0.615
"alternative","alternative","independent","glossa_protocol","seven, drawn, 2023 widened 0.40",0.4,16,7,0.4,4000,0.01925,0.00217252373404757,0.0152209076014555,0.0240011665135266,-0.437325780493894,0.473496735371879,7016,4,"point","drawn",0.155716437026829,0.615
"alternative","alternative","independent","glossa_protocol","seven, drawn, 2023 widened 0.40",0.4,20,7,0.4,4000,0.011,0.00164916645612261,0.00800367796257567,0.0147391346139271,-0.600814766185593,0.367601879142152,7020,4,"point","drawn",0.155716437026829,0.615
"alternative","alternative","independent","glossa_protocol","seven, fixed at estimates",0,7,7,0,4000,0,0,0,0.000921794749483056,0.152357259714836,1.27422087681283,7007,0,"point","fixed",0.155716437026829,0.615
"alternative","alternative","independent","glossa_protocol","seven, fixed at estimates",0,8,7,0,4000,0,0,0,0.000921794749483056,0.0601453579076809,1.08082537668999,7008,0,"point","fixed",0.155716437026829,0.615
"alternative","alternative","independent","glossa_protocol","seven, fixed at estimates",0,10,7,0,4000,0.00175,0.000660858816238385,0.000703871137584506,0.00360232411338223,-0.0815792562613346,0.850750377219612,7010,0,"point","fixed",0.155716437026829,0.615
"alternative","alternative","independent","glossa_protocol","seven, fixed at estimates",0,12,7,0,4000,0.0075,0.00136416183057583,0.00506577380009943,0.0106895374164582,-0.228068509455539,0.668518395957116,7012,0,"point","fixed",0.155716437026829,0.615
"alternative","alternative","independent","glossa_protocol","seven, fixed at estimates",0,16,7,0,4000,0.01425,0.00187396221279939,0.0108102009656135,0.0184235617994046,-0.463303515014413,0.450425312985397,7016,0,"point","fixed",0.155716437026829,0.615
"alternative","alternative","independent","glossa_protocol","seven, fixed at estimates",0,20,7,0,4000,0.00975,0.0015536197652579,0.00694213145508389,0.0133046952045863,-0.617922642851213,0.345550795975681,7020,0,"point","fixed",0.155716437026829,0.615
"alternative","alternative","independent","glossa_protocol","none known",0,7,0,0,4000,0.0225,0.00234487473012952,0.0181305385590193,0.0275847487122167,-0.585845171201571,0.37582094932421,7007,0,"point","drawn",0.155716437026829,0.615
"alternative","alternative","independent","glossa_protocol","none known",0,8,0,0,4000,0.02275,0.00235756428862502,0.0183554724858091,0.0278593108475947,-0.647599552156908,0.344270604578732,7008,0,"point","drawn",0.155716437026829,0.615
"alternative","alternative","independent","glossa_protocol","none known",0,10,0,0,4000,0.02075,0.00225385433757375,0.0165603095597376,0.0256585735066304,-0.726194157903661,0.284219687587742,7010,0,"point","drawn",0.155716437026829,0.615
"alternative","alternative","independent","glossa_protocol","none known",0,12,0,0,4000,0.01425,0.00187396221279939,0.0108102009656135,0.0184235617994046,-0.820958760807665,0.257637931216424,7012,0,"point","drawn",0.155716437026829,0.615
"alternative","alternative","independent","glossa_protocol","none known",0,16,0,0,4000,0.0115,0.00168580470399154,0.00843140821017823,0.0153098978921919,-0.972338436212221,0.191478354702911,7016,0,"point","drawn",0.155716437026829,0.615
"alternative","alternative","independent","glossa_protocol","none known",0,20,0,0,4000,0.00775,0.00138653682785565,0.00527164779621547,0.010982614201427,-1.07843967521479,0.158954953556516,7020,0,"point","drawn",0.155716437026829,0.615
"alternative_canonical_se","alternative","canonical","claps_protocol","seven, drawn, 2023 widened 0.15",0.15,7,7,0.15,4000,0.00075,0.000432850291671381,0.000154694744658045,0.00219023866287519,0.157735390025126,1.2820604412427,7007,4,"assurance","drawn",NA,NA
"alternative_canonical_se","alternative","canonical","claps_protocol","seven, drawn, 2023 widened 0.15",0.15,8,7,0.15,4000,0.00375,0.000966428670414946,0.00210031906682682,0.00617752377451536,0.300506635991265,1.64520396901191,7008,4,"assurance","drawn",NA,NA
"alternative_canonical_se","alternative","canonical","claps_protocol","seven, drawn, 2023 widened 0.15",0.15,10,7,0.15,4000,0.057,0.00366575367421217,0.0500160197534563,0.0646394856038869,0.611934969188296,2.73987391748338,7010,4,"assurance","drawn",NA,NA
"alternative_canonical_se","alternative","canonical","claps_protocol","seven, drawn, 2023 widened 0.15",0.15,12,7,0.15,4000,0.21425,0.00648742894951459,0.20162217969187,0.227296559616731,0.884307880405815,4.5294554444705,7012,4,"assurance","drawn",NA,NA
"alternative_canonical_se","alternative","canonical","claps_protocol","seven, drawn, 2023 widened 0.15",0.15,16,7,0.15,4000,0.5785,0.00780765249610919,0.563019546405125,0.593865667264806,1.40395253754883,13.2118350955013,7016,4,"assurance","drawn",NA,NA
"alternative_canonical_se","alternative","canonical","claps_protocol","seven, drawn, 2023 widened 0.15",0.15,20,7,0.15,4000,0.7645,0.00670894458912875,0.751035231948803,0.777577331562024,1.87852414077262,43.3617564692268,7020,4,"assurance","drawn",NA,NA
"alternative_canonical_se","alternative","canonical","claps_protocol","seven, drawn, 2023 widened 0.40",0.4,7,7,0.4,4000,0.02325,0.00238272100234165,0.0188057771493199,0.0284080049694857,0.17808058139437,1.27430591130514,7007,4,"assurance","drawn",NA,NA
"alternative_canonical_se","alternative","canonical","claps_protocol","seven, drawn, 2023 widened 0.40",0.4,8,7,0.4,4000,0.03975,0.00308909118916875,0.0339088862313539,0.0462749464663077,0.304753538661665,1.53785905024184,7008,4,"assurance","drawn",NA,NA
"alternative_canonical_se","alternative","canonical","claps_protocol","seven, drawn, 2023 widened 0.40",0.4,10,7,0.4,4000,0.12425,0.00521564803020679,0.114179716490288,0.134872616102891,0.606394534238745,2.56537862094083,7010,4,"assurance","drawn",NA,NA
"alternative_canonical_se","alternative","canonical","claps_protocol","seven, drawn, 2023 widened 0.40",0.4,12,7,0.4,4000,0.2455,0.00680495683307396,0.232227260763114,0.259145463028173,0.862302911331626,4.12492739460951,7012,4,"assurance","drawn",NA,NA
"alternative_canonical_se","alternative","canonical","claps_protocol","seven, drawn, 2023 widened 0.40",0.4,16,7,0.4,4000,0.524,0.00789658153886857,0.508385206641018,0.539579703648136,1.36314273901123,11.064176729412,7016,4,"assurance","drawn",NA,NA
"alternative_canonical_se","alternative","canonical","claps_protocol","seven, drawn, 2023 widened 0.40",0.4,20,7,0.4,4000,0.6965,0.0072695899127805,0.681987065873601,0.710725376885272,1.81454463907504,31.0118919238697,7020,4,"assurance","drawn",NA,NA
"alternative_canonical_se","alternative","canonical","claps_protocol","seven, fixed at estimates",0,7,7,0,4000,0,0,0,0.000921794749483056,0.152357259714836,1.27422087681283,7007,0,"assurance","fixed",NA,NA
"alternative_canonical_se","alternative","canonical","claps_protocol","seven, fixed at estimates",0,8,7,0,4000,0,0,0,0.000921794749483056,0.3067312480892,1.64417526014534,7008,0,"assurance","fixed",NA,NA
"alternative_canonical_se","alternative","canonical","claps_protocol","seven, fixed at estimates",0,10,7,0,4000,0.021,0.00226710167394407,0.0167841478555717,0.0259342137190732,0.621395006406557,2.87667013919435,7010,0,"assurance","fixed",NA,NA
"alternative_canonical_se","alternative","canonical","claps_protocol","seven, fixed at estimates",0,12,7,0,4000,0.17875,0.00605802025211207,0.166989420459607,0.190981765376654,0.891607489069423,4.83049974610122,7012,0,"assurance","fixed",NA,NA
"alternative_canonical_se","alternative","canonical","claps_protocol","seven, fixed at estimates",0,16,7,0,4000,0.6175,0.00768429811368612,0.602232634910437,0.632595521856705,1.42466246264973,14.5674268168695,7016,0,"assurance","fixed",NA,NA
"alternative_canonical_se","alternative","canonical","claps_protocol","seven, fixed at estimates",0,20,7,0,4000,0.80625,0.00624921870116577,0.793654860973032,0.818396141172992,1.92767904400261,52.5453376399776,7020,0,"assurance","fixed",NA,NA
"alternative_canonical_se","alternative","canonical","claps_protocol","none known",0,7,0,0,4000,0.8275,0.00597377079406299,0.815428607947422,0.839090946981054,2.41309337667861,275.873655847511,7007,0,"assurance","drawn",NA,NA
"alternative_canonical_se","alternative","canonical","claps_protocol","none known",0,8,0,0,4000,0.8475,0.00568427106144666,0.835980734909868,0.858509121764616,2.6434757246885,590.686567636762,7008,0,"assurance","drawn",NA,NA
"alternative_canonical_se","alternative","canonical","claps_protocol","none known",0,10,0,0,4000,0.87375,0.00525145069242776,0.863058769953733,0.883891896305094,3.04085718980594,2658.82222355041,7010,0,"assurance","drawn",NA,NA
"alternative_canonical_se","alternative","canonical","claps_protocol","none known",0,12,0,0,4000,0.87875,0.00516111512902008,0.868231925321525,0.888711239660773,3.32299886046439,9277.12320568663,7012,0,"assurance","drawn",NA,NA
"alternative_canonical_se","alternative","canonical","claps_protocol","none known",0,16,0,0,4000,0.90475,0.00464159017740688,0.895229630314465,0.913674251580297,3.94681700921129,119412.961937779,7016,0,"assurance","drawn",NA,NA
"alternative_canonical_se","alternative","canonical","claps_protocol","none known",0,20,0,0,4000,0.911,0.00450219390964005,0.901747815065556,0.919646531701241,4.45732181814157,1744902.67640873,7020,0,"assurance","drawn",NA,NA
"alternative_canonical_se","alternative","canonical","claps_protocol","seven, drawn, 2023 widened 0.15",0.15,7,7,0.15,4000,0.00075,0.000432850291671381,0.000154694744658045,0.00219023866287519,0.157735390025126,1.2820604412427,7007,4,"point","drawn",-0.274223868708997,0.155
"alternative_canonical_se","alternative","canonical","claps_protocol","seven, drawn, 2023 widened 0.15",0.15,8,7,0.15,4000,0.00525,0.00114263265094255,0.00325268218914907,0.00801404355442115,0.314249076835827,1.63704009498698,7008,4,"point","drawn",-0.274223868708997,0.155
"alternative_canonical_se","alternative","canonical","claps_protocol","seven, drawn, 2023 widened 0.15",0.15,10,7,0.15,4000,0.04425,0.00325161258070515,0.0380870356963134,0.0510892305915398,0.635536324604544,2.80512439379174,7010,4,"point","drawn",-0.274223868708997,0.155
"alternative_canonical_se","alternative","canonical","claps_protocol","seven, drawn, 2023 widened 0.15",0.15,12,7,0.15,4000,0.1735,0.00598743997882233,0.161881540899987,0.185597422076323,0.929088373295334,4.63236551272568,7012,4,"point","drawn",-0.274223868708997,0.155
"alternative_canonical_se","alternative","canonical","claps_protocol","seven, drawn, 2023 widened 0.15",0.15,16,7,0.15,4000,0.61575,0.0076909352080875,0.60047091519205,0.630859802518811,1.49349686693269,13.5881438581544,7016,4,"point","drawn",-0.274223868708997,0.155
"alternative_canonical_se","alternative","canonical","claps_protocol","seven, drawn, 2023 widened 0.15",0.15,20,7,0.15,4000,0.90475,0.00464159017740688,0.895229630314465,0.913674251580297,2.05141225836039,47.7455207027451,7020,4,"point","drawn",-0.274223868708997,0.155
"alternative_canonical_se","alternative","canonical","claps_protocol","seven, drawn, 2023 widened 0.40",0.4,7,7,0.4,4000,0.02325,0.00238272100234165,0.0188057771493199,0.0284080049694857,0.17808058139437,1.27430591130514,7007,4,"point","drawn",-0.274223868708997,0.155
"alternative_canonical_se","alternative","canonical","claps_protocol","seven, drawn, 2023 widened 0.40",0.4,8,7,0.4,4000,0.04775,0.0033715700163277,0.0413493571316761,0.0548211241528375,0.328424358108884,1.5986184986889,7008,4,"point","drawn",-0.274223868708997,0.155
"alternative_canonical_se","alternative","canonical","claps_protocol","seven, drawn, 2023 widened 0.40",0.4,10,7,0.4,4000,0.12225,0.00517940482825971,0.112252192740372,0.132803140901447,0.631832134512859,2.64890063422966,7010,4,"point","drawn",-0.274223868708997,0.155
"alternative_canonical_se","alternative","canonical","claps_protocol","seven, drawn, 2023 widened 0.40",0.4,12,7,0.4,4000,0.2335,0.00668912830643874,0.220462952733145,0.246927427581882,0.905303359669806,4.18720519556259,7012,4,"point","drawn",-0.274223868708997,0.155
"alternative_canonical_se","alternative","canonical","claps_protocol","seven, drawn, 2023 widened 0.40",0.4,16,7,0.4,4000,0.52225,0.0078978626459948,0.506633976632147,0.537833492337199,1.43187977606973,10.8320985316427,7016,4,"point","drawn",-0.274223868708997,0.155
"alternative_canonical_se","alternative","canonical","claps_protocol","seven, drawn, 2023 widened 0.40",0.4,20,7,0.4,4000,0.798,0.00634814933661772,0.785217192803641,0.810345994712561,1.97238733501781,36.8909925539488,7020,4,"point","drawn",-0.274223868708997,0.155
"alternative_canonical_se","alternative","canonical","claps_protocol","seven, fixed at estimates",0,7,7,0,4000,0,0,0,0.000921794749483056,0.152357259714836,1.27422087681283,7007,0,"point","fixed",-0.274223868708997,0.155
"alternative_canonical_se","alternative","canonical","claps_protocol","seven, fixed at estimates",0,8,7,0,4000,0,0,0,0.000921794749483056,0.313858293970351,1.66702655201698,7008,0,"point","fixed",-0.274223868708997,0.155
"alternative_canonical_se","alternative","canonical","claps_protocol","seven, fixed at estimates",0,10,7,0,4000,0.00375,0.000966428670414946,0.00210031906682682,0.00617752377451536,0.645989815149523,2.85695692429449,7010,0,"point","fixed",-0.274223868708997,0.155
"alternative_canonical_se","alternative","canonical","claps_protocol","seven, fixed at estimates",0,12,7,0,4000,0.1215,0.00516569816191384,0.111529597647507,0.132026861972013,0.952901061147036,4.94665414804964,7012,0,"point","fixed",-0.274223868708997,0.155
"alternative_canonical_se","alternative","canonical","claps_protocol","seven, fixed at estimates",0,16,7,0,4000,0.70225,0.0072300577020519,0.687810280157508,0.716393729640047,1.53724714011125,15.6459425808198,7016,0,"point","fixed",-0.274223868708997,0.155
"alternative_canonical_se","alternative","canonical","claps_protocol","seven, fixed at estimates",0,20,7,0,4000,0.955,0.00327776600751183,0.948110205251575,0.961214774761067,2.09477168134458,56.6604908073304,7020,0,"point","fixed",-0.274223868708997,0.155
"alternative_canonical_se","alternative","canonical","claps_protocol","none known",0,7,0,0,4000,0.985,0.00192191310937826,0.980733706743705,0.988534418550003,2.62997832736784,230.875308505416,7007,0,"point","drawn",-0.274223868708997,0.155
"alternative_canonical_se","alternative","canonical","claps_protocol","none known",0,8,0,0,4000,0.9905,0.00153376579046476,0.986983609513491,0.993268711350985,2.84433215827361,439.454219559824,7008,0,"point","drawn",-0.274223868708997,0.155
"alternative_canonical_se","alternative","canonical","claps_protocol","none known",0,10,0,0,4000,0.99825,0.000660858816238391,0.996397675886618,0.999296128862415,3.27160256711415,1956.76993514237,7010,0,"point","drawn",-0.274223868708997,0.155
"alternative_canonical_se","alternative","canonical","claps_protocol","none known",0,12,0,0,4000,1,0,0.999078205250517,1,3.6055435637212,6832.55242545846,7012,0,"point","drawn",-0.274223868708997,0.155
"alternative_canonical_se","alternative","canonical","claps_protocol","none known",0,16,0,0,4000,1,0,0.999078205250517,1,4.23853676292551,91408.0731464934,7016,0,"point","drawn",-0.274223868708997,0.155
"alternative_canonical_se","alternative","canonical","claps_protocol","none known",0,20,0,0,4000,1,0,0.999078205250517,1,4.77638387981066,1190645.87401772,7020,0,"point","drawn",-0.274223868708997,0.155
"alternative_canonical_se","alternative","canonical","seven","seven, drawn, 2023 widened 0.15",0.15,7,7,0.15,4000,0.00075,0.000432850291671381,0.000154694744658045,0.00219023866287519,0.157735390025126,1.2820604412427,7007,4,"assurance","drawn",NA,NA
"alternative_canonical_se","alternative","canonical","seven","seven, drawn, 2023 widened 0.15",0.15,8,7,0.15,4000,0.00375,0.000966428670414946,0.00210031906682682,0.00617752377451536,0.162714656644421,1.30135877156498,7008,4,"assurance","drawn",NA,NA
"alternative_canonical_se","alternative","canonical","seven","seven, drawn, 2023 widened 0.15",0.15,10,7,0.15,4000,0.032,0.00278280434094817,0.0267649629307489,0.0379323706562084,0.196507972060726,1.38938729792194,7010,4,"assurance","drawn",NA,NA
"alternative_canonical_se","alternative","canonical","seven","seven, drawn, 2023 widened 0.15",0.15,12,7,0.15,4000,0.07675,0.00420890239551834,0.0686871546901471,0.0854373382594552,0.179324858649753,1.33018794274565,7012,4,"assurance","drawn",NA,NA
"alternative_canonical_se","alternative","canonical","seven","seven, drawn, 2023 widened 0.15",0.15,16,7,0.15,4000,0.15325,0.00569570973408933,0.142217918366477,0.164791109127381,0.206210377045539,1.40189887001092,7016,4,"assurance","drawn",NA,NA
"alternative_canonical_se","alternative","canonical","seven","seven, drawn, 2023 widened 0.15",0.15,20,7,0.15,4000,0.209,0.00642882182052046,0.196490837701603,0.221935644473498,0.289769751118499,1.64716515761323,7020,4,"assurance","drawn",NA,NA
"alternative_canonical_se","alternative","canonical","seven","seven, drawn, 2023 widened 0.40",0.4,7,7,0.4,4000,0.02325,0.00238272100234165,0.0188057771493199,0.0284080049694857,0.17808058139437,1.27430591130514,7007,4,"assurance","drawn",NA,NA
"alternative_canonical_se","alternative","canonical","seven","seven, drawn, 2023 widened 0.40",0.4,8,7,0.4,4000,0.03,0.00269722079185224,0.0249342082937687,0.0357667422473638,0.177729978922886,1.26295094349672,7008,4,"assurance","drawn",NA,NA
"alternative_canonical_se","alternative","canonical","seven","seven, drawn, 2023 widened 0.40",0.4,10,7,0.4,4000,0.0645,0.00388393325122871,0.0570829492924621,0.0725606579997357,0.203944948720949,1.34842657118982,7010,4,"assurance","drawn",NA,NA
"alternative_canonical_se","alternative","canonical","seven","seven, drawn, 2023 widened 0.40",0.4,12,7,0.4,4000,0.09075,0.0045418728928714,0.0820244363650631,0.100078542457227,0.180242539446459,1.29811689004376,7012,4,"assurance","drawn",NA,NA
"alternative_canonical_se","alternative","canonical","seven","seven, drawn, 2023 widened 0.40",0.4,16,7,0.4,4000,0.157,0.00575219523312622,0.145854506279923,0.168648944770144,0.207181748130039,1.38660908920106,7016,4,"assurance","drawn",NA,NA
"alternative_canonical_se","alternative","canonical","seven","seven, drawn, 2023 widened 0.40",0.4,20,7,0.4,4000,0.21,0.0064401086947349,0.197467993957124,0.222957013075185,0.286107975352103,1.6265115015514,7020,4,"assurance","drawn",NA,NA
"alternative_canonical_se","alternative","canonical","seven","seven, fixed at estimates",0,7,7,0,4000,0,0,0,0.000921794749483056,0.152357259714836,1.27422087681283,7007,0,"assurance","fixed",NA,NA
"alternative_canonical_se","alternative","canonical","seven","seven, fixed at estimates",0,8,7,0,4000,0,0,0,0.000921794749483056,0.158862969972152,1.30339199947804,7008,0,"assurance","fixed",NA,NA
"alternative_canonical_se","alternative","canonical","seven","seven, fixed at estimates",0,10,7,0,4000,0.01775,0.00208775821756256,0.0138882549060676,0.0223371323827088,0.207160133334815,1.39891774240551,7010,0,"assurance","fixed",NA,NA
"alternative_canonical_se","alternative","canonical","seven","seven, fixed at estimates",0,12,7,0,4000,0.06925,0.00401417605181935,0.0615742365425594,0.07756191893933,0.188950904246862,1.3913011975211,7012,0,"assurance","fixed",NA,NA
"alternative_canonical_se","alternative","canonical","seven","seven, fixed at estimates",0,16,7,0,4000,0.15225,0.00568044755058965,0.141248552337935,0.163761962972718,0.207794510883468,1.35478961513769,7016,0,"assurance","fixed",NA,NA
"alternative_canonical_se","alternative","canonical","seven","seven, fixed at estimates",0,20,7,0,4000,0.217,0.00651749568469362,0.204311264369734,0.230103420717521,0.278485333594621,1.57530728755029,7020,0,"assurance","fixed",NA,NA
"alternative_canonical_se","alternative","canonical","seven","none known",0,7,0,0,4000,0.18875,0.00618715276803474,0.176729112924709,0.201227275949501,0.132969601030919,1.27753225461584,7007,0,"assurance","drawn",NA,NA
"alternative_canonical_se","alternative","canonical","seven","none known",0,8,0,0,4000,0.1945,0.00625838936947838,0.182335343529761,0.207112546070889,0.137963963833506,1.27857234423465,7008,0,"assurance","drawn",NA,NA
"alternative_canonical_se","alternative","canonical","seven","none known",0,10,0,0,4000,0.22375,0.00658949803664892,0.210915267745148,0.236989470377139,0.204574775939554,1.50915832699429,7010,0,"assurance","drawn",NA,NA
"alternative_canonical_se","alternative","canonical","seven","none known",0,12,0,0,4000,0.2345,0.0066990624344008,0.221442759666484,0.24794614867983,0.176463136058882,1.35504238011059,7012,0,"assurance","drawn",NA,NA
"alternative_canonical_se","alternative","canonical","seven","none known",0,16,0,0,4000,0.26025,0.00693757770226756,0.246706663494992,0.274144376849634,0.184334679060345,1.40448017108724,7016,0,"assurance","drawn",NA,NA
"alternative_canonical_se","alternative","canonical","seven","none known",0,20,0,0,4000,0.2965,0.00722128364627786,0.282374372615619,0.310923451089905,0.292270444880726,1.68876149642153,7020,0,"assurance","drawn",NA,NA
"alternative_canonical_se","alternative","canonical","seven","seven, drawn, 2023 widened 0.15",0.15,7,7,0.15,4000,0.00075,0.000432850291671381,0.000154694744658045,0.00219023866287519,0.157735390025126,1.2820604412427,7007,4,"point","drawn",-0.0312186404356574,0.53
"alternative_canonical_se","alternative","canonical","seven","seven, drawn, 2023 widened 0.15",0.15,8,7,0.15,4000,0.0035,0.000933775936721439,0.00191476301184623,0.0058654392549243,0.160262926831306,1.2919081585692,7008,4,"point","drawn",-0.0312186404356574,0.53
"alternative_canonical_se","alternative","canonical","seven","seven, drawn, 2023 widened 0.15",0.15,10,7,0.15,4000,0.0215,0.0022933463541297,0.017232315538519,0.0264850111572168,0.188086932670109,1.38009514171743,7010,4,"point","drawn",-0.0312186404356574,0.53
"alternative_canonical_se","alternative","canonical","seven","seven, drawn, 2023 widened 0.15",0.15,12,7,0.15,4000,0.03675,0.0029748713207465,0.031134974649456,0.0430540019235649,0.189905522915074,1.30471131931123,7012,4,"point","drawn",-0.0312186404356574,0.53
"alternative_canonical_se","alternative","canonical","seven","seven, drawn, 2023 widened 0.15",0.15,16,7,0.15,4000,0.0715,0.00407393390962593,0.0637054847225835,0.0799271597659205,0.214125449917754,1.43787459412663,7016,4,"point","drawn",-0.0312186404356574,0.53
"alternative_canonical_se","alternative","canonical","seven","seven, drawn, 2023 widened 0.15",0.15,20,7,0.15,4000,0.09,0.00452493093869951,0.0813081830537339,0.0992959414881489,0.255693739880063,1.56796942172785,7020,4,"point","drawn",-0.0312186404356574,0.53
"alternative_canonical_se","alternative","canonical","seven","seven, drawn, 2023 widened 0.40",0.4,7,7,0.4,4000,0.02325,0.00238272100234165,0.0188057771493199,0.0284080049694857,0.17808058139437,1.27430591130514,7007,4,"point","drawn",-0.0312186404356574,0.53
"alternative_canonical_se","alternative","canonical","seven","seven, drawn, 2023 widened 0.40",0.4,8,7,0.4,4000,0.03375,0.00285529934945532,0.0283715652951613,0.039822654695395,0.176351116559385,1.25781521874586,7008,4,"point","drawn",-0.0312186404356574,0.53
"alternative_canonical_se","alternative","canonical","seven","seven, drawn, 2023 widened 0.40",0.4,10,7,0.4,4000,0.054,0.00357365359261359,0.0471987166558382,0.0614616034576649,0.196291339730233,1.33758704808109,7010,4,"point","drawn",-0.0312186404356574,0.53
"alternative_canonical_se","alternative","canonical","seven","seven, drawn, 2023 widened 0.40",0.4,12,7,0.4,4000,0.06125,0.00379138620757633,0.0540166961315855,0.0691320450193404,0.192257933691534,1.30283597016753,7012,4,"point","drawn",-0.0312186404356574,0.53
"alternative_canonical_se","alternative","canonical","seven","seven, drawn, 2023 widened 0.40",0.4,16,7,0.4,4000,0.0815,0.00432601866616407,0.0732041792393067,0.090412981544574,0.20753767578545,1.39334265849898,7016,4,"point","drawn",-0.0312186404356574,0.53
"alternative_canonical_se","alternative","canonical","seven","seven, drawn, 2023 widened 0.40",0.4,20,7,0.4,4000,0.1,0.00474341649025257,0.0908727477156808,0.109716151718387,0.249797191051987,1.50721588047381,7020,4,"point","drawn",-0.0312186404356574,0.53
"alternative_canonical_se","alternative","canonical","seven","seven, fixed at estimates",0,7,7,0,4000,0,0,0,0.000921794749483056,0.152357259714836,1.27422087681283,7007,0,"point","fixed",-0.0312186404356574,0.53
"alternative_canonical_se","alternative","canonical","seven","seven, fixed at estimates",0,8,7,0,4000,0,0,0,0.000921794749483056,0.159978811401603,1.29452126171425,7008,0,"point","fixed",-0.0312186404356574,0.53
"alternative_canonical_se","alternative","canonical","seven","seven, fixed at estimates",0,10,7,0,4000,0.00675,0.0012946464285665,0.00445286700822728,0.00980580746354764,0.195565672351443,1.38429016490829,7010,0,"point","fixed",-0.0312186404356574,0.53
"alternative_canonical_se","alternative","canonical","seven","seven, fixed at estimates",0,12,7,0,4000,0.0265,0.00253957427534617,0.0217458469193164,0.0319616164685322,0.203280242948156,1.39729831613157,7012,0,"point","fixed",-0.0312186404356574,0.53
"alternative_canonical_se","alternative","canonical","seven","seven, fixed at estimates",0,16,7,0,4000,0.066,0.00392568465366234,0.0585000306862096,0.0741412171840797,0.216508465736574,1.44045680507386,7016,0,"point","fixed",-0.0312186404356574,0.53
"alternative_canonical_se","alternative","canonical","seven","seven, fixed at estimates",0,20,7,0,4000,0.0955,0.0046470353452497,0.0865648958067952,0.105030841798672,0.268314715304493,1.53528892340048,7020,0,"point","fixed",-0.0312186404356574,0.53
"alternative_canonical_se","alternative","canonical","seven","none known",0,7,0,0,4000,0.1065,0.00487744169621739,0.0971053780303001,0.116473677077022,0.156743827026372,1.26238088393926,7007,0,"point","drawn",-0.0312186404356574,0.53
"alternative_canonical_se","alternative","canonical","seven","none known",0,8,0,0,4000,0.1035,0.00481631991254734,0.0942273367064377,0.113356257394206,0.154964785613314,1.31778586722251,7008,0,"point","drawn",-0.0312186404356574,0.53
"alternative_canonical_se","alternative","canonical","seven","none known",0,10,0,0,4000,0.124,0.00521114190940911,0.113938728433854,0.134613979168485,0.189334222204416,1.36150529078993,7010,0,"point","drawn",-0.0312186404356574,0.53
"alternative_canonical_se","alternative","canonical","seven","none known",0,12,0,0,4000,0.11975,0.00513346709106039,0.109844030180514,0.130215057998232,0.181390757931825,1.36144365839902,7012,0,"point","drawn",-0.0312186404356574,0.53
"alternative_canonical_se","alternative","canonical","seven","none known",0,16,0,0,4000,0.1205,0.00514732333353948,0.110566332100984,0.130991629330694,0.204521609817269,1.38990758879232,7016,0,"point","drawn",-0.0312186404356574,0.53
"alternative_canonical_se","alternative","canonical","seven","none known",0,20,0,0,4000,0.1395,0.00547813266542533,0.128904269269516,0.150625246832171,0.248504244948906,1.5330235048824,7020,0,"point","drawn",-0.0312186404356574,0.53
"alternative_canonical_se","alternative","canonical","glossa_protocol","seven, drawn, 2023 widened 0.15",0.15,7,7,0.15,4000,0.00075,0.000432850291671381,0.000154694744658045,0.00219023866287519,0.157735390025126,1.2820604412427,7007,4,"assurance","drawn",NA,NA
"alternative_canonical_se","alternative","canonical","glossa_protocol","seven, drawn, 2023 widened 0.15",0.15,8,7,0.15,4000,0.00225,0.000749155774855937,0.00102934331329864,0.00426688506466018,0.0556351807074911,1.08124221256899,7008,4,"assurance","drawn",NA,NA
"alternative_canonical_se","alternative","canonical","glossa_protocol","seven, drawn, 2023 widened 0.15",0.15,10,7,0.15,4000,0.0245,0.00244436852786154,0.0199339824278776,0.0297773328851966,-0.103530179575531,0.812769802716153,7010,4,"assurance","drawn",NA,NA
"alternative_canonical_se","alternative","canonical","glossa_protocol","seven, drawn, 2023 widened 0.15",0.15,12,7,0.15,4000,0.05125,0.0034865254014563,0.0446214903463144,0.0585432769764335,-0.216696369530965,0.638597885810322,7012,4,"assurance","drawn",NA,NA
"alternative_canonical_se","alternative","canonical","glossa_protocol","seven, drawn, 2023 widened 0.15",0.15,16,7,0.15,4000,0.0915,0.00455872103774732,0.0827408735774497,0.100860960194641,-0.434126011392823,0.412487201956658,7016,4,"assurance","drawn",NA,NA
"alternative_canonical_se","alternative","canonical","glossa_protocol","seven, drawn, 2023 widened 0.15",0.15,20,7,0.15,4000,0.1145,0.00503462386877113,0.104791541892302,0.124775443290944,-0.613445153016738,0.299709941635754,7020,4,"assurance","drawn",NA,NA
"alternative_canonical_se","alternative","canonical","glossa_protocol","seven, drawn, 2023 widened 0.40",0.4,7,7,0.4,4000,0.02325,0.00238272100234165,0.0188057771493199,0.0284080049694857,0.17808058139437,1.27430591130514,7007,4,"assurance","drawn",NA,NA
"alternative_canonical_se","alternative","canonical","glossa_protocol","seven, drawn, 2023 widened 0.40",0.4,8,7,0.4,4000,0.02275,0.00235756428862502,0.0183554724858091,0.0278593108475947,0.0722222128670481,1.0784475551833,7008,4,"assurance","drawn",NA,NA
"alternative_canonical_se","alternative","canonical","glossa_protocol","seven, drawn, 2023 widened 0.40",0.4,10,7,0.4,4000,0.04125,0.00314437742247969,0.0352994202404137,0.047881872190631,-0.0915240448596562,0.817714972532312,7010,4,"assurance","drawn",NA,NA
"alternative_canonical_se","alternative","canonical","glossa_protocol","seven, drawn, 2023 widened 0.40",0.4,12,7,0.4,4000,0.05825,0.00370327346748792,0.0511915733215003,0.0659619360769035,-0.206221691649675,0.657398686338194,7012,4,"assurance","drawn",NA,NA
"alternative_canonical_se","alternative","canonical","glossa_protocol","seven, drawn, 2023 widened 0.40",0.4,16,7,0.4,4000,0.0885,0.00449076134970452,0.0798762364756024,0.0977301815692695,-0.420530671515508,0.444790373037423,7016,4,"assurance","drawn",NA,NA
"alternative_canonical_se","alternative","canonical","glossa_protocol","seven, drawn, 2023 widened 0.40",0.4,20,7,0.4,4000,0.111,0.00496686520855962,0.101426868340806,0.121145391677805,-0.597696330016319,0.318642946925849,7020,4,"assurance","drawn",NA,NA
"alternative_canonical_se","alternative","canonical","glossa_protocol","seven, fixed at estimates",0,7,7,0,4000,0,0,0,0.000921794749483056,0.152357259714836,1.27422087681283,7007,0,"assurance","fixed",NA,NA
"alternative_canonical_se","alternative","canonical","glossa_protocol","seven, fixed at estimates",0,8,7,0,4000,0,0,0,0.000921794749483056,0.0506444427712311,1.05593550013316,7008,0,"assurance","fixed",NA,NA
"alternative_canonical_se","alternative","canonical","glossa_protocol","seven, fixed at estimates",0,10,7,0,4000,0.01525,0.00193761693195533,0.0116845918388219,0.0195466663377671,-0.10452771623118,0.798891004143035,7010,0,"assurance","fixed",NA,NA
"alternative_canonical_se","alternative","canonical","glossa_protocol","seven, fixed at estimates",0,12,7,0,4000,0.051,0.00347846949102619,0.0443874621524003,0.0582777112127051,-0.213995824631161,0.638598814911221,7012,0,"assurance","fixed",NA,NA
"alternative_canonical_se","alternative","canonical","glossa_protocol","seven, fixed at estimates",0,16,7,0,4000,0.091,0.00454749931280918,0.0822632284369667,0.100339368628217,-0.445691587424932,0.401083695155397,7016,0,"assurance","fixed",NA,NA
"alternative_canonical_se","alternative","canonical","glossa_protocol","seven, fixed at estimates",0,20,7,0,4000,0.114,0.0050250373132943,0.104310691457038,0.124257046755611,-0.619284275534343,0.290333142826862,7020,0,"assurance","fixed",NA,NA
"alternative_canonical_se","alternative","canonical","glossa_protocol","none known",0,7,0,0,4000,0.10675,0.00488247983866805,0.0973453232825519,0.116733353908486,-0.570596595119232,0.340019366602464,7007,0,"assurance","drawn",NA,NA
"alternative_canonical_se","alternative","canonical","glossa_protocol","none known",0,8,0,0,4000,0.104,0.00482659300127947,0.094706841439673,0.113875995638434,-0.679571336278381,0.274479668597021,7008,0,"assurance","drawn",NA,NA
"alternative_canonical_se","alternative","canonical","glossa_protocol","none known",0,10,0,0,4000,0.11475,0.00503940565692027,0.105031989630484,0.125034619101132,-0.738167609538031,0.247981807340257,7010,0,"assurance","drawn",NA,NA
"alternative_canonical_se","alternative","canonical","glossa_protocol","none known",0,12,0,0,4000,0.1245,0.00522014726803756,0.114420718037286,0.135131239581048,-0.798531475824909,0.227763280732565,7012,0,"assurance","drawn",NA,NA
"alternative_canonical_se","alternative","canonical","glossa_protocol","none known",0,16,0,0,4000,0.139,0.00546989488015995,0.128420775272839,0.15010948723286,-0.970890399046964,0.160286046282386,7016,0,"assurance","drawn",NA,NA
"alternative_canonical_se","alternative","canonical","glossa_protocol","none known",0,20,0,0,4000,0.1475,0.00560677603440694,0.13664636870995,0.158871218362791,-1.10617450720004,0.129229955444191,7020,0,"assurance","drawn",NA,NA
"alternative_canonical_se","alternative","canonical","glossa_protocol","seven, drawn, 2023 widened 0.15",0.15,7,7,0.15,4000,0.00075,0.000432850291671381,0.000154694744658045,0.00219023866287519,0.157735390025126,1.2820604412427,7007,4,"point","drawn",0.167873342847896,0.615
"alternative_canonical_se","alternative","canonical","glossa_protocol","seven, drawn, 2023 widened 0.15",0.15,8,7,0.15,4000,0.00325,0.000899921871608864,0.00173158795955863,0.00555118671975138,0.0554446451347973,1.07002443971926,7008,4,"point","drawn",0.167873342847896,0.615
"alternative_canonical_se","alternative","canonical","glossa_protocol","seven, drawn, 2023 widened 0.15",0.15,10,7,0.15,4000,0.00975,0.0015536197652579,0.00694213145508389,0.0133046952045863,-0.102173050789974,0.825848099557113,7010,4,"point","drawn",0.167873342847896,0.615
"alternative_canonical_se","alternative","canonical","glossa_protocol","seven, drawn, 2023 widened 0.15",0.15,12,7,0.15,4000,0.0115,0.00168580470399154,0.00843140821017823,0.0153098978921919,-0.258387008072754,0.620360641518411,7012,4,"point","drawn",0.167873342847896,0.615
"alternative_canonical_se","alternative","canonical","glossa_protocol","seven, drawn, 2023 widened 0.15",0.15,16,7,0.15,4000,0.01225,0.00173924822121513,0.00907598320328412,0.016163151435332,-0.496078698059196,0.432901438398509,7016,4,"point","drawn",0.167873342847896,0.615
"alternative_canonical_se","alternative","canonical","glossa_protocol","seven, drawn, 2023 widened 0.15",0.15,20,7,0.15,4000,0.0055,0.00116937483297701,0.00344993467770284,0.00831529135332831,-0.676000184010266,0.328700326473182,7020,4,"point","drawn",0.167873342847896,0.615
"alternative_canonical_se","alternative","canonical","glossa_protocol","seven, drawn, 2023 widened 0.40",0.4,7,7,0.4,4000,0.02325,0.00238272100234165,0.0188057771493199,0.0284080049694857,0.17808058139437,1.27430591130514,7007,4,"point","drawn",0.167873342847896,0.615
"alternative_canonical_se","alternative","canonical","glossa_protocol","seven, drawn, 2023 widened 0.40",0.4,8,7,0.4,4000,0.0245,0.00244436852786154,0.0199339824278776,0.0297773328851966,0.0739121898975964,1.05288974400707,7008,4,"point","drawn",0.167873342847896,0.615
"alternative_canonical_se","alternative","canonical","glossa_protocol","seven, drawn, 2023 widened 0.40",0.4,10,7,0.4,4000,0.02525,0.00248054618481495,0.0206124979283678,0.0305973601084886,-0.0856733517311669,0.83796336613531,7010,4,"point","drawn",0.167873342847896,0.615
"alternative_canonical_se","alternative","canonical","glossa_protocol","seven, drawn, 2023 widened 0.40",0.4,12,7,0.4,4000,0.02,0.00221359436211787,0.0158898122396295,0.0248306525001891,-0.24165040492232,0.639887349105514,7012,4,"point","drawn",0.167873342847896,0.615
"alternative_canonical_se","alternative","canonical","glossa_protocol","seven, drawn, 2023 widened 0.40",0.4,16,7,0.4,4000,0.01725,0.00205866689267594,0.0134456805781672,0.0217808426844172,-0.479669962055549,0.441112329446435,7016,4,"point","drawn",0.167873342847896,0.615
"alternative_canonical_se","alternative","canonical","glossa_protocol","seven, drawn, 2023 widened 0.40",0.4,20,7,0.4,4000,0.00925,0.00151364109847744,0.00652097913655978,0.0127275715465919,-0.656314900972357,0.331445616681846,7020,4,"point","drawn",0.167873342847896,0.615
"alternative_canonical_se","alternative","canonical","glossa_protocol","seven, fixed at estimates",0,7,7,0,4000,0,0,0,0.000921794749483056,0.152357259714836,1.27422087681283,7007,0,"point","fixed",0.167873342847896,0.615
"alternative_canonical_se","alternative","canonical","glossa_protocol","seven, fixed at estimates",0,8,7,0,4000,0,0,0,0.000921794749483056,0.0538354040492987,1.06749270283465,7008,0,"point","fixed",0.167873342847896,0.615
"alternative_canonical_se","alternative","canonical","glossa_protocol","seven, fixed at estimates",0,10,7,0,4000,0.00175,0.000660858816238385,0.000703871137584506,0.00360232411338223,-0.0989676761614127,0.825252237959946,7010,0,"point","fixed",0.167873342847896,0.615
"alternative_canonical_se","alternative","canonical","glossa_protocol","seven, fixed at estimates",0,12,7,0,4000,0.007,0.00131823745964071,0.00465634216442374,0.0101011721919905,-0.254840817990686,0.637792417376241,7012,0,"point","fixed",0.167873342847896,0.615
"alternative_canonical_se","alternative","canonical","glossa_protocol","seven, fixed at estimates",0,16,7,0,4000,0.0125,0.0017566836653194,0.00929158748980209,0.0164468445321485,-0.504992440639184,0.420361488352501,7016,0,"point","fixed",0.167873342847896,0.615
"alternative_canonical_se","alternative","canonical","glossa_protocol","seven, fixed at estimates",0,20,7,0,4000,0.008,0.00140854534893272,0.00547824446075093,0.0112749996455159,-0.672304751357635,0.313332116595776,7020,0,"point","fixed",0.167873342847896,0.615
"alternative_canonical_se","alternative","canonical","glossa_protocol","none known",0,7,0,0,4000,0.0185,0.00213059557401211,0.0145536879201466,0.0231700260028164,-0.631676103951313,0.346473469167776,7007,0,"point","drawn",0.167873342847896,0.615
"alternative_canonical_se","alternative","canonical","glossa_protocol","none known",0,8,0,0,4000,0.01975,0.00219999644886077,0.0156666626857475,0.0245543353069951,-0.697014718858452,0.317517013762987,7008,0,"point","drawn",0.167873342847896,0.615
"alternative_canonical_se","alternative","canonical","glossa_protocol","none known",0,10,0,0,4000,0.019,0.00215864540858382,0.0149983090074824,0.0237243081831822,-0.782380276438957,0.257390859046945,7010,0,"point","drawn",0.167873342847896,0.615
"alternative_canonical_se","alternative","canonical","glossa_protocol","none known",0,12,0,0,4000,0.0135,0.0018246746285297,0.0101574493542826,0.0175782652094496,-0.882494720091725,0.230589509252231,7012,0,"point","drawn",0.167873342847896,0.615
"alternative_canonical_se","alternative","canonical","glossa_protocol","none known",0,16,0,0,4000,0.01025,0.00159255592523465,0.00736533719805093,0.0138798371354831,-1.04438026816346,0.168188776544223,7016,0,"point","drawn",0.167873342847896,0.615
"alternative_canonical_se","alternative","canonical","glossa_protocol","none known",0,20,0,0,4000,0.0065,0.00127060517077493,0.00425028035468375,0.00950959806002361,-1.15970541226525,0.135739484614069,7020,0,"point","drawn",0.167873342847896,0.615
