language,n_participants,mode,draw_index,prior_source,model_level,prior_regime,threshold_mode,effect_mult,has_pseudo_passive,iter,warmup,chains,seed
English,70,assurance,4483,pilot,L5_correlated_maximal,primary,broad,1,TRUE,3000,1000,4,940000
English,70,assurance,1880,pilot,L5_correlated_maximal,primary,broad,1,TRUE,3000,1000,4,940001
English,70,assurance,5272,pilot,L5_correlated_maximal,primary,broad,1,TRUE,3000,1000,4,940002
English,70,assurance,530,pilot,L5_correlated_maximal,primary,broad,1,TRUE,3000,1000,4,940003
English,70,assurance,4036,pilot,L5_correlated_maximal,primary,broad,1,TRUE,3000,1000,4,940004
English,70,assurance,4764,pilot,L5_correlated_maximal,primary,broad,1,TRUE,3000,1000,4,940005
English,70,assurance,872,pilot,L5_correlated_maximal,primary,broad,1,TRUE,3000,1000,4,940006
English,70,assurance,1672,pilot,L5_correlated_maximal,primary,broad,1,TRUE,3000,1000,4,940007
English,70,assurance,612,pilot,L5_correlated_maximal,primary,broad,1,TRUE,3000,1000,4,940008
English,70,assurance,7536,pilot,L5_correlated_maximal,primary,broad,1,TRUE,3000,1000,4,940009
English,70,assurance,2495,pilot,L5_correlated_maximal,primary,broad,1,TRUE,3000,1000,4,940010
English,70,assurance,2656,pilot,L5_correlated_maximal,primary,broad,1,TRUE,3000,1000,4,940011
English,70,assurance,1773,pilot,L5_correlated_maximal,primary,broad,1,TRUE,3000,1000,4,940012
English,70,assurance,4113,pilot,L5_correlated_maximal,primary,broad,1,TRUE,3000,1000,4,940013
English,70,assurance,2785,pilot,L5_correlated_maximal,primary,broad,1,TRUE,3000,1000,4,940014
English,70,assurance,3009,pilot,L5_correlated_maximal,primary,broad,1,TRUE,3000,1000,4,940015
English,70,assurance,1979,pilot,L5_correlated_maximal,primary,broad,1,TRUE,3000,1000,4,940016
English,70,assurance,4280,pilot,L5_correlated_maximal,primary,broad,1,TRUE,3000,1000,4,940017
English,70,assurance,3803,pilot,L5_correlated_maximal,primary,broad,1,TRUE,3000,1000,4,940018
English,70,assurance,6312,pilot,L5_correlated_maximal,primary,broad,1,TRUE,3000,1000,4,940019
English,70,assurance,6879,pilot,L5_correlated_maximal,primary,broad,1,TRUE,3000,1000,4,940020
English,70,assurance,5890,pilot,L5_correlated_maximal,primary,broad,1,TRUE,3000,1000,4,940021
English,70,assurance,6823,pilot,L5_correlated_maximal,primary,broad,1,TRUE,3000,1000,4,940022
English,70,assurance,3226,pilot,L5_correlated_maximal,primary,broad,1,TRUE,3000,1000,4,940023
English,70,assurance,5449,pilot,L5_correlated_maximal,primary,broad,1,TRUE,3000,1000,4,940024
English,70,assurance,861,pilot,L5_correlated_maximal,primary,broad,1,TRUE,3000,1000,4,940025
English,70,assurance,2138,pilot,L5_correlated_maximal,primary,broad,1,TRUE,3000,1000,4,940026
English,70,assurance,3895,pilot,L5_correlated_maximal,primary,broad,1,TRUE,3000,1000,4,940027
English,70,assurance,4476,pilot,L5_correlated_maximal,primary,broad,1,TRUE,3000,1000,4,940028
English,70,assurance,1448,pilot,L5_correlated_maximal,primary,broad,1,TRUE,3000,1000,4,940029
English,70,assurance,594,pilot,L5_correlated_maximal,primary,broad,1,TRUE,3000,1000,4,940030
English,70,assurance,2743,pilot,L5_correlated_maximal,primary,broad,1,TRUE,3000,1000,4,940031
English,70,assurance,7627,pilot,L5_correlated_maximal,primary,broad,1,TRUE,3000,1000,4,940032
English,70,assurance,5470,pilot,L5_correlated_maximal,primary,broad,1,TRUE,3000,1000,4,940033
English,70,assurance,5219,pilot,L5_correlated_maximal,primary,broad,1,TRUE,3000,1000,4,940034
English,70,assurance,2496,pilot,L5_correlated_maximal,primary,broad,1,TRUE,3000,1000,4,940035
English,70,assurance,589,pilot,L5_correlated_maximal,primary,broad,1,TRUE,3000,1000,4,940036
English,70,assurance,5476,pilot,L5_correlated_maximal,primary,broad,1,TRUE,3000,1000,4,940037
English,70,assurance,1048,pilot,L5_correlated_maximal,primary,broad,1,TRUE,3000,1000,4,940038
English,70,assurance,1107,pilot,L5_correlated_maximal,primary,broad,1,TRUE,3000,1000,4,940039
English,70,assurance,6568,pilot,L5_correlated_maximal,primary,broad,1,TRUE,3000,1000,4,940040
English,70,assurance,6624,pilot,L5_correlated_maximal,primary,broad,1,TRUE,3000,1000,4,940041
English,70,assurance,3802,pilot,L5_correlated_maximal,primary,broad,1,TRUE,3000,1000,4,940042
English,70,assurance,3175,pilot,L5_correlated_maximal,primary,broad,1,TRUE,3000,1000,4,940043
English,70,assurance,7138,pilot,L5_correlated_maximal,primary,broad,1,TRUE,3000,1000,4,940044
English,70,assurance,4699,pilot,L5_correlated_maximal,primary,broad,1,TRUE,3000,1000,4,940045
English,70,assurance,6640,pilot,L5_correlated_maximal,primary,broad,1,TRUE,3000,1000,4,940046
English,70,assurance,1735,pilot,L5_correlated_maximal,primary,broad,1,TRUE,3000,1000,4,940047
English,70,assurance,7574,pilot,L5_correlated_maximal,primary,broad,1,TRUE,3000,1000,4,940048
English,70,assurance,3999,pilot,L5_correlated_maximal,primary,broad,1,TRUE,3000,1000,4,940049
English,70,assurance,636,pilot,L5_correlated_maximal,primary,broad,1,TRUE,3000,1000,4,940050
English,70,assurance,7348,pilot,L5_correlated_maximal,primary,broad,1,TRUE,3000,1000,4,940051
English,70,assurance,3284,pilot,L5_correlated_maximal,primary,broad,1,TRUE,3000,1000,4,940052
English,70,assurance,4462,pilot,L5_correlated_maximal,primary,broad,1,TRUE,3000,1000,4,940053
English,70,assurance,5811,pilot,L5_correlated_maximal,primary,broad,1,TRUE,3000,1000,4,940054
English,70,assurance,2229,pilot,L5_correlated_maximal,primary,broad,1,TRUE,3000,1000,4,940055
English,70,assurance,2177,pilot,L5_correlated_maximal,primary,broad,1,TRUE,3000,1000,4,940056
English,70,assurance,969,pilot,L5_correlated_maximal,primary,broad,1,TRUE,3000,1000,4,940057
English,70,assurance,5649,pilot,L5_correlated_maximal,primary,broad,1,TRUE,3000,1000,4,940058
English,70,assurance,4470,pilot,L5_correlated_maximal,primary,broad,1,TRUE,3000,1000,4,940059
English,70,assurance,7900,pilot,L5_correlated_maximal,primary,broad,1,TRUE,3000,1000,4,940060
English,70,assurance,4441,pilot,L5_correlated_maximal,primary,broad,1,TRUE,3000,1000,4,940061
English,70,assurance,2084,pilot,L5_correlated_maximal,primary,broad,1,TRUE,3000,1000,4,940062
English,70,assurance,3344,pilot,L5_correlated_maximal,primary,broad,1,TRUE,3000,1000,4,940063
English,70,assurance,1736,pilot,L5_correlated_maximal,primary,broad,1,TRUE,3000,1000,4,940064
English,70,assurance,6767,pilot,L5_correlated_maximal,primary,broad,1,TRUE,3000,1000,4,940065
English,70,assurance,40,pilot,L5_correlated_maximal,primary,broad,1,TRUE,3000,1000,4,940066
English,70,assurance,313,pilot,L5_correlated_maximal,primary,broad,1,TRUE,3000,1000,4,940067
English,70,assurance,5821,pilot,L5_correlated_maximal,primary,broad,1,TRUE,3000,1000,4,940068
English,70,assurance,4122,pilot,L5_correlated_maximal,primary,broad,1,TRUE,3000,1000,4,940069
English,70,assurance,5196,pilot,L5_correlated_maximal,primary,broad,1,TRUE,3000,1000,4,940070
English,70,assurance,2275,pilot,L5_correlated_maximal,primary,broad,1,TRUE,3000,1000,4,940071
English,70,assurance,3006,pilot,L5_correlated_maximal,primary,broad,1,TRUE,3000,1000,4,940072
English,70,assurance,1548,pilot,L5_correlated_maximal,primary,broad,1,TRUE,3000,1000,4,940073
English,70,assurance,2455,pilot,L5_correlated_maximal,primary,broad,1,TRUE,3000,1000,4,940074
English,70,assurance,6179,pilot,L5_correlated_maximal,primary,broad,1,TRUE,3000,1000,4,940075
English,70,assurance,7692,pilot,L5_correlated_maximal,primary,broad,1,TRUE,3000,1000,4,940076
English,70,assurance,6083,pilot,L5_correlated_maximal,primary,broad,1,TRUE,3000,1000,4,940077
English,70,assurance,5948,pilot,L5_correlated_maximal,primary,broad,1,TRUE,3000,1000,4,940078
English,70,assurance,1808,pilot,L5_correlated_maximal,primary,broad,1,TRUE,3000,1000,4,940079
English,70,assurance,2831,pilot,L5_correlated_maximal,primary,broad,1,TRUE,3000,1000,4,940080
English,70,assurance,2019,pilot,L5_correlated_maximal,primary,broad,1,TRUE,3000,1000,4,940081
English,70,assurance,2369,pilot,L5_correlated_maximal,primary,broad,1,TRUE,3000,1000,4,940082
English,70,assurance,518,pilot,L5_correlated_maximal,primary,broad,1,TRUE,3000,1000,4,940083
English,70,assurance,6775,pilot,L5_correlated_maximal,primary,broad,1,TRUE,3000,1000,4,940084
English,70,assurance,117,pilot,L5_correlated_maximal,primary,broad,1,TRUE,3000,1000,4,940085
English,70,assurance,5312,pilot,L5_correlated_maximal,primary,broad,1,TRUE,3000,1000,4,940086
English,70,assurance,1144,pilot,L5_correlated_maximal,primary,broad,1,TRUE,3000,1000,4,940087
English,70,assurance,2147,pilot,L5_correlated_maximal,primary,broad,1,TRUE,3000,1000,4,940088
English,70,assurance,6591,pilot,L5_correlated_maximal,primary,broad,1,TRUE,3000,1000,4,940089
English,70,assurance,1573,pilot,L5_correlated_maximal,primary,broad,1,TRUE,3000,1000,4,940090
English,70,assurance,36,pilot,L5_correlated_maximal,primary,broad,1,TRUE,3000,1000,4,940091
English,70,assurance,3811,pilot,L5_correlated_maximal,primary,broad,1,TRUE,3000,1000,4,940092
English,70,assurance,442,pilot,L5_correlated_maximal,primary,broad,1,TRUE,3000,1000,4,940093
English,70,assurance,1220,pilot,L5_correlated_maximal,primary,broad,1,TRUE,3000,1000,4,940094
English,70,assurance,5645,pilot,L5_correlated_maximal,primary,broad,1,TRUE,3000,1000,4,940095
English,70,assurance,5694,pilot,L5_correlated_maximal,primary,broad,1,TRUE,3000,1000,4,940096
English,70,assurance,7208,pilot,L5_correlated_maximal,primary,broad,1,TRUE,3000,1000,4,940097
English,70,assurance,5667,pilot,L5_correlated_maximal,primary,broad,1,TRUE,3000,1000,4,940098
English,70,assurance,5467,pilot,L5_correlated_maximal,primary,broad,1,TRUE,3000,1000,4,940099
English,70,assurance,1057,pilot,L5_correlated_maximal,primary,broad,1,TRUE,3000,1000,4,940100
English,70,assurance,3383,pilot,L5_correlated_maximal,primary,broad,1,TRUE,3000,1000,4,940101
English,70,assurance,6132,pilot,L5_correlated_maximal,primary,broad,1,TRUE,3000,1000,4,940102
English,70,assurance,5933,pilot,L5_correlated_maximal,primary,broad,1,TRUE,3000,1000,4,940103
English,70,assurance,7903,pilot,L5_correlated_maximal,primary,broad,1,TRUE,3000,1000,4,940104
English,70,assurance,1005,pilot,L5_correlated_maximal,primary,broad,1,TRUE,3000,1000,4,940105
English,70,assurance,5123,pilot,L5_correlated_maximal,primary,broad,1,TRUE,3000,1000,4,940106
English,70,assurance,7820,pilot,L5_correlated_maximal,primary,broad,1,TRUE,3000,1000,4,940107
English,70,assurance,7068,pilot,L5_correlated_maximal,primary,broad,1,TRUE,3000,1000,4,940108
English,70,assurance,4476,pilot,L5_correlated_maximal,primary,broad,1,TRUE,3000,1000,4,940109
English,70,assurance,6543,pilot,L5_correlated_maximal,primary,broad,1,TRUE,3000,1000,4,940110
English,70,assurance,3690,pilot,L5_correlated_maximal,primary,broad,1,TRUE,3000,1000,4,940111
English,70,assurance,7270,pilot,L5_correlated_maximal,primary,broad,1,TRUE,3000,1000,4,940112
English,70,assurance,4256,pilot,L5_correlated_maximal,primary,broad,1,TRUE,3000,1000,4,940113
English,70,assurance,3724,pilot,L5_correlated_maximal,primary,broad,1,TRUE,3000,1000,4,940114
English,70,assurance,7112,pilot,L5_correlated_maximal,primary,broad,1,TRUE,3000,1000,4,940115
English,70,assurance,2349,pilot,L5_correlated_maximal,primary,broad,1,TRUE,3000,1000,4,940116
English,70,assurance,2736,pilot,L5_correlated_maximal,primary,broad,1,TRUE,3000,1000,4,940117
English,70,assurance,954,pilot,L5_correlated_maximal,primary,broad,1,TRUE,3000,1000,4,940118
English,70,assurance,7292,pilot,L5_correlated_maximal,primary,broad,1,TRUE,3000,1000,4,940119
English,80,assurance,196,pilot,L5_correlated_maximal,primary,broad,1,TRUE,3000,1000,4,940120
English,80,assurance,4260,pilot,L5_correlated_maximal,primary,broad,1,TRUE,3000,1000,4,940121
English,80,assurance,7727,pilot,L5_correlated_maximal,primary,broad,1,TRUE,3000,1000,4,940122
English,80,assurance,7366,pilot,L5_correlated_maximal,primary,broad,1,TRUE,3000,1000,4,940123
English,80,assurance,3990,pilot,L5_correlated_maximal,primary,broad,1,TRUE,3000,1000,4,940124
English,80,assurance,4740,pilot,L5_correlated_maximal,primary,broad,1,TRUE,3000,1000,4,940125
English,80,assurance,5031,pilot,L5_correlated_maximal,primary,broad,1,TRUE,3000,1000,4,940126
English,80,assurance,1031,pilot,L5_correlated_maximal,primary,broad,1,TRUE,3000,1000,4,940127
English,80,assurance,2815,pilot,L5_correlated_maximal,primary,broad,1,TRUE,3000,1000,4,940128
English,80,assurance,7283,pilot,L5_correlated_maximal,primary,broad,1,TRUE,3000,1000,4,940129
English,80,assurance,2978,pilot,L5_correlated_maximal,primary,broad,1,TRUE,3000,1000,4,940130
English,80,assurance,3025,pilot,L5_correlated_maximal,primary,broad,1,TRUE,3000,1000,4,940131
English,80,assurance,4690,pilot,L5_correlated_maximal,primary,broad,1,TRUE,3000,1000,4,940132
English,80,assurance,4337,pilot,L5_correlated_maximal,primary,broad,1,TRUE,3000,1000,4,940133
English,80,assurance,1838,pilot,L5_correlated_maximal,primary,broad,1,TRUE,3000,1000,4,940134
English,80,assurance,7331,pilot,L5_correlated_maximal,primary,broad,1,TRUE,3000,1000,4,940135
English,80,assurance,5891,pilot,L5_correlated_maximal,primary,broad,1,TRUE,3000,1000,4,940136
English,80,assurance,2358,pilot,L5_correlated_maximal,primary,broad,1,TRUE,3000,1000,4,940137
English,80,assurance,7814,pilot,L5_correlated_maximal,primary,broad,1,TRUE,3000,1000,4,940138
English,80,assurance,379,pilot,L5_correlated_maximal,primary,broad,1,TRUE,3000,1000,4,940139
English,80,assurance,5679,pilot,L5_correlated_maximal,primary,broad,1,TRUE,3000,1000,4,940140
English,80,assurance,6009,pilot,L5_correlated_maximal,primary,broad,1,TRUE,3000,1000,4,940141
English,80,assurance,6313,pilot,L5_correlated_maximal,primary,broad,1,TRUE,3000,1000,4,940142
English,80,assurance,5524,pilot,L5_correlated_maximal,primary,broad,1,TRUE,3000,1000,4,940143
English,80,assurance,5957,pilot,L5_correlated_maximal,primary,broad,1,TRUE,3000,1000,4,940144
English,80,assurance,2616,pilot,L5_correlated_maximal,primary,broad,1,TRUE,3000,1000,4,940145
English,80,assurance,754,pilot,L5_correlated_maximal,primary,broad,1,TRUE,3000,1000,4,940146
English,80,assurance,2017,pilot,L5_correlated_maximal,primary,broad,1,TRUE,3000,1000,4,940147
English,80,assurance,2033,pilot,L5_correlated_maximal,primary,broad,1,TRUE,3000,1000,4,940148
English,80,assurance,2987,pilot,L5_correlated_maximal,primary,broad,1,TRUE,3000,1000,4,940149
English,80,assurance,2278,pilot,L5_correlated_maximal,primary,broad,1,TRUE,3000,1000,4,940150
English,80,assurance,17,pilot,L5_correlated_maximal,primary,broad,1,TRUE,3000,1000,4,940151
English,80,assurance,7907,pilot,L5_correlated_maximal,primary,broad,1,TRUE,3000,1000,4,940152
English,80,assurance,693,pilot,L5_correlated_maximal,primary,broad,1,TRUE,3000,1000,4,940153
English,80,assurance,1828,pilot,L5_correlated_maximal,primary,broad,1,TRUE,3000,1000,4,940154
English,80,assurance,4889,pilot,L5_correlated_maximal,primary,broad,1,TRUE,3000,1000,4,940155
English,80,assurance,6755,pilot,L5_correlated_maximal,primary,broad,1,TRUE,3000,1000,4,940156
English,80,assurance,1992,pilot,L5_correlated_maximal,primary,broad,1,TRUE,3000,1000,4,940157
English,80,assurance,2802,pilot,L5_correlated_maximal,primary,broad,1,TRUE,3000,1000,4,940158
English,80,assurance,5918,pilot,L5_correlated_maximal,primary,broad,1,TRUE,3000,1000,4,940159
English,80,assurance,3650,pilot,L5_correlated_maximal,primary,broad,1,TRUE,3000,1000,4,940160
English,80,assurance,5860,pilot,L5_correlated_maximal,primary,broad,1,TRUE,3000,1000,4,940161
English,80,assurance,3096,pilot,L5_correlated_maximal,primary,broad,1,TRUE,3000,1000,4,940162
English,80,assurance,3314,pilot,L5_correlated_maximal,primary,broad,1,TRUE,3000,1000,4,940163
English,80,assurance,3045,pilot,L5_correlated_maximal,primary,broad,1,TRUE,3000,1000,4,940164
English,80,assurance,3213,pilot,L5_correlated_maximal,primary,broad,1,TRUE,3000,1000,4,940165
English,80,assurance,2880,pilot,L5_correlated_maximal,primary,broad,1,TRUE,3000,1000,4,940166
English,80,assurance,1562,pilot,L5_correlated_maximal,primary,broad,1,TRUE,3000,1000,4,940167
English,80,assurance,171,pilot,L5_correlated_maximal,primary,broad,1,TRUE,3000,1000,4,940168
English,80,assurance,5580,pilot,L5_correlated_maximal,primary,broad,1,TRUE,3000,1000,4,940169
English,80,assurance,7759,pilot,L5_correlated_maximal,primary,broad,1,TRUE,3000,1000,4,940170
English,80,assurance,5542,pilot,L5_correlated_maximal,primary,broad,1,TRUE,3000,1000,4,940171
English,80,assurance,6227,pilot,L5_correlated_maximal,primary,broad,1,TRUE,3000,1000,4,940172
English,80,assurance,6390,pilot,L5_correlated_maximal,primary,broad,1,TRUE,3000,1000,4,940173
English,80,assurance,368,pilot,L5_correlated_maximal,primary,broad,1,TRUE,3000,1000,4,940174
English,80,assurance,6178,pilot,L5_correlated_maximal,primary,broad,1,TRUE,3000,1000,4,940175
English,80,assurance,4360,pilot,L5_correlated_maximal,primary,broad,1,TRUE,3000,1000,4,940176
English,80,assurance,6630,pilot,L5_correlated_maximal,primary,broad,1,TRUE,3000,1000,4,940177
English,80,assurance,6528,pilot,L5_correlated_maximal,primary,broad,1,TRUE,3000,1000,4,940178
English,80,assurance,2772,pilot,L5_correlated_maximal,primary,broad,1,TRUE,3000,1000,4,940179
English,80,assurance,4679,pilot,L5_correlated_maximal,primary,broad,1,TRUE,3000,1000,4,940180
English,80,assurance,719,pilot,L5_correlated_maximal,primary,broad,1,TRUE,3000,1000,4,940181
English,80,assurance,3699,pilot,L5_correlated_maximal,primary,broad,1,TRUE,3000,1000,4,940182
English,80,assurance,7566,pilot,L5_correlated_maximal,primary,broad,1,TRUE,3000,1000,4,940183
English,80,assurance,4548,pilot,L5_correlated_maximal,primary,broad,1,TRUE,3000,1000,4,940184
English,80,assurance,7399,pilot,L5_correlated_maximal,primary,broad,1,TRUE,3000,1000,4,940185
English,80,assurance,55,pilot,L5_correlated_maximal,primary,broad,1,TRUE,3000,1000,4,940186
English,80,assurance,1892,pilot,L5_correlated_maximal,primary,broad,1,TRUE,3000,1000,4,940187
English,80,assurance,4982,pilot,L5_correlated_maximal,primary,broad,1,TRUE,3000,1000,4,940188
English,80,assurance,4753,pilot,L5_correlated_maximal,primary,broad,1,TRUE,3000,1000,4,940189
English,80,assurance,6932,pilot,L5_correlated_maximal,primary,broad,1,TRUE,3000,1000,4,940190
English,80,assurance,7139,pilot,L5_correlated_maximal,primary,broad,1,TRUE,3000,1000,4,940191
English,80,assurance,5536,pilot,L5_correlated_maximal,primary,broad,1,TRUE,3000,1000,4,940192
English,80,assurance,2856,pilot,L5_correlated_maximal,primary,broad,1,TRUE,3000,1000,4,940193
English,80,assurance,7536,pilot,L5_correlated_maximal,primary,broad,1,TRUE,3000,1000,4,940194
English,80,assurance,7656,pilot,L5_correlated_maximal,primary,broad,1,TRUE,3000,1000,4,940195
English,80,assurance,3645,pilot,L5_correlated_maximal,primary,broad,1,TRUE,3000,1000,4,940196
English,80,assurance,3324,pilot,L5_correlated_maximal,primary,broad,1,TRUE,3000,1000,4,940197
English,80,assurance,4531,pilot,L5_correlated_maximal,primary,broad,1,TRUE,3000,1000,4,940198
English,80,assurance,7307,pilot,L5_correlated_maximal,primary,broad,1,TRUE,3000,1000,4,940199
English,80,assurance,608,pilot,L5_correlated_maximal,primary,broad,1,TRUE,3000,1000,4,940200
English,80,assurance,6089,pilot,L5_correlated_maximal,primary,broad,1,TRUE,3000,1000,4,940201
English,80,assurance,1429,pilot,L5_correlated_maximal,primary,broad,1,TRUE,3000,1000,4,940202
English,80,assurance,6033,pilot,L5_correlated_maximal,primary,broad,1,TRUE,3000,1000,4,940203
English,80,assurance,1779,pilot,L5_correlated_maximal,primary,broad,1,TRUE,3000,1000,4,940204
English,80,assurance,2435,pilot,L5_correlated_maximal,primary,broad,1,TRUE,3000,1000,4,940205
English,80,assurance,3762,pilot,L5_correlated_maximal,primary,broad,1,TRUE,3000,1000,4,940206
English,80,assurance,195,pilot,L5_correlated_maximal,primary,broad,1,TRUE,3000,1000,4,940207
English,80,assurance,1838,pilot,L5_correlated_maximal,primary,broad,1,TRUE,3000,1000,4,940208
English,80,assurance,6990,pilot,L5_correlated_maximal,primary,broad,1,TRUE,3000,1000,4,940209
English,80,assurance,7563,pilot,L5_correlated_maximal,primary,broad,1,TRUE,3000,1000,4,940210
English,80,assurance,5422,pilot,L5_correlated_maximal,primary,broad,1,TRUE,3000,1000,4,940211
English,80,assurance,6130,pilot,L5_correlated_maximal,primary,broad,1,TRUE,3000,1000,4,940212
English,80,assurance,5218,pilot,L5_correlated_maximal,primary,broad,1,TRUE,3000,1000,4,940213
English,80,assurance,18,pilot,L5_correlated_maximal,primary,broad,1,TRUE,3000,1000,4,940214
English,80,assurance,1167,pilot,L5_correlated_maximal,primary,broad,1,TRUE,3000,1000,4,940215
English,80,assurance,3292,pilot,L5_correlated_maximal,primary,broad,1,TRUE,3000,1000,4,940216
English,80,assurance,3282,pilot,L5_correlated_maximal,primary,broad,1,TRUE,3000,1000,4,940217
English,80,assurance,2561,pilot,L5_correlated_maximal,primary,broad,1,TRUE,3000,1000,4,940218
English,80,assurance,1092,pilot,L5_correlated_maximal,primary,broad,1,TRUE,3000,1000,4,940219
English,80,assurance,7884,pilot,L5_correlated_maximal,primary,broad,1,TRUE,3000,1000,4,940220
English,80,assurance,3230,pilot,L5_correlated_maximal,primary,broad,1,TRUE,3000,1000,4,940221
English,80,assurance,4214,pilot,L5_correlated_maximal,primary,broad,1,TRUE,3000,1000,4,940222
English,80,assurance,3257,pilot,L5_correlated_maximal,primary,broad,1,TRUE,3000,1000,4,940223
English,80,assurance,6297,pilot,L5_correlated_maximal,primary,broad,1,TRUE,3000,1000,4,940224
English,80,assurance,1930,pilot,L5_correlated_maximal,primary,broad,1,TRUE,3000,1000,4,940225
English,80,assurance,4038,pilot,L5_correlated_maximal,primary,broad,1,TRUE,3000,1000,4,940226
English,80,assurance,7068,pilot,L5_correlated_maximal,primary,broad,1,TRUE,3000,1000,4,940227
English,80,assurance,6212,pilot,L5_correlated_maximal,primary,broad,1,TRUE,3000,1000,4,940228
English,80,assurance,5650,pilot,L5_correlated_maximal,primary,broad,1,TRUE,3000,1000,4,940229
English,80,assurance,3045,pilot,L5_correlated_maximal,primary,broad,1,TRUE,3000,1000,4,940230
English,80,assurance,7640,pilot,L5_correlated_maximal,primary,broad,1,TRUE,3000,1000,4,940231
English,80,assurance,6387,pilot,L5_correlated_maximal,primary,broad,1,TRUE,3000,1000,4,940232
English,80,assurance,531,pilot,L5_correlated_maximal,primary,broad,1,TRUE,3000,1000,4,940233
English,80,assurance,4220,pilot,L5_correlated_maximal,primary,broad,1,TRUE,3000,1000,4,940234
English,80,assurance,6131,pilot,L5_correlated_maximal,primary,broad,1,TRUE,3000,1000,4,940235
English,80,assurance,6636,pilot,L5_correlated_maximal,primary,broad,1,TRUE,3000,1000,4,940236
English,80,assurance,6935,pilot,L5_correlated_maximal,primary,broad,1,TRUE,3000,1000,4,940237
English,80,assurance,5429,pilot,L5_correlated_maximal,primary,broad,1,TRUE,3000,1000,4,940238
English,80,assurance,6776,pilot,L5_correlated_maximal,primary,broad,1,TRUE,3000,1000,4,940239
English,100,assurance,4520,pilot,L5_correlated_maximal,primary,broad,1,TRUE,3000,1000,4,940240
English,100,assurance,5537,pilot,L5_correlated_maximal,primary,broad,1,TRUE,3000,1000,4,940241
English,100,assurance,7326,pilot,L5_correlated_maximal,primary,broad,1,TRUE,3000,1000,4,940242
English,100,assurance,6497,pilot,L5_correlated_maximal,primary,broad,1,TRUE,3000,1000,4,940243
English,100,assurance,2532,pilot,L5_correlated_maximal,primary,broad,1,TRUE,3000,1000,4,940244
English,100,assurance,7786,pilot,L5_correlated_maximal,primary,broad,1,TRUE,3000,1000,4,940245
English,100,assurance,5819,pilot,L5_correlated_maximal,primary,broad,1,TRUE,3000,1000,4,940246
English,100,assurance,5787,pilot,L5_correlated_maximal,primary,broad,1,TRUE,3000,1000,4,940247
English,100,assurance,5337,pilot,L5_correlated_maximal,primary,broad,1,TRUE,3000,1000,4,940248
English,100,assurance,7624,pilot,L5_correlated_maximal,primary,broad,1,TRUE,3000,1000,4,940249
English,100,assurance,3138,pilot,L5_correlated_maximal,primary,broad,1,TRUE,3000,1000,4,940250
English,100,assurance,3588,pilot,L5_correlated_maximal,primary,broad,1,TRUE,3000,1000,4,940251
English,100,assurance,6815,pilot,L5_correlated_maximal,primary,broad,1,TRUE,3000,1000,4,940252
English,100,assurance,5462,pilot,L5_correlated_maximal,primary,broad,1,TRUE,3000,1000,4,940253
English,100,assurance,4696,pilot,L5_correlated_maximal,primary,broad,1,TRUE,3000,1000,4,940254
English,100,assurance,5049,pilot,L5_correlated_maximal,primary,broad,1,TRUE,3000,1000,4,940255
English,100,assurance,7389,pilot,L5_correlated_maximal,primary,broad,1,TRUE,3000,1000,4,940256
English,100,assurance,2476,pilot,L5_correlated_maximal,primary,broad,1,TRUE,3000,1000,4,940257
English,100,assurance,1656,pilot,L5_correlated_maximal,primary,broad,1,TRUE,3000,1000,4,940258
English,100,assurance,7911,pilot,L5_correlated_maximal,primary,broad,1,TRUE,3000,1000,4,940259
English,100,assurance,7035,pilot,L5_correlated_maximal,primary,broad,1,TRUE,3000,1000,4,940260
English,100,assurance,7998,pilot,L5_correlated_maximal,primary,broad,1,TRUE,3000,1000,4,940261
English,100,assurance,1722,pilot,L5_correlated_maximal,primary,broad,1,TRUE,3000,1000,4,940262
English,100,assurance,7851,pilot,L5_correlated_maximal,primary,broad,1,TRUE,3000,1000,4,940263
English,100,assurance,7606,pilot,L5_correlated_maximal,primary,broad,1,TRUE,3000,1000,4,940264
English,100,assurance,840,pilot,L5_correlated_maximal,primary,broad,1,TRUE,3000,1000,4,940265
English,100,assurance,2474,pilot,L5_correlated_maximal,primary,broad,1,TRUE,3000,1000,4,940266
English,100,assurance,3036,pilot,L5_correlated_maximal,primary,broad,1,TRUE,3000,1000,4,940267
English,100,assurance,1797,pilot,L5_correlated_maximal,primary,broad,1,TRUE,3000,1000,4,940268
English,100,assurance,5077,pilot,L5_correlated_maximal,primary,broad,1,TRUE,3000,1000,4,940269
English,100,assurance,1535,pilot,L5_correlated_maximal,primary,broad,1,TRUE,3000,1000,4,940270
English,100,assurance,6917,pilot,L5_correlated_maximal,primary,broad,1,TRUE,3000,1000,4,940271
English,100,assurance,495,pilot,L5_correlated_maximal,primary,broad,1,TRUE,3000,1000,4,940272
English,100,assurance,7365,pilot,L5_correlated_maximal,primary,broad,1,TRUE,3000,1000,4,940273
English,100,assurance,6916,pilot,L5_correlated_maximal,primary,broad,1,TRUE,3000,1000,4,940274
English,100,assurance,2079,pilot,L5_correlated_maximal,primary,broad,1,TRUE,3000,1000,4,940275
English,100,assurance,1495,pilot,L5_correlated_maximal,primary,broad,1,TRUE,3000,1000,4,940276
English,100,assurance,6097,pilot,L5_correlated_maximal,primary,broad,1,TRUE,3000,1000,4,940277
English,100,assurance,30,pilot,L5_correlated_maximal,primary,broad,1,TRUE,3000,1000,4,940278
English,100,assurance,7103,pilot,L5_correlated_maximal,primary,broad,1,TRUE,3000,1000,4,940279
English,100,assurance,1425,pilot,L5_correlated_maximal,primary,broad,1,TRUE,3000,1000,4,940280
English,100,assurance,3346,pilot,L5_correlated_maximal,primary,broad,1,TRUE,3000,1000,4,940281
English,100,assurance,3510,pilot,L5_correlated_maximal,primary,broad,1,TRUE,3000,1000,4,940282
English,100,assurance,2804,pilot,L5_correlated_maximal,primary,broad,1,TRUE,3000,1000,4,940283
English,100,assurance,2233,pilot,L5_correlated_maximal,primary,broad,1,TRUE,3000,1000,4,940284
English,100,assurance,2744,pilot,L5_correlated_maximal,primary,broad,1,TRUE,3000,1000,4,940285
English,100,assurance,1692,pilot,L5_correlated_maximal,primary,broad,1,TRUE,3000,1000,4,940286
English,100,assurance,3516,pilot,L5_correlated_maximal,primary,broad,1,TRUE,3000,1000,4,940287
English,100,assurance,7240,pilot,L5_correlated_maximal,primary,broad,1,TRUE,3000,1000,4,940288
English,100,assurance,3080,pilot,L5_correlated_maximal,primary,broad,1,TRUE,3000,1000,4,940289
English,100,assurance,7573,pilot,L5_correlated_maximal,primary,broad,1,TRUE,3000,1000,4,940290
English,100,assurance,1341,pilot,L5_correlated_maximal,primary,broad,1,TRUE,3000,1000,4,940291
English,100,assurance,3220,pilot,L5_correlated_maximal,primary,broad,1,TRUE,3000,1000,4,940292
English,100,assurance,1206,pilot,L5_correlated_maximal,primary,broad,1,TRUE,3000,1000,4,940293
English,100,assurance,2903,pilot,L5_correlated_maximal,primary,broad,1,TRUE,3000,1000,4,940294
English,100,assurance,2531,pilot,L5_correlated_maximal,primary,broad,1,TRUE,3000,1000,4,940295
English,100,assurance,7068,pilot,L5_correlated_maximal,primary,broad,1,TRUE,3000,1000,4,940296
English,100,assurance,5946,pilot,L5_correlated_maximal,primary,broad,1,TRUE,3000,1000,4,940297
English,100,assurance,6173,pilot,L5_correlated_maximal,primary,broad,1,TRUE,3000,1000,4,940298
English,100,assurance,7238,pilot,L5_correlated_maximal,primary,broad,1,TRUE,3000,1000,4,940299
English,100,assurance,3182,pilot,L5_correlated_maximal,primary,broad,1,TRUE,3000,1000,4,940300
English,100,assurance,571,pilot,L5_correlated_maximal,primary,broad,1,TRUE,3000,1000,4,940301
English,100,assurance,6436,pilot,L5_correlated_maximal,primary,broad,1,TRUE,3000,1000,4,940302
English,100,assurance,3460,pilot,L5_correlated_maximal,primary,broad,1,TRUE,3000,1000,4,940303
English,100,assurance,4753,pilot,L5_correlated_maximal,primary,broad,1,TRUE,3000,1000,4,940304
English,100,assurance,4402,pilot,L5_correlated_maximal,primary,broad,1,TRUE,3000,1000,4,940305
English,100,assurance,6136,pilot,L5_correlated_maximal,primary,broad,1,TRUE,3000,1000,4,940306
English,100,assurance,2488,pilot,L5_correlated_maximal,primary,broad,1,TRUE,3000,1000,4,940307
English,100,assurance,4274,pilot,L5_correlated_maximal,primary,broad,1,TRUE,3000,1000,4,940308
English,100,assurance,3112,pilot,L5_correlated_maximal,primary,broad,1,TRUE,3000,1000,4,940309
English,100,assurance,5835,pilot,L5_correlated_maximal,primary,broad,1,TRUE,3000,1000,4,940310
English,100,assurance,1688,pilot,L5_correlated_maximal,primary,broad,1,TRUE,3000,1000,4,940311
English,100,assurance,4832,pilot,L5_correlated_maximal,primary,broad,1,TRUE,3000,1000,4,940312
English,100,assurance,6700,pilot,L5_correlated_maximal,primary,broad,1,TRUE,3000,1000,4,940313
English,100,assurance,4238,pilot,L5_correlated_maximal,primary,broad,1,TRUE,3000,1000,4,940314
English,100,assurance,6145,pilot,L5_correlated_maximal,primary,broad,1,TRUE,3000,1000,4,940315
English,100,assurance,2883,pilot,L5_correlated_maximal,primary,broad,1,TRUE,3000,1000,4,940316
English,100,assurance,4493,pilot,L5_correlated_maximal,primary,broad,1,TRUE,3000,1000,4,940317
English,100,assurance,2502,pilot,L5_correlated_maximal,primary,broad,1,TRUE,3000,1000,4,940318
English,100,assurance,1018,pilot,L5_correlated_maximal,primary,broad,1,TRUE,3000,1000,4,940319
English,100,assurance,3753,pilot,L5_correlated_maximal,primary,broad,1,TRUE,3000,1000,4,940320
English,100,assurance,260,pilot,L5_correlated_maximal,primary,broad,1,TRUE,3000,1000,4,940321
English,100,assurance,5494,pilot,L5_correlated_maximal,primary,broad,1,TRUE,3000,1000,4,940322
English,100,assurance,3350,pilot,L5_correlated_maximal,primary,broad,1,TRUE,3000,1000,4,940323
English,100,assurance,3915,pilot,L5_correlated_maximal,primary,broad,1,TRUE,3000,1000,4,940324
English,100,assurance,7270,pilot,L5_correlated_maximal,primary,broad,1,TRUE,3000,1000,4,940325
English,100,assurance,6534,pilot,L5_correlated_maximal,primary,broad,1,TRUE,3000,1000,4,940326
English,100,assurance,619,pilot,L5_correlated_maximal,primary,broad,1,TRUE,3000,1000,4,940327
English,100,assurance,4293,pilot,L5_correlated_maximal,primary,broad,1,TRUE,3000,1000,4,940328
English,100,assurance,5033,pilot,L5_correlated_maximal,primary,broad,1,TRUE,3000,1000,4,940329
English,100,assurance,2252,pilot,L5_correlated_maximal,primary,broad,1,TRUE,3000,1000,4,940330
English,100,assurance,4478,pilot,L5_correlated_maximal,primary,broad,1,TRUE,3000,1000,4,940331
English,100,assurance,6496,pilot,L5_correlated_maximal,primary,broad,1,TRUE,3000,1000,4,940332
English,100,assurance,4717,pilot,L5_correlated_maximal,primary,broad,1,TRUE,3000,1000,4,940333
English,100,assurance,1073,pilot,L5_correlated_maximal,primary,broad,1,TRUE,3000,1000,4,940334
English,100,assurance,7426,pilot,L5_correlated_maximal,primary,broad,1,TRUE,3000,1000,4,940335
English,100,assurance,5287,pilot,L5_correlated_maximal,primary,broad,1,TRUE,3000,1000,4,940336
English,100,assurance,5429,pilot,L5_correlated_maximal,primary,broad,1,TRUE,3000,1000,4,940337
English,100,assurance,4646,pilot,L5_correlated_maximal,primary,broad,1,TRUE,3000,1000,4,940338
English,100,assurance,4841,pilot,L5_correlated_maximal,primary,broad,1,TRUE,3000,1000,4,940339
English,100,assurance,6233,pilot,L5_correlated_maximal,primary,broad,1,TRUE,3000,1000,4,940340
English,100,assurance,4631,pilot,L5_correlated_maximal,primary,broad,1,TRUE,3000,1000,4,940341
English,100,assurance,4260,pilot,L5_correlated_maximal,primary,broad,1,TRUE,3000,1000,4,940342
English,100,assurance,4060,pilot,L5_correlated_maximal,primary,broad,1,TRUE,3000,1000,4,940343
English,100,assurance,1106,pilot,L5_correlated_maximal,primary,broad,1,TRUE,3000,1000,4,940344
English,100,assurance,5302,pilot,L5_correlated_maximal,primary,broad,1,TRUE,3000,1000,4,940345
English,100,assurance,6287,pilot,L5_correlated_maximal,primary,broad,1,TRUE,3000,1000,4,940346
English,100,assurance,4361,pilot,L5_correlated_maximal,primary,broad,1,TRUE,3000,1000,4,940347
English,100,assurance,5978,pilot,L5_correlated_maximal,primary,broad,1,TRUE,3000,1000,4,940348
English,100,assurance,80,pilot,L5_correlated_maximal,primary,broad,1,TRUE,3000,1000,4,940349
English,100,assurance,843,pilot,L5_correlated_maximal,primary,broad,1,TRUE,3000,1000,4,940350
English,100,assurance,1182,pilot,L5_correlated_maximal,primary,broad,1,TRUE,3000,1000,4,940351
English,100,assurance,965,pilot,L5_correlated_maximal,primary,broad,1,TRUE,3000,1000,4,940352
English,100,assurance,5425,pilot,L5_correlated_maximal,primary,broad,1,TRUE,3000,1000,4,940353
English,100,assurance,3499,pilot,L5_correlated_maximal,primary,broad,1,TRUE,3000,1000,4,940354
English,100,assurance,4322,pilot,L5_correlated_maximal,primary,broad,1,TRUE,3000,1000,4,940355
English,100,assurance,22,pilot,L5_correlated_maximal,primary,broad,1,TRUE,3000,1000,4,940356
English,100,assurance,7719,pilot,L5_correlated_maximal,primary,broad,1,TRUE,3000,1000,4,940357
English,100,assurance,2805,pilot,L5_correlated_maximal,primary,broad,1,TRUE,3000,1000,4,940358
English,100,assurance,1545,pilot,L5_correlated_maximal,primary,broad,1,TRUE,3000,1000,4,940359
Norwegian,70,assurance,6980,pilot,L5_correlated_maximal,primary,broad,1,FALSE,3000,1000,4,940360
Norwegian,70,assurance,6177,pilot,L5_correlated_maximal,primary,broad,1,FALSE,3000,1000,4,940361
Norwegian,70,assurance,4565,pilot,L5_correlated_maximal,primary,broad,1,FALSE,3000,1000,4,940362
Norwegian,70,assurance,3583,pilot,L5_correlated_maximal,primary,broad,1,FALSE,3000,1000,4,940363
Norwegian,70,assurance,6952,pilot,L5_correlated_maximal,primary,broad,1,FALSE,3000,1000,4,940364
Norwegian,70,assurance,2829,pilot,L5_correlated_maximal,primary,broad,1,FALSE,3000,1000,4,940365
Norwegian,70,assurance,6246,pilot,L5_correlated_maximal,primary,broad,1,FALSE,3000,1000,4,940366
Norwegian,70,assurance,7929,pilot,L5_correlated_maximal,primary,broad,1,FALSE,3000,1000,4,940367
Norwegian,70,assurance,7861,pilot,L5_correlated_maximal,primary,broad,1,FALSE,3000,1000,4,940368
Norwegian,70,assurance,5816,pilot,L5_correlated_maximal,primary,broad,1,FALSE,3000,1000,4,940369
Norwegian,70,assurance,890,pilot,L5_correlated_maximal,primary,broad,1,FALSE,3000,1000,4,940370
Norwegian,70,assurance,227,pilot,L5_correlated_maximal,primary,broad,1,FALSE,3000,1000,4,940371
Norwegian,70,assurance,4748,pilot,L5_correlated_maximal,primary,broad,1,FALSE,3000,1000,4,940372
Norwegian,70,assurance,7174,pilot,L5_correlated_maximal,primary,broad,1,FALSE,3000,1000,4,940373
Norwegian,70,assurance,4349,pilot,L5_correlated_maximal,primary,broad,1,FALSE,3000,1000,4,940374
Norwegian,70,assurance,525,pilot,L5_correlated_maximal,primary,broad,1,FALSE,3000,1000,4,940375
Norwegian,70,assurance,1936,pilot,L5_correlated_maximal,primary,broad,1,FALSE,3000,1000,4,940376
Norwegian,70,assurance,6332,pilot,L5_correlated_maximal,primary,broad,1,FALSE,3000,1000,4,940377
Norwegian,70,assurance,6799,pilot,L5_correlated_maximal,primary,broad,1,FALSE,3000,1000,4,940378
Norwegian,70,assurance,5374,pilot,L5_correlated_maximal,primary,broad,1,FALSE,3000,1000,4,940379
Norwegian,70,assurance,4692,pilot,L5_correlated_maximal,primary,broad,1,FALSE,3000,1000,4,940380
Norwegian,70,assurance,4144,pilot,L5_correlated_maximal,primary,broad,1,FALSE,3000,1000,4,940381
Norwegian,70,assurance,7072,pilot,L5_correlated_maximal,primary,broad,1,FALSE,3000,1000,4,940382
Norwegian,70,assurance,4749,pilot,L5_correlated_maximal,primary,broad,1,FALSE,3000,1000,4,940383
Norwegian,70,assurance,2484,pilot,L5_correlated_maximal,primary,broad,1,FALSE,3000,1000,4,940384
Norwegian,70,assurance,3892,pilot,L5_correlated_maximal,primary,broad,1,FALSE,3000,1000,4,940385
Norwegian,70,assurance,2743,pilot,L5_correlated_maximal,primary,broad,1,FALSE,3000,1000,4,940386
Norwegian,70,assurance,2133,pilot,L5_correlated_maximal,primary,broad,1,FALSE,3000,1000,4,940387
Norwegian,70,assurance,1393,pilot,L5_correlated_maximal,primary,broad,1,FALSE,3000,1000,4,940388
Norwegian,70,assurance,5314,pilot,L5_correlated_maximal,primary,broad,1,FALSE,3000,1000,4,940389
Norwegian,70,assurance,4967,pilot,L5_correlated_maximal,primary,broad,1,FALSE,3000,1000,4,940390
Norwegian,70,assurance,404,pilot,L5_correlated_maximal,primary,broad,1,FALSE,3000,1000,4,940391
Norwegian,70,assurance,7706,pilot,L5_correlated_maximal,primary,broad,1,FALSE,3000,1000,4,940392
Norwegian,70,assurance,7453,pilot,L5_correlated_maximal,primary,broad,1,FALSE,3000,1000,4,940393
Norwegian,70,assurance,7931,pilot,L5_correlated_maximal,primary,broad,1,FALSE,3000,1000,4,940394
Norwegian,70,assurance,3073,pilot,L5_correlated_maximal,primary,broad,1,FALSE,3000,1000,4,940395
Norwegian,70,assurance,4303,pilot,L5_correlated_maximal,primary,broad,1,FALSE,3000,1000,4,940396
Norwegian,70,assurance,1557,pilot,L5_correlated_maximal,primary,broad,1,FALSE,3000,1000,4,940397
Norwegian,70,assurance,7149,pilot,L5_correlated_maximal,primary,broad,1,FALSE,3000,1000,4,940398
Norwegian,70,assurance,985,pilot,L5_correlated_maximal,primary,broad,1,FALSE,3000,1000,4,940399
Norwegian,70,assurance,5332,pilot,L5_correlated_maximal,primary,broad,1,FALSE,3000,1000,4,940400
Norwegian,70,assurance,3686,pilot,L5_correlated_maximal,primary,broad,1,FALSE,3000,1000,4,940401
Norwegian,70,assurance,7725,pilot,L5_correlated_maximal,primary,broad,1,FALSE,3000,1000,4,940402
Norwegian,70,assurance,1475,pilot,L5_correlated_maximal,primary,broad,1,FALSE,3000,1000,4,940403
Norwegian,70,assurance,6085,pilot,L5_correlated_maximal,primary,broad,1,FALSE,3000,1000,4,940404
Norwegian,70,assurance,7633,pilot,L5_correlated_maximal,primary,broad,1,FALSE,3000,1000,4,940405
Norwegian,70,assurance,3970,pilot,L5_correlated_maximal,primary,broad,1,FALSE,3000,1000,4,940406
Norwegian,70,assurance,76,pilot,L5_correlated_maximal,primary,broad,1,FALSE,3000,1000,4,940407
Norwegian,70,assurance,4097,pilot,L5_correlated_maximal,primary,broad,1,FALSE,3000,1000,4,940408
Norwegian,70,assurance,3659,pilot,L5_correlated_maximal,primary,broad,1,FALSE,3000,1000,4,940409
Norwegian,70,assurance,2944,pilot,L5_correlated_maximal,primary,broad,1,FALSE,3000,1000,4,940410
Norwegian,70,assurance,809,pilot,L5_correlated_maximal,primary,broad,1,FALSE,3000,1000,4,940411
Norwegian,70,assurance,4267,pilot,L5_correlated_maximal,primary,broad,1,FALSE,3000,1000,4,940412
Norwegian,70,assurance,5495,pilot,L5_correlated_maximal,primary,broad,1,FALSE,3000,1000,4,940413
Norwegian,70,assurance,475,pilot,L5_correlated_maximal,primary,broad,1,FALSE,3000,1000,4,940414
Norwegian,70,assurance,1160,pilot,L5_correlated_maximal,primary,broad,1,FALSE,3000,1000,4,940415
Norwegian,70,assurance,5863,pilot,L5_correlated_maximal,primary,broad,1,FALSE,3000,1000,4,940416
Norwegian,70,assurance,6514,pilot,L5_correlated_maximal,primary,broad,1,FALSE,3000,1000,4,940417
Norwegian,70,assurance,7260,pilot,L5_correlated_maximal,primary,broad,1,FALSE,3000,1000,4,940418
Norwegian,70,assurance,586,pilot,L5_correlated_maximal,primary,broad,1,FALSE,3000,1000,4,940419
Norwegian,70,assurance,2019,pilot,L5_correlated_maximal,primary,broad,1,FALSE,3000,1000,4,940420
Norwegian,70,assurance,2223,pilot,L5_correlated_maximal,primary,broad,1,FALSE,3000,1000,4,940421
Norwegian,70,assurance,4977,pilot,L5_correlated_maximal,primary,broad,1,FALSE,3000,1000,4,940422
Norwegian,70,assurance,6708,pilot,L5_correlated_maximal,primary,broad,1,FALSE,3000,1000,4,940423
Norwegian,70,assurance,4537,pilot,L5_correlated_maximal,primary,broad,1,FALSE,3000,1000,4,940424
Norwegian,70,assurance,6136,pilot,L5_correlated_maximal,primary,broad,1,FALSE,3000,1000,4,940425
Norwegian,70,assurance,5861,pilot,L5_correlated_maximal,primary,broad,1,FALSE,3000,1000,4,940426
Norwegian,70,assurance,3770,pilot,L5_correlated_maximal,primary,broad,1,FALSE,3000,1000,4,940427
Norwegian,70,assurance,6816,pilot,L5_correlated_maximal,primary,broad,1,FALSE,3000,1000,4,940428
Norwegian,70,assurance,5019,pilot,L5_correlated_maximal,primary,broad,1,FALSE,3000,1000,4,940429
Norwegian,70,assurance,3775,pilot,L5_correlated_maximal,primary,broad,1,FALSE,3000,1000,4,940430
Norwegian,70,assurance,90,pilot,L5_correlated_maximal,primary,broad,1,FALSE,3000,1000,4,940431
Norwegian,70,assurance,4605,pilot,L5_correlated_maximal,primary,broad,1,FALSE,3000,1000,4,940432
Norwegian,70,assurance,7782,pilot,L5_correlated_maximal,primary,broad,1,FALSE,3000,1000,4,940433
Norwegian,70,assurance,306,pilot,L5_correlated_maximal,primary,broad,1,FALSE,3000,1000,4,940434
Norwegian,70,assurance,7772,pilot,L5_correlated_maximal,primary,broad,1,FALSE,3000,1000,4,940435
Norwegian,70,assurance,2566,pilot,L5_correlated_maximal,primary,broad,1,FALSE,3000,1000,4,940436
Norwegian,70,assurance,3327,pilot,L5_correlated_maximal,primary,broad,1,FALSE,3000,1000,4,940437
Norwegian,70,assurance,4633,pilot,L5_correlated_maximal,primary,broad,1,FALSE,3000,1000,4,940438
Norwegian,70,assurance,2570,pilot,L5_correlated_maximal,primary,broad,1,FALSE,3000,1000,4,940439
Norwegian,70,assurance,6432,pilot,L5_correlated_maximal,primary,broad,1,FALSE,3000,1000,4,940440
Norwegian,70,assurance,2505,pilot,L5_correlated_maximal,primary,broad,1,FALSE,3000,1000,4,940441
Norwegian,70,assurance,1462,pilot,L5_correlated_maximal,primary,broad,1,FALSE,3000,1000,4,940442
Norwegian,70,assurance,817,pilot,L5_correlated_maximal,primary,broad,1,FALSE,3000,1000,4,940443
Norwegian,70,assurance,1089,pilot,L5_correlated_maximal,primary,broad,1,FALSE,3000,1000,4,940444
Norwegian,70,assurance,2064,pilot,L5_correlated_maximal,primary,broad,1,FALSE,3000,1000,4,940445
Norwegian,70,assurance,3535,pilot,L5_correlated_maximal,primary,broad,1,FALSE,3000,1000,4,940446
Norwegian,70,assurance,4628,pilot,L5_correlated_maximal,primary,broad,1,FALSE,3000,1000,4,940447
Norwegian,70,assurance,1177,pilot,L5_correlated_maximal,primary,broad,1,FALSE,3000,1000,4,940448
Norwegian,70,assurance,3160,pilot,L5_correlated_maximal,primary,broad,1,FALSE,3000,1000,4,940449
Norwegian,70,assurance,1881,pilot,L5_correlated_maximal,primary,broad,1,FALSE,3000,1000,4,940450
Norwegian,70,assurance,6269,pilot,L5_correlated_maximal,primary,broad,1,FALSE,3000,1000,4,940451
Norwegian,70,assurance,4804,pilot,L5_correlated_maximal,primary,broad,1,FALSE,3000,1000,4,940452
Norwegian,70,assurance,139,pilot,L5_correlated_maximal,primary,broad,1,FALSE,3000,1000,4,940453
Norwegian,70,assurance,5819,pilot,L5_correlated_maximal,primary,broad,1,FALSE,3000,1000,4,940454
Norwegian,70,assurance,5386,pilot,L5_correlated_maximal,primary,broad,1,FALSE,3000,1000,4,940455
Norwegian,70,assurance,7941,pilot,L5_correlated_maximal,primary,broad,1,FALSE,3000,1000,4,940456
Norwegian,70,assurance,3041,pilot,L5_correlated_maximal,primary,broad,1,FALSE,3000,1000,4,940457
Norwegian,70,assurance,4941,pilot,L5_correlated_maximal,primary,broad,1,FALSE,3000,1000,4,940458
Norwegian,70,assurance,3463,pilot,L5_correlated_maximal,primary,broad,1,FALSE,3000,1000,4,940459
Norwegian,70,assurance,2208,pilot,L5_correlated_maximal,primary,broad,1,FALSE,3000,1000,4,940460
Norwegian,70,assurance,5981,pilot,L5_correlated_maximal,primary,broad,1,FALSE,3000,1000,4,940461
Norwegian,70,assurance,413,pilot,L5_correlated_maximal,primary,broad,1,FALSE,3000,1000,4,940462
Norwegian,70,assurance,2478,pilot,L5_correlated_maximal,primary,broad,1,FALSE,3000,1000,4,940463
Norwegian,70,assurance,7067,pilot,L5_correlated_maximal,primary,broad,1,FALSE,3000,1000,4,940464
Norwegian,70,assurance,688,pilot,L5_correlated_maximal,primary,broad,1,FALSE,3000,1000,4,940465
Norwegian,70,assurance,2287,pilot,L5_correlated_maximal,primary,broad,1,FALSE,3000,1000,4,940466
Norwegian,70,assurance,7478,pilot,L5_correlated_maximal,primary,broad,1,FALSE,3000,1000,4,940467
Norwegian,70,assurance,182,pilot,L5_correlated_maximal,primary,broad,1,FALSE,3000,1000,4,940468
Norwegian,70,assurance,2629,pilot,L5_correlated_maximal,primary,broad,1,FALSE,3000,1000,4,940469
Norwegian,70,assurance,3145,pilot,L5_correlated_maximal,primary,broad,1,FALSE,3000,1000,4,940470
Norwegian,70,assurance,2894,pilot,L5_correlated_maximal,primary,broad,1,FALSE,3000,1000,4,940471
Norwegian,70,assurance,6788,pilot,L5_correlated_maximal,primary,broad,1,FALSE,3000,1000,4,940472
Norwegian,70,assurance,4467,pilot,L5_correlated_maximal,primary,broad,1,FALSE,3000,1000,4,940473
Norwegian,70,assurance,4051,pilot,L5_correlated_maximal,primary,broad,1,FALSE,3000,1000,4,940474
Norwegian,70,assurance,6954,pilot,L5_correlated_maximal,primary,broad,1,FALSE,3000,1000,4,940475
Norwegian,70,assurance,1363,pilot,L5_correlated_maximal,primary,broad,1,FALSE,3000,1000,4,940476
Norwegian,70,assurance,972,pilot,L5_correlated_maximal,primary,broad,1,FALSE,3000,1000,4,940477
Norwegian,70,assurance,2997,pilot,L5_correlated_maximal,primary,broad,1,FALSE,3000,1000,4,940478
Norwegian,70,assurance,5983,pilot,L5_correlated_maximal,primary,broad,1,FALSE,3000,1000,4,940479
Norwegian,80,assurance,4428,pilot,L5_correlated_maximal,primary,broad,1,FALSE,3000,1000,4,940480
Norwegian,80,assurance,2291,pilot,L5_correlated_maximal,primary,broad,1,FALSE,3000,1000,4,940481
Norwegian,80,assurance,435,pilot,L5_correlated_maximal,primary,broad,1,FALSE,3000,1000,4,940482
Norwegian,80,assurance,1759,pilot,L5_correlated_maximal,primary,broad,1,FALSE,3000,1000,4,940483
Norwegian,80,assurance,6963,pilot,L5_correlated_maximal,primary,broad,1,FALSE,3000,1000,4,940484
Norwegian,80,assurance,6360,pilot,L5_correlated_maximal,primary,broad,1,FALSE,3000,1000,4,940485
Norwegian,80,assurance,1419,pilot,L5_correlated_maximal,primary,broad,1,FALSE,3000,1000,4,940486
Norwegian,80,assurance,2739,pilot,L5_correlated_maximal,primary,broad,1,FALSE,3000,1000,4,940487
Norwegian,80,assurance,3075,pilot,L5_correlated_maximal,primary,broad,1,FALSE,3000,1000,4,940488
Norwegian,80,assurance,5051,pilot,L5_correlated_maximal,primary,broad,1,FALSE,3000,1000,4,940489
Norwegian,80,assurance,1239,pilot,L5_correlated_maximal,primary,broad,1,FALSE,3000,1000,4,940490
Norwegian,80,assurance,179,pilot,L5_correlated_maximal,primary,broad,1,FALSE,3000,1000,4,940491
Norwegian,80,assurance,7995,pilot,L5_correlated_maximal,primary,broad,1,FALSE,3000,1000,4,940492
Norwegian,80,assurance,4466,pilot,L5_correlated_maximal,primary,broad,1,FALSE,3000,1000,4,940493
Norwegian,80,assurance,1451,pilot,L5_correlated_maximal,primary,broad,1,FALSE,3000,1000,4,940494
Norwegian,80,assurance,299,pilot,L5_correlated_maximal,primary,broad,1,FALSE,3000,1000,4,940495
Norwegian,80,assurance,2617,pilot,L5_correlated_maximal,primary,broad,1,FALSE,3000,1000,4,940496
Norwegian,80,assurance,7287,pilot,L5_correlated_maximal,primary,broad,1,FALSE,3000,1000,4,940497
Norwegian,80,assurance,6214,pilot,L5_correlated_maximal,primary,broad,1,FALSE,3000,1000,4,940498
Norwegian,80,assurance,6282,pilot,L5_correlated_maximal,primary,broad,1,FALSE,3000,1000,4,940499
Norwegian,80,assurance,997,pilot,L5_correlated_maximal,primary,broad,1,FALSE,3000,1000,4,940500
Norwegian,80,assurance,5259,pilot,L5_correlated_maximal,primary,broad,1,FALSE,3000,1000,4,940501
Norwegian,80,assurance,6877,pilot,L5_correlated_maximal,primary,broad,1,FALSE,3000,1000,4,940502
Norwegian,80,assurance,5849,pilot,L5_correlated_maximal,primary,broad,1,FALSE,3000,1000,4,940503
Norwegian,80,assurance,72,pilot,L5_correlated_maximal,primary,broad,1,FALSE,3000,1000,4,940504
Norwegian,80,assurance,5440,pilot,L5_correlated_maximal,primary,broad,1,FALSE,3000,1000,4,940505
Norwegian,80,assurance,1710,pilot,L5_correlated_maximal,primary,broad,1,FALSE,3000,1000,4,940506
Norwegian,80,assurance,3778,pilot,L5_correlated_maximal,primary,broad,1,FALSE,3000,1000,4,940507
Norwegian,80,assurance,4138,pilot,L5_correlated_maximal,primary,broad,1,FALSE,3000,1000,4,940508
Norwegian,80,assurance,5225,pilot,L5_correlated_maximal,primary,broad,1,FALSE,3000,1000,4,940509
Norwegian,80,assurance,6713,pilot,L5_correlated_maximal,primary,broad,1,FALSE,3000,1000,4,940510
Norwegian,80,assurance,899,pilot,L5_correlated_maximal,primary,broad,1,FALSE,3000,1000,4,940511
Norwegian,80,assurance,4241,pilot,L5_correlated_maximal,primary,broad,1,FALSE,3000,1000,4,940512
Norwegian,80,assurance,6468,pilot,L5_correlated_maximal,primary,broad,1,FALSE,3000,1000,4,940513
Norwegian,80,assurance,644,pilot,L5_correlated_maximal,primary,broad,1,FALSE,3000,1000,4,940514
Norwegian,80,assurance,4548,pilot,L5_correlated_maximal,primary,broad,1,FALSE,3000,1000,4,940515
Norwegian,80,assurance,5238,pilot,L5_correlated_maximal,primary,broad,1,FALSE,3000,1000,4,940516
Norwegian,80,assurance,7935,pilot,L5_correlated_maximal,primary,broad,1,FALSE,3000,1000,4,940517
Norwegian,80,assurance,964,pilot,L5_correlated_maximal,primary,broad,1,FALSE,3000,1000,4,940518
Norwegian,80,assurance,6481,pilot,L5_correlated_maximal,primary,broad,1,FALSE,3000,1000,4,940519
Norwegian,80,assurance,6665,pilot,L5_correlated_maximal,primary,broad,1,FALSE,3000,1000,4,940520
Norwegian,80,assurance,5225,pilot,L5_correlated_maximal,primary,broad,1,FALSE,3000,1000,4,940521
Norwegian,80,assurance,1008,pilot,L5_correlated_maximal,primary,broad,1,FALSE,3000,1000,4,940522
Norwegian,80,assurance,4991,pilot,L5_correlated_maximal,primary,broad,1,FALSE,3000,1000,4,940523
Norwegian,80,assurance,1282,pilot,L5_correlated_maximal,primary,broad,1,FALSE,3000,1000,4,940524
Norwegian,80,assurance,4991,pilot,L5_correlated_maximal,primary,broad,1,FALSE,3000,1000,4,940525
Norwegian,80,assurance,4525,pilot,L5_correlated_maximal,primary,broad,1,FALSE,3000,1000,4,940526
Norwegian,80,assurance,7536,pilot,L5_correlated_maximal,primary,broad,1,FALSE,3000,1000,4,940527
Norwegian,80,assurance,3329,pilot,L5_correlated_maximal,primary,broad,1,FALSE,3000,1000,4,940528
Norwegian,80,assurance,1564,pilot,L5_correlated_maximal,primary,broad,1,FALSE,3000,1000,4,940529
Norwegian,80,assurance,2767,pilot,L5_correlated_maximal,primary,broad,1,FALSE,3000,1000,4,940530
Norwegian,80,assurance,4365,pilot,L5_correlated_maximal,primary,broad,1,FALSE,3000,1000,4,940531
Norwegian,80,assurance,3832,pilot,L5_correlated_maximal,primary,broad,1,FALSE,3000,1000,4,940532
Norwegian,80,assurance,932,pilot,L5_correlated_maximal,primary,broad,1,FALSE,3000,1000,4,940533
Norwegian,80,assurance,7295,pilot,L5_correlated_maximal,primary,broad,1,FALSE,3000,1000,4,940534
Norwegian,80,assurance,5554,pilot,L5_correlated_maximal,primary,broad,1,FALSE,3000,1000,4,940535
Norwegian,80,assurance,986,pilot,L5_correlated_maximal,primary,broad,1,FALSE,3000,1000,4,940536
Norwegian,80,assurance,6678,pilot,L5_correlated_maximal,primary,broad,1,FALSE,3000,1000,4,940537
Norwegian,80,assurance,6661,pilot,L5_correlated_maximal,primary,broad,1,FALSE,3000,1000,4,940538
Norwegian,80,assurance,7811,pilot,L5_correlated_maximal,primary,broad,1,FALSE,3000,1000,4,940539
Norwegian,80,assurance,3625,pilot,L5_correlated_maximal,primary,broad,1,FALSE,3000,1000,4,940540
Norwegian,80,assurance,4209,pilot,L5_correlated_maximal,primary,broad,1,FALSE,3000,1000,4,940541
Norwegian,80,assurance,2834,pilot,L5_correlated_maximal,primary,broad,1,FALSE,3000,1000,4,940542
Norwegian,80,assurance,1731,pilot,L5_correlated_maximal,primary,broad,1,FALSE,3000,1000,4,940543
Norwegian,80,assurance,1162,pilot,L5_correlated_maximal,primary,broad,1,FALSE,3000,1000,4,940544
Norwegian,80,assurance,2827,pilot,L5_correlated_maximal,primary,broad,1,FALSE,3000,1000,4,940545
Norwegian,80,assurance,7534,pilot,L5_correlated_maximal,primary,broad,1,FALSE,3000,1000,4,940546
Norwegian,80,assurance,4324,pilot,L5_correlated_maximal,primary,broad,1,FALSE,3000,1000,4,940547
Norwegian,80,assurance,4892,pilot,L5_correlated_maximal,primary,broad,1,FALSE,3000,1000,4,940548
Norwegian,80,assurance,524,pilot,L5_correlated_maximal,primary,broad,1,FALSE,3000,1000,4,940549
Norwegian,80,assurance,1500,pilot,L5_correlated_maximal,primary,broad,1,FALSE,3000,1000,4,940550
Norwegian,80,assurance,7099,pilot,L5_correlated_maximal,primary,broad,1,FALSE,3000,1000,4,940551
Norwegian,80,assurance,329,pilot,L5_correlated_maximal,primary,broad,1,FALSE,3000,1000,4,940552
Norwegian,80,assurance,1848,pilot,L5_correlated_maximal,primary,broad,1,FALSE,3000,1000,4,940553
Norwegian,80,assurance,7391,pilot,L5_correlated_maximal,primary,broad,1,FALSE,3000,1000,4,940554
Norwegian,80,assurance,892,pilot,L5_correlated_maximal,primary,broad,1,FALSE,3000,1000,4,940555
Norwegian,80,assurance,5615,pilot,L5_correlated_maximal,primary,broad,1,FALSE,3000,1000,4,940556
Norwegian,80,assurance,848,pilot,L5_correlated_maximal,primary,broad,1,FALSE,3000,1000,4,940557
Norwegian,80,assurance,6173,pilot,L5_correlated_maximal,primary,broad,1,FALSE,3000,1000,4,940558
Norwegian,80,assurance,3198,pilot,L5_correlated_maximal,primary,broad,1,FALSE,3000,1000,4,940559
Norwegian,80,assurance,6744,pilot,L5_correlated_maximal,primary,broad,1,FALSE,3000,1000,4,940560
Norwegian,80,assurance,4127,pilot,L5_correlated_maximal,primary,broad,1,FALSE,3000,1000,4,940561
Norwegian,80,assurance,7294,pilot,L5_correlated_maximal,primary,broad,1,FALSE,3000,1000,4,940562
Norwegian,80,assurance,6413,pilot,L5_correlated_maximal,primary,broad,1,FALSE,3000,1000,4,940563
Norwegian,80,assurance,1898,pilot,L5_correlated_maximal,primary,broad,1,FALSE,3000,1000,4,940564
Norwegian,80,assurance,7511,pilot,L5_correlated_maximal,primary,broad,1,FALSE,3000,1000,4,940565
Norwegian,80,assurance,4215,pilot,L5_correlated_maximal,primary,broad,1,FALSE,3000,1000,4,940566
Norwegian,80,assurance,5797,pilot,L5_correlated_maximal,primary,broad,1,FALSE,3000,1000,4,940567
Norwegian,80,assurance,90,pilot,L5_correlated_maximal,primary,broad,1,FALSE,3000,1000,4,940568
Norwegian,80,assurance,405,pilot,L5_correlated_maximal,primary,broad,1,FALSE,3000,1000,4,940569
Norwegian,80,assurance,3466,pilot,L5_correlated_maximal,primary,broad,1,FALSE,3000,1000,4,940570
Norwegian,80,assurance,5173,pilot,L5_correlated_maximal,primary,broad,1,FALSE,3000,1000,4,940571
Norwegian,80,assurance,3344,pilot,L5_correlated_maximal,primary,broad,1,FALSE,3000,1000,4,940572
Norwegian,80,assurance,4706,pilot,L5_correlated_maximal,primary,broad,1,FALSE,3000,1000,4,940573
Norwegian,80,assurance,1637,pilot,L5_correlated_maximal,primary,broad,1,FALSE,3000,1000,4,940574
Norwegian,80,assurance,1585,pilot,L5_correlated_maximal,primary,broad,1,FALSE,3000,1000,4,940575
Norwegian,80,assurance,3004,pilot,L5_correlated_maximal,primary,broad,1,FALSE,3000,1000,4,940576
Norwegian,80,assurance,1569,pilot,L5_correlated_maximal,primary,broad,1,FALSE,3000,1000,4,940577
Norwegian,80,assurance,7672,pilot,L5_correlated_maximal,primary,broad,1,FALSE,3000,1000,4,940578
Norwegian,80,assurance,7094,pilot,L5_correlated_maximal,primary,broad,1,FALSE,3000,1000,4,940579
Norwegian,80,assurance,3438,pilot,L5_correlated_maximal,primary,broad,1,FALSE,3000,1000,4,940580
Norwegian,80,assurance,548,pilot,L5_correlated_maximal,primary,broad,1,FALSE,3000,1000,4,940581
Norwegian,80,assurance,4376,pilot,L5_correlated_maximal,primary,broad,1,FALSE,3000,1000,4,940582
Norwegian,80,assurance,4189,pilot,L5_correlated_maximal,primary,broad,1,FALSE,3000,1000,4,940583
Norwegian,80,assurance,4848,pilot,L5_correlated_maximal,primary,broad,1,FALSE,3000,1000,4,940584
Norwegian,80,assurance,3085,pilot,L5_correlated_maximal,primary,broad,1,FALSE,3000,1000,4,940585
Norwegian,80,assurance,232,pilot,L5_correlated_maximal,primary,broad,1,FALSE,3000,1000,4,940586
Norwegian,80,assurance,2605,pilot,L5_correlated_maximal,primary,broad,1,FALSE,3000,1000,4,940587
Norwegian,80,assurance,5096,pilot,L5_correlated_maximal,primary,broad,1,FALSE,3000,1000,4,940588
Norwegian,80,assurance,6976,pilot,L5_correlated_maximal,primary,broad,1,FALSE,3000,1000,4,940589
Norwegian,80,assurance,7550,pilot,L5_correlated_maximal,primary,broad,1,FALSE,3000,1000,4,940590
Norwegian,80,assurance,751,pilot,L5_correlated_maximal,primary,broad,1,FALSE,3000,1000,4,940591
Norwegian,80,assurance,5548,pilot,L5_correlated_maximal,primary,broad,1,FALSE,3000,1000,4,940592
Norwegian,80,assurance,3815,pilot,L5_correlated_maximal,primary,broad,1,FALSE,3000,1000,4,940593
Norwegian,80,assurance,2544,pilot,L5_correlated_maximal,primary,broad,1,FALSE,3000,1000,4,940594
Norwegian,80,assurance,7669,pilot,L5_correlated_maximal,primary,broad,1,FALSE,3000,1000,4,940595
Norwegian,80,assurance,869,pilot,L5_correlated_maximal,primary,broad,1,FALSE,3000,1000,4,940596
Norwegian,80,assurance,1029,pilot,L5_correlated_maximal,primary,broad,1,FALSE,3000,1000,4,940597
Norwegian,80,assurance,2780,pilot,L5_correlated_maximal,primary,broad,1,FALSE,3000,1000,4,940598
Norwegian,80,assurance,4319,pilot,L5_correlated_maximal,primary,broad,1,FALSE,3000,1000,4,940599
Norwegian,100,assurance,1768,pilot,L5_correlated_maximal,primary,broad,1,FALSE,3000,1000,4,940600
Norwegian,100,assurance,5839,pilot,L5_correlated_maximal,primary,broad,1,FALSE,3000,1000,4,940601
Norwegian,100,assurance,7160,pilot,L5_correlated_maximal,primary,broad,1,FALSE,3000,1000,4,940602
Norwegian,100,assurance,4007,pilot,L5_correlated_maximal,primary,broad,1,FALSE,3000,1000,4,940603
Norwegian,100,assurance,6514,pilot,L5_correlated_maximal,primary,broad,1,FALSE,3000,1000,4,940604
Norwegian,100,assurance,1870,pilot,L5_correlated_maximal,primary,broad,1,FALSE,3000,1000,4,940605
Norwegian,100,assurance,7418,pilot,L5_correlated_maximal,primary,broad,1,FALSE,3000,1000,4,940606
Norwegian,100,assurance,7344,pilot,L5_correlated_maximal,primary,broad,1,FALSE,3000,1000,4,940607
Norwegian,100,assurance,7879,pilot,L5_correlated_maximal,primary,broad,1,FALSE,3000,1000,4,940608
Norwegian,100,assurance,7542,pilot,L5_correlated_maximal,primary,broad,1,FALSE,3000,1000,4,940609
Norwegian,100,assurance,6751,pilot,L5_correlated_maximal,primary,broad,1,FALSE,3000,1000,4,940610
Norwegian,100,assurance,4852,pilot,L5_correlated_maximal,primary,broad,1,FALSE,3000,1000,4,940611
Norwegian,100,assurance,5213,pilot,L5_correlated_maximal,primary,broad,1,FALSE,3000,1000,4,940612
Norwegian,100,assurance,963,pilot,L5_correlated_maximal,primary,broad,1,FALSE,3000,1000,4,940613
Norwegian,100,assurance,5040,pilot,L5_correlated_maximal,primary,broad,1,FALSE,3000,1000,4,940614
Norwegian,100,assurance,2756,pilot,L5_correlated_maximal,primary,broad,1,FALSE,3000,1000,4,940615
Norwegian,100,assurance,1063,pilot,L5_correlated_maximal,primary,broad,1,FALSE,3000,1000,4,940616
Norwegian,100,assurance,2693,pilot,L5_correlated_maximal,primary,broad,1,FALSE,3000,1000,4,940617
Norwegian,100,assurance,6014,pilot,L5_correlated_maximal,primary,broad,1,FALSE,3000,1000,4,940618
Norwegian,100,assurance,1364,pilot,L5_correlated_maximal,primary,broad,1,FALSE,3000,1000,4,940619
Norwegian,100,assurance,4519,pilot,L5_correlated_maximal,primary,broad,1,FALSE,3000,1000,4,940620
Norwegian,100,assurance,1288,pilot,L5_correlated_maximal,primary,broad,1,FALSE,3000,1000,4,940621
Norwegian,100,assurance,2759,pilot,L5_correlated_maximal,primary,broad,1,FALSE,3000,1000,4,940622
Norwegian,100,assurance,5752,pilot,L5_correlated_maximal,primary,broad,1,FALSE,3000,1000,4,940623
Norwegian,100,assurance,4129,pilot,L5_correlated_maximal,primary,broad,1,FALSE,3000,1000,4,940624
Norwegian,100,assurance,6882,pilot,L5_correlated_maximal,primary,broad,1,FALSE,3000,1000,4,940625
Norwegian,100,assurance,2049,pilot,L5_correlated_maximal,primary,broad,1,FALSE,3000,1000,4,940626
Norwegian,100,assurance,3292,pilot,L5_correlated_maximal,primary,broad,1,FALSE,3000,1000,4,940627
Norwegian,100,assurance,348,pilot,L5_correlated_maximal,primary,broad,1,FALSE,3000,1000,4,940628
Norwegian,100,assurance,2113,pilot,L5_correlated_maximal,primary,broad,1,FALSE,3000,1000,4,940629
Norwegian,100,assurance,7920,pilot,L5_correlated_maximal,primary,broad,1,FALSE,3000,1000,4,940630
Norwegian,100,assurance,4624,pilot,L5_correlated_maximal,primary,broad,1,FALSE,3000,1000,4,940631
Norwegian,100,assurance,4626,pilot,L5_correlated_maximal,primary,broad,1,FALSE,3000,1000,4,940632
Norwegian,100,assurance,7440,pilot,L5_correlated_maximal,primary,broad,1,FALSE,3000,1000,4,940633
Norwegian,100,assurance,2424,pilot,L5_correlated_maximal,primary,broad,1,FALSE,3000,1000,4,940634
Norwegian,100,assurance,2269,pilot,L5_correlated_maximal,primary,broad,1,FALSE,3000,1000,4,940635
Norwegian,100,assurance,7473,pilot,L5_correlated_maximal,primary,broad,1,FALSE,3000,1000,4,940636
Norwegian,100,assurance,7170,pilot,L5_correlated_maximal,primary,broad,1,FALSE,3000,1000,4,940637
Norwegian,100,assurance,7980,pilot,L5_correlated_maximal,primary,broad,1,FALSE,3000,1000,4,940638
Norwegian,100,assurance,4862,pilot,L5_correlated_maximal,primary,broad,1,FALSE,3000,1000,4,940639
Norwegian,100,assurance,1209,pilot,L5_correlated_maximal,primary,broad,1,FALSE,3000,1000,4,940640
Norwegian,100,assurance,2881,pilot,L5_correlated_maximal,primary,broad,1,FALSE,3000,1000,4,940641
Norwegian,100,assurance,74,pilot,L5_correlated_maximal,primary,broad,1,FALSE,3000,1000,4,940642
Norwegian,100,assurance,1975,pilot,L5_correlated_maximal,primary,broad,1,FALSE,3000,1000,4,940643
Norwegian,100,assurance,4725,pilot,L5_correlated_maximal,primary,broad,1,FALSE,3000,1000,4,940644
Norwegian,100,assurance,1183,pilot,L5_correlated_maximal,primary,broad,1,FALSE,3000,1000,4,940645
Norwegian,100,assurance,7482,pilot,L5_correlated_maximal,primary,broad,1,FALSE,3000,1000,4,940646
Norwegian,100,assurance,7867,pilot,L5_correlated_maximal,primary,broad,1,FALSE,3000,1000,4,940647
Norwegian,100,assurance,7853,pilot,L5_correlated_maximal,primary,broad,1,FALSE,3000,1000,4,940648
Norwegian,100,assurance,7193,pilot,L5_correlated_maximal,primary,broad,1,FALSE,3000,1000,4,940649
Norwegian,100,assurance,3766,pilot,L5_correlated_maximal,primary,broad,1,FALSE,3000,1000,4,940650
Norwegian,100,assurance,7436,pilot,L5_correlated_maximal,primary,broad,1,FALSE,3000,1000,4,940651
Norwegian,100,assurance,797,pilot,L5_correlated_maximal,primary,broad,1,FALSE,3000,1000,4,940652
Norwegian,100,assurance,6275,pilot,L5_correlated_maximal,primary,broad,1,FALSE,3000,1000,4,940653
Norwegian,100,assurance,1354,pilot,L5_correlated_maximal,primary,broad,1,FALSE,3000,1000,4,940654
Norwegian,100,assurance,3868,pilot,L5_correlated_maximal,primary,broad,1,FALSE,3000,1000,4,940655
Norwegian,100,assurance,4642,pilot,L5_correlated_maximal,primary,broad,1,FALSE,3000,1000,4,940656
Norwegian,100,assurance,6617,pilot,L5_correlated_maximal,primary,broad,1,FALSE,3000,1000,4,940657
Norwegian,100,assurance,3252,pilot,L5_correlated_maximal,primary,broad,1,FALSE,3000,1000,4,940658
Norwegian,100,assurance,1230,pilot,L5_correlated_maximal,primary,broad,1,FALSE,3000,1000,4,940659
Norwegian,100,assurance,423,pilot,L5_correlated_maximal,primary,broad,1,FALSE,3000,1000,4,940660
Norwegian,100,assurance,3234,pilot,L5_correlated_maximal,primary,broad,1,FALSE,3000,1000,4,940661
Norwegian,100,assurance,6819,pilot,L5_correlated_maximal,primary,broad,1,FALSE,3000,1000,4,940662
Norwegian,100,assurance,5464,pilot,L5_correlated_maximal,primary,broad,1,FALSE,3000,1000,4,940663
Norwegian,100,assurance,1348,pilot,L5_correlated_maximal,primary,broad,1,FALSE,3000,1000,4,940664
Norwegian,100,assurance,7181,pilot,L5_correlated_maximal,primary,broad,1,FALSE,3000,1000,4,940665
Norwegian,100,assurance,2161,pilot,L5_correlated_maximal,primary,broad,1,FALSE,3000,1000,4,940666
Norwegian,100,assurance,7014,pilot,L5_correlated_maximal,primary,broad,1,FALSE,3000,1000,4,940667
Norwegian,100,assurance,177,pilot,L5_correlated_maximal,primary,broad,1,FALSE,3000,1000,4,940668
Norwegian,100,assurance,4752,pilot,L5_correlated_maximal,primary,broad,1,FALSE,3000,1000,4,940669
Norwegian,100,assurance,3836,pilot,L5_correlated_maximal,primary,broad,1,FALSE,3000,1000,4,940670
Norwegian,100,assurance,2079,pilot,L5_correlated_maximal,primary,broad,1,FALSE,3000,1000,4,940671
Norwegian,100,assurance,2558,pilot,L5_correlated_maximal,primary,broad,1,FALSE,3000,1000,4,940672
Norwegian,100,assurance,7266,pilot,L5_correlated_maximal,primary,broad,1,FALSE,3000,1000,4,940673
Norwegian,100,assurance,833,pilot,L5_correlated_maximal,primary,broad,1,FALSE,3000,1000,4,940674
Norwegian,100,assurance,207,pilot,L5_correlated_maximal,primary,broad,1,FALSE,3000,1000,4,940675
Norwegian,100,assurance,1364,pilot,L5_correlated_maximal,primary,broad,1,FALSE,3000,1000,4,940676
Norwegian,100,assurance,2643,pilot,L5_correlated_maximal,primary,broad,1,FALSE,3000,1000,4,940677
Norwegian,100,assurance,7854,pilot,L5_correlated_maximal,primary,broad,1,FALSE,3000,1000,4,940678
Norwegian,100,assurance,5312,pilot,L5_correlated_maximal,primary,broad,1,FALSE,3000,1000,4,940679
Norwegian,100,assurance,7071,pilot,L5_correlated_maximal,primary,broad,1,FALSE,3000,1000,4,940680
Norwegian,100,assurance,2669,pilot,L5_correlated_maximal,primary,broad,1,FALSE,3000,1000,4,940681
Norwegian,100,assurance,3558,pilot,L5_correlated_maximal,primary,broad,1,FALSE,3000,1000,4,940682
Norwegian,100,assurance,5067,pilot,L5_correlated_maximal,primary,broad,1,FALSE,3000,1000,4,940683
Norwegian,100,assurance,4270,pilot,L5_correlated_maximal,primary,broad,1,FALSE,3000,1000,4,940684
Norwegian,100,assurance,3635,pilot,L5_correlated_maximal,primary,broad,1,FALSE,3000,1000,4,940685
Norwegian,100,assurance,1403,pilot,L5_correlated_maximal,primary,broad,1,FALSE,3000,1000,4,940686
Norwegian,100,assurance,6297,pilot,L5_correlated_maximal,primary,broad,1,FALSE,3000,1000,4,940687
Norwegian,100,assurance,5550,pilot,L5_correlated_maximal,primary,broad,1,FALSE,3000,1000,4,940688
Norwegian,100,assurance,3985,pilot,L5_correlated_maximal,primary,broad,1,FALSE,3000,1000,4,940689
Norwegian,100,assurance,3109,pilot,L5_correlated_maximal,primary,broad,1,FALSE,3000,1000,4,940690
Norwegian,100,assurance,6595,pilot,L5_correlated_maximal,primary,broad,1,FALSE,3000,1000,4,940691
Norwegian,100,assurance,593,pilot,L5_correlated_maximal,primary,broad,1,FALSE,3000,1000,4,940692
Norwegian,100,assurance,2170,pilot,L5_correlated_maximal,primary,broad,1,FALSE,3000,1000,4,940693
Norwegian,100,assurance,7933,pilot,L5_correlated_maximal,primary,broad,1,FALSE,3000,1000,4,940694
Norwegian,100,assurance,2,pilot,L5_correlated_maximal,primary,broad,1,FALSE,3000,1000,4,940695
Norwegian,100,assurance,5270,pilot,L5_correlated_maximal,primary,broad,1,FALSE,3000,1000,4,940696
Norwegian,100,assurance,7462,pilot,L5_correlated_maximal,primary,broad,1,FALSE,3000,1000,4,940697
Norwegian,100,assurance,3316,pilot,L5_correlated_maximal,primary,broad,1,FALSE,3000,1000,4,940698
Norwegian,100,assurance,7014,pilot,L5_correlated_maximal,primary,broad,1,FALSE,3000,1000,4,940699
Norwegian,100,assurance,7806,pilot,L5_correlated_maximal,primary,broad,1,FALSE,3000,1000,4,940700
Norwegian,100,assurance,7735,pilot,L5_correlated_maximal,primary,broad,1,FALSE,3000,1000,4,940701
Norwegian,100,assurance,5218,pilot,L5_correlated_maximal,primary,broad,1,FALSE,3000,1000,4,940702
Norwegian,100,assurance,1346,pilot,L5_correlated_maximal,primary,broad,1,FALSE,3000,1000,4,940703
Norwegian,100,assurance,5326,pilot,L5_correlated_maximal,primary,broad,1,FALSE,3000,1000,4,940704
Norwegian,100,assurance,7782,pilot,L5_correlated_maximal,primary,broad,1,FALSE,3000,1000,4,940705
Norwegian,100,assurance,7568,pilot,L5_correlated_maximal,primary,broad,1,FALSE,3000,1000,4,940706
Norwegian,100,assurance,5007,pilot,L5_correlated_maximal,primary,broad,1,FALSE,3000,1000,4,940707
Norwegian,100,assurance,5988,pilot,L5_correlated_maximal,primary,broad,1,FALSE,3000,1000,4,940708
Norwegian,100,assurance,5861,pilot,L5_correlated_maximal,primary,broad,1,FALSE,3000,1000,4,940709
Norwegian,100,assurance,253,pilot,L5_correlated_maximal,primary,broad,1,FALSE,3000,1000,4,940710
Norwegian,100,assurance,6100,pilot,L5_correlated_maximal,primary,broad,1,FALSE,3000,1000,4,940711
Norwegian,100,assurance,1900,pilot,L5_correlated_maximal,primary,broad,1,FALSE,3000,1000,4,940712
Norwegian,100,assurance,6085,pilot,L5_correlated_maximal,primary,broad,1,FALSE,3000,1000,4,940713
Norwegian,100,assurance,4201,pilot,L5_correlated_maximal,primary,broad,1,FALSE,3000,1000,4,940714
Norwegian,100,assurance,5575,pilot,L5_correlated_maximal,primary,broad,1,FALSE,3000,1000,4,940715
Norwegian,100,assurance,3496,pilot,L5_correlated_maximal,primary,broad,1,FALSE,3000,1000,4,940716
Norwegian,100,assurance,7556,pilot,L5_correlated_maximal,primary,broad,1,FALSE,3000,1000,4,940717
Norwegian,100,assurance,7302,pilot,L5_correlated_maximal,primary,broad,1,FALSE,3000,1000,4,940718
Norwegian,100,assurance,5169,pilot,L5_correlated_maximal,primary,broad,1,FALSE,3000,1000,4,940719
Turkish,70,assurance,1703,pilot,L5_correlated_maximal,primary,broad,1,TRUE,3000,1000,4,940720
Turkish,70,assurance,6496,pilot,L5_correlated_maximal,primary,broad,1,TRUE,3000,1000,4,940721
Turkish,70,assurance,5353,pilot,L5_correlated_maximal,primary,broad,1,TRUE,3000,1000,4,940722
Turkish,70,assurance,4899,pilot,L5_correlated_maximal,primary,broad,1,TRUE,3000,1000,4,940723
Turkish,70,assurance,4887,pilot,L5_correlated_maximal,primary,broad,1,TRUE,3000,1000,4,940724
Turkish,70,assurance,672,pilot,L5_correlated_maximal,primary,broad,1,TRUE,3000,1000,4,940725
Turkish,70,assurance,837,pilot,L5_correlated_maximal,primary,broad,1,TRUE,3000,1000,4,940726
Turkish,70,assurance,6193,pilot,L5_correlated_maximal,primary,broad,1,TRUE,3000,1000,4,940727
Turkish,70,assurance,1945,pilot,L5_correlated_maximal,primary,broad,1,TRUE,3000,1000,4,940728
Turkish,70,assurance,6224,pilot,L5_correlated_maximal,primary,broad,1,TRUE,3000,1000,4,940729
Turkish,70,assurance,6672,pilot,L5_correlated_maximal,primary,broad,1,TRUE,3000,1000,4,940730
Turkish,70,assurance,7946,pilot,L5_correlated_maximal,primary,broad,1,TRUE,3000,1000,4,940731
Turkish,70,assurance,5988,pilot,L5_correlated_maximal,primary,broad,1,TRUE,3000,1000,4,940732
Turkish,70,assurance,1792,pilot,L5_correlated_maximal,primary,broad,1,TRUE,3000,1000,4,940733
Turkish,70,assurance,4384,pilot,L5_correlated_maximal,primary,broad,1,TRUE,3000,1000,4,940734
Turkish,70,assurance,473,pilot,L5_correlated_maximal,primary,broad,1,TRUE,3000,1000,4,940735
Turkish,70,assurance,6618,pilot,L5_correlated_maximal,primary,broad,1,TRUE,3000,1000,4,940736
Turkish,70,assurance,7187,pilot,L5_correlated_maximal,primary,broad,1,TRUE,3000,1000,4,940737
Turkish,70,assurance,7712,pilot,L5_correlated_maximal,primary,broad,1,TRUE,3000,1000,4,940738
Turkish,70,assurance,5855,pilot,L5_correlated_maximal,primary,broad,1,TRUE,3000,1000,4,940739
Turkish,70,assurance,4811,pilot,L5_correlated_maximal,primary,broad,1,TRUE,3000,1000,4,940740
Turkish,70,assurance,6935,pilot,L5_correlated_maximal,primary,broad,1,TRUE,3000,1000,4,940741
Turkish,70,assurance,6820,pilot,L5_correlated_maximal,primary,broad,1,TRUE,3000,1000,4,940742
Turkish,70,assurance,5140,pilot,L5_correlated_maximal,primary,broad,1,TRUE,3000,1000,4,940743
Turkish,70,assurance,3597,pilot,L5_correlated_maximal,primary,broad,1,TRUE,3000,1000,4,940744
Turkish,70,assurance,3223,pilot,L5_correlated_maximal,primary,broad,1,TRUE,3000,1000,4,940745
Turkish,70,assurance,4640,pilot,L5_correlated_maximal,primary,broad,1,TRUE,3000,1000,4,940746
Turkish,70,assurance,834,pilot,L5_correlated_maximal,primary,broad,1,TRUE,3000,1000,4,940747
Turkish,70,assurance,1364,pilot,L5_correlated_maximal,primary,broad,1,TRUE,3000,1000,4,940748
Turkish,70,assurance,947,pilot,L5_correlated_maximal,primary,broad,1,TRUE,3000,1000,4,940749
Turkish,70,assurance,5251,pilot,L5_correlated_maximal,primary,broad,1,TRUE,3000,1000,4,940750
Turkish,70,assurance,5279,pilot,L5_correlated_maximal,primary,broad,1,TRUE,3000,1000,4,940751
Turkish,70,assurance,6556,pilot,L5_correlated_maximal,primary,broad,1,TRUE,3000,1000,4,940752
Turkish,70,assurance,2163,pilot,L5_correlated_maximal,primary,broad,1,TRUE,3000,1000,4,940753
Turkish,70,assurance,4079,pilot,L5_correlated_maximal,primary,broad,1,TRUE,3000,1000,4,940754
Turkish,70,assurance,3438,pilot,L5_correlated_maximal,primary,broad,1,TRUE,3000,1000,4,940755
Turkish,70,assurance,4930,pilot,L5_correlated_maximal,primary,broad,1,TRUE,3000,1000,4,940756
Turkish,70,assurance,4847,pilot,L5_correlated_maximal,primary,broad,1,TRUE,3000,1000,4,940757
Turkish,70,assurance,773,pilot,L5_correlated_maximal,primary,broad,1,TRUE,3000,1000,4,940758
Turkish,70,assurance,3912,pilot,L5_correlated_maximal,primary,broad,1,TRUE,3000,1000,4,940759
Turkish,70,assurance,5146,pilot,L5_correlated_maximal,primary,broad,1,TRUE,3000,1000,4,940760
Turkish,70,assurance,3265,pilot,L5_correlated_maximal,primary,broad,1,TRUE,3000,1000,4,940761
Turkish,70,assurance,6018,pilot,L5_correlated_maximal,primary,broad,1,TRUE,3000,1000,4,940762
Turkish,70,assurance,7916,pilot,L5_correlated_maximal,primary,broad,1,TRUE,3000,1000,4,940763
Turkish,70,assurance,1255,pilot,L5_correlated_maximal,primary,broad,1,TRUE,3000,1000,4,940764
Turkish,70,assurance,1388,pilot,L5_correlated_maximal,primary,broad,1,TRUE,3000,1000,4,940765
Turkish,70,assurance,2894,pilot,L5_correlated_maximal,primary,broad,1,TRUE,3000,1000,4,940766
Turkish,70,assurance,4310,pilot,L5_correlated_maximal,primary,broad,1,TRUE,3000,1000,4,940767
Turkish,70,assurance,7629,pilot,L5_correlated_maximal,primary,broad,1,TRUE,3000,1000,4,940768
Turkish,70,assurance,7659,pilot,L5_correlated_maximal,primary,broad,1,TRUE,3000,1000,4,940769
Turkish,70,assurance,2940,pilot,L5_correlated_maximal,primary,broad,1,TRUE,3000,1000,4,940770
Turkish,70,assurance,5005,pilot,L5_correlated_maximal,primary,broad,1,TRUE,3000,1000,4,940771
Turkish,70,assurance,5449,pilot,L5_correlated_maximal,primary,broad,1,TRUE,3000,1000,4,940772
Turkish,70,assurance,6154,pilot,L5_correlated_maximal,primary,broad,1,TRUE,3000,1000,4,940773
Turkish,70,assurance,7108,pilot,L5_correlated_maximal,primary,broad,1,TRUE,3000,1000,4,940774
Turkish,70,assurance,1041,pilot,L5_correlated_maximal,primary,broad,1,TRUE,3000,1000,4,940775
Turkish,70,assurance,7236,pilot,L5_correlated_maximal,primary,broad,1,TRUE,3000,1000,4,940776
Turkish,70,assurance,1820,pilot,L5_correlated_maximal,primary,broad,1,TRUE,3000,1000,4,940777
Turkish,70,assurance,3840,pilot,L5_correlated_maximal,primary,broad,1,TRUE,3000,1000,4,940778
Turkish,70,assurance,1729,pilot,L5_correlated_maximal,primary,broad,1,TRUE,3000,1000,4,940779
Turkish,70,assurance,4131,pilot,L5_correlated_maximal,primary,broad,1,TRUE,3000,1000,4,940780
Turkish,70,assurance,3867,pilot,L5_correlated_maximal,primary,broad,1,TRUE,3000,1000,4,940781
Turkish,70,assurance,5465,pilot,L5_correlated_maximal,primary,broad,1,TRUE,3000,1000,4,940782
Turkish,70,assurance,6550,pilot,L5_correlated_maximal,primary,broad,1,TRUE,3000,1000,4,940783
Turkish,70,assurance,3199,pilot,L5_correlated_maximal,primary,broad,1,TRUE,3000,1000,4,940784
Turkish,70,assurance,4301,pilot,L5_correlated_maximal,primary,broad,1,TRUE,3000,1000,4,940785
Turkish,70,assurance,5262,pilot,L5_correlated_maximal,primary,broad,1,TRUE,3000,1000,4,940786
Turkish,70,assurance,1863,pilot,L5_correlated_maximal,primary,broad,1,TRUE,3000,1000,4,940787
Turkish,70,assurance,3185,pilot,L5_correlated_maximal,primary,broad,1,TRUE,3000,1000,4,940788
Turkish,70,assurance,4037,pilot,L5_correlated_maximal,primary,broad,1,TRUE,3000,1000,4,940789
Turkish,70,assurance,5535,pilot,L5_correlated_maximal,primary,broad,1,TRUE,3000,1000,4,940790
Turkish,70,assurance,5964,pilot,L5_correlated_maximal,primary,broad,1,TRUE,3000,1000,4,940791
Turkish,70,assurance,5812,pilot,L5_correlated_maximal,primary,broad,1,TRUE,3000,1000,4,940792
Turkish,70,assurance,1396,pilot,L5_correlated_maximal,primary,broad,1,TRUE,3000,1000,4,940793
Turkish,70,assurance,6936,pilot,L5_correlated_maximal,primary,broad,1,TRUE,3000,1000,4,940794
Turkish,70,assurance,791,pilot,L5_correlated_maximal,primary,broad,1,TRUE,3000,1000,4,940795
Turkish,70,assurance,2245,pilot,L5_correlated_maximal,primary,broad,1,TRUE,3000,1000,4,940796
Turkish,70,assurance,7415,pilot,L5_correlated_maximal,primary,broad,1,TRUE,3000,1000,4,940797
Turkish,70,assurance,5882,pilot,L5_correlated_maximal,primary,broad,1,TRUE,3000,1000,4,940798
Turkish,70,assurance,3930,pilot,L5_correlated_maximal,primary,broad,1,TRUE,3000,1000,4,940799
Turkish,70,assurance,5318,pilot,L5_correlated_maximal,primary,broad,1,TRUE,3000,1000,4,940800
Turkish,70,assurance,2482,pilot,L5_correlated_maximal,primary,broad,1,TRUE,3000,1000,4,940801
Turkish,70,assurance,6857,pilot,L5_correlated_maximal,primary,broad,1,TRUE,3000,1000,4,940802
Turkish,70,assurance,5132,pilot,L5_correlated_maximal,primary,broad,1,TRUE,3000,1000,4,940803
Turkish,70,assurance,808,pilot,L5_correlated_maximal,primary,broad,1,TRUE,3000,1000,4,940804
Turkish,70,assurance,6964,pilot,L5_correlated_maximal,primary,broad,1,TRUE,3000,1000,4,940805
Turkish,70,assurance,754,pilot,L5_correlated_maximal,primary,broad,1,TRUE,3000,1000,4,940806
Turkish,70,assurance,6331,pilot,L5_correlated_maximal,primary,broad,1,TRUE,3000,1000,4,940807
Turkish,70,assurance,3725,pilot,L5_correlated_maximal,primary,broad,1,TRUE,3000,1000,4,940808
Turkish,70,assurance,4731,pilot,L5_correlated_maximal,primary,broad,1,TRUE,3000,1000,4,940809
Turkish,70,assurance,5666,pilot,L5_correlated_maximal,primary,broad,1,TRUE,3000,1000,4,940810
Turkish,70,assurance,7074,pilot,L5_correlated_maximal,primary,broad,1,TRUE,3000,1000,4,940811
Turkish,70,assurance,6959,pilot,L5_correlated_maximal,primary,broad,1,TRUE,3000,1000,4,940812
Turkish,70,assurance,2224,pilot,L5_correlated_maximal,primary,broad,1,TRUE,3000,1000,4,940813
Turkish,70,assurance,3223,pilot,L5_correlated_maximal,primary,broad,1,TRUE,3000,1000,4,940814
Turkish,70,assurance,3349,pilot,L5_correlated_maximal,primary,broad,1,TRUE,3000,1000,4,940815
Turkish,70,assurance,710,pilot,L5_correlated_maximal,primary,broad,1,TRUE,3000,1000,4,940816
Turkish,70,assurance,3549,pilot,L5_correlated_maximal,primary,broad,1,TRUE,3000,1000,4,940817
Turkish,70,assurance,1383,pilot,L5_correlated_maximal,primary,broad,1,TRUE,3000,1000,4,940818
Turkish,70,assurance,1664,pilot,L5_correlated_maximal,primary,broad,1,TRUE,3000,1000,4,940819
Turkish,70,assurance,2642,pilot,L5_correlated_maximal,primary,broad,1,TRUE,3000,1000,4,940820
Turkish,70,assurance,3645,pilot,L5_correlated_maximal,primary,broad,1,TRUE,3000,1000,4,940821
Turkish,70,assurance,1983,pilot,L5_correlated_maximal,primary,broad,1,TRUE,3000,1000,4,940822
Turkish,70,assurance,7503,pilot,L5_correlated_maximal,primary,broad,1,TRUE,3000,1000,4,940823
Turkish,70,assurance,7638,pilot,L5_correlated_maximal,primary,broad,1,TRUE,3000,1000,4,940824
Turkish,70,assurance,6106,pilot,L5_correlated_maximal,primary,broad,1,TRUE,3000,1000,4,940825
Turkish,70,assurance,356,pilot,L5_correlated_maximal,primary,broad,1,TRUE,3000,1000,4,940826
Turkish,70,assurance,1286,pilot,L5_correlated_maximal,primary,broad,1,TRUE,3000,1000,4,940827
Turkish,70,assurance,2338,pilot,L5_correlated_maximal,primary,broad,1,TRUE,3000,1000,4,940828
Turkish,70,assurance,6591,pilot,L5_correlated_maximal,primary,broad,1,TRUE,3000,1000,4,940829
Turkish,70,assurance,6912,pilot,L5_correlated_maximal,primary,broad,1,TRUE,3000,1000,4,940830
Turkish,70,assurance,6449,pilot,L5_correlated_maximal,primary,broad,1,TRUE,3000,1000,4,940831
Turkish,70,assurance,3046,pilot,L5_correlated_maximal,primary,broad,1,TRUE,3000,1000,4,940832
Turkish,70,assurance,2254,pilot,L5_correlated_maximal,primary,broad,1,TRUE,3000,1000,4,940833
Turkish,70,assurance,3347,pilot,L5_correlated_maximal,primary,broad,1,TRUE,3000,1000,4,940834
Turkish,70,assurance,3764,pilot,L5_correlated_maximal,primary,broad,1,TRUE,3000,1000,4,940835
Turkish,70,assurance,5398,pilot,L5_correlated_maximal,primary,broad,1,TRUE,3000,1000,4,940836
Turkish,70,assurance,2356,pilot,L5_correlated_maximal,primary,broad,1,TRUE,3000,1000,4,940837
Turkish,70,assurance,2332,pilot,L5_correlated_maximal,primary,broad,1,TRUE,3000,1000,4,940838
Turkish,70,assurance,5788,pilot,L5_correlated_maximal,primary,broad,1,TRUE,3000,1000,4,940839
Turkish,80,assurance,2595,pilot,L5_correlated_maximal,primary,broad,1,TRUE,3000,1000,4,940840
Turkish,80,assurance,4264,pilot,L5_correlated_maximal,primary,broad,1,TRUE,3000,1000,4,940841
Turkish,80,assurance,776,pilot,L5_correlated_maximal,primary,broad,1,TRUE,3000,1000,4,940842
Turkish,80,assurance,2038,pilot,L5_correlated_maximal,primary,broad,1,TRUE,3000,1000,4,940843
Turkish,80,assurance,3863,pilot,L5_correlated_maximal,primary,broad,1,TRUE,3000,1000,4,940844
Turkish,80,assurance,4228,pilot,L5_correlated_maximal,primary,broad,1,TRUE,3000,1000,4,940845
Turkish,80,assurance,7279,pilot,L5_correlated_maximal,primary,broad,1,TRUE,3000,1000,4,940846
Turkish,80,assurance,1615,pilot,L5_correlated_maximal,primary,broad,1,TRUE,3000,1000,4,940847
Turkish,80,assurance,3114,pilot,L5_correlated_maximal,primary,broad,1,TRUE,3000,1000,4,940848
Turkish,80,assurance,7407,pilot,L5_correlated_maximal,primary,broad,1,TRUE,3000,1000,4,940849
Turkish,80,assurance,84,pilot,L5_correlated_maximal,primary,broad,1,TRUE,3000,1000,4,940850
Turkish,80,assurance,2102,pilot,L5_correlated_maximal,primary,broad,1,TRUE,3000,1000,4,940851
Turkish,80,assurance,1315,pilot,L5_correlated_maximal,primary,broad,1,TRUE,3000,1000,4,940852
Turkish,80,assurance,6295,pilot,L5_correlated_maximal,primary,broad,1,TRUE,3000,1000,4,940853
Turkish,80,assurance,1570,pilot,L5_correlated_maximal,primary,broad,1,TRUE,3000,1000,4,940854
Turkish,80,assurance,4502,pilot,L5_correlated_maximal,primary,broad,1,TRUE,3000,1000,4,940855
Turkish,80,assurance,1492,pilot,L5_correlated_maximal,primary,broad,1,TRUE,3000,1000,4,940856
Turkish,80,assurance,5261,pilot,L5_correlated_maximal,primary,broad,1,TRUE,3000,1000,4,940857
Turkish,80,assurance,6418,pilot,L5_correlated_maximal,primary,broad,1,TRUE,3000,1000,4,940858
Turkish,80,assurance,4597,pilot,L5_correlated_maximal,primary,broad,1,TRUE,3000,1000,4,940859
Turkish,80,assurance,2206,pilot,L5_correlated_maximal,primary,broad,1,TRUE,3000,1000,4,940860
Turkish,80,assurance,4172,pilot,L5_correlated_maximal,primary,broad,1,TRUE,3000,1000,4,940861
Turkish,80,assurance,4723,pilot,L5_correlated_maximal,primary,broad,1,TRUE,3000,1000,4,940862
Turkish,80,assurance,3195,pilot,L5_correlated_maximal,primary,broad,1,TRUE,3000,1000,4,940863
Turkish,80,assurance,6702,pilot,L5_correlated_maximal,primary,broad,1,TRUE,3000,1000,4,940864
Turkish,80,assurance,3942,pilot,L5_correlated_maximal,primary,broad,1,TRUE,3000,1000,4,940865
Turkish,80,assurance,6009,pilot,L5_correlated_maximal,primary,broad,1,TRUE,3000,1000,4,940866
Turkish,80,assurance,6395,pilot,L5_correlated_maximal,primary,broad,1,TRUE,3000,1000,4,940867
Turkish,80,assurance,2059,pilot,L5_correlated_maximal,primary,broad,1,TRUE,3000,1000,4,940868
Turkish,80,assurance,3672,pilot,L5_correlated_maximal,primary,broad,1,TRUE,3000,1000,4,940869
Turkish,80,assurance,5612,pilot,L5_correlated_maximal,primary,broad,1,TRUE,3000,1000,4,940870
Turkish,80,assurance,3655,pilot,L5_correlated_maximal,primary,broad,1,TRUE,3000,1000,4,940871
Turkish,80,assurance,4719,pilot,L5_correlated_maximal,primary,broad,1,TRUE,3000,1000,4,940872
Turkish,80,assurance,4971,pilot,L5_correlated_maximal,primary,broad,1,TRUE,3000,1000,4,940873
Turkish,80,assurance,2490,pilot,L5_correlated_maximal,primary,broad,1,TRUE,3000,1000,4,940874
Turkish,80,assurance,6168,pilot,L5_correlated_maximal,primary,broad,1,TRUE,3000,1000,4,940875
Turkish,80,assurance,2293,pilot,L5_correlated_maximal,primary,broad,1,TRUE,3000,1000,4,940876
Turkish,80,assurance,6106,pilot,L5_correlated_maximal,primary,broad,1,TRUE,3000,1000,4,940877
Turkish,80,assurance,2459,pilot,L5_correlated_maximal,primary,broad,1,TRUE,3000,1000,4,940878
Turkish,80,assurance,3243,pilot,L5_correlated_maximal,primary,broad,1,TRUE,3000,1000,4,940879
Turkish,80,assurance,2091,pilot,L5_correlated_maximal,primary,broad,1,TRUE,3000,1000,4,940880
Turkish,80,assurance,3521,pilot,L5_correlated_maximal,primary,broad,1,TRUE,3000,1000,4,940881
Turkish,80,assurance,4373,pilot,L5_correlated_maximal,primary,broad,1,TRUE,3000,1000,4,940882
Turkish,80,assurance,602,pilot,L5_correlated_maximal,primary,broad,1,TRUE,3000,1000,4,940883
Turkish,80,assurance,5959,pilot,L5_correlated_maximal,primary,broad,1,TRUE,3000,1000,4,940884
Turkish,80,assurance,869,pilot,L5_correlated_maximal,primary,broad,1,TRUE,3000,1000,4,940885
Turkish,80,assurance,4163,pilot,L5_correlated_maximal,primary,broad,1,TRUE,3000,1000,4,940886
Turkish,80,assurance,2754,pilot,L5_correlated_maximal,primary,broad,1,TRUE,3000,1000,4,940887
Turkish,80,assurance,6564,pilot,L5_correlated_maximal,primary,broad,1,TRUE,3000,1000,4,940888
Turkish,80,assurance,6333,pilot,L5_correlated_maximal,primary,broad,1,TRUE,3000,1000,4,940889
Turkish,80,assurance,7232,pilot,L5_correlated_maximal,primary,broad,1,TRUE,3000,1000,4,940890
Turkish,80,assurance,3396,pilot,L5_correlated_maximal,primary,broad,1,TRUE,3000,1000,4,940891
Turkish,80,assurance,4214,pilot,L5_correlated_maximal,primary,broad,1,TRUE,3000,1000,4,940892
Turkish,80,assurance,5552,pilot,L5_correlated_maximal,primary,broad,1,TRUE,3000,1000,4,940893
Turkish,80,assurance,7889,pilot,L5_correlated_maximal,primary,broad,1,TRUE,3000,1000,4,940894
Turkish,80,assurance,3352,pilot,L5_correlated_maximal,primary,broad,1,TRUE,3000,1000,4,940895
Turkish,80,assurance,2054,pilot,L5_correlated_maximal,primary,broad,1,TRUE,3000,1000,4,940896
Turkish,80,assurance,244,pilot,L5_correlated_maximal,primary,broad,1,TRUE,3000,1000,4,940897
Turkish,80,assurance,935,pilot,L5_correlated_maximal,primary,broad,1,TRUE,3000,1000,4,940898
Turkish,80,assurance,4365,pilot,L5_correlated_maximal,primary,broad,1,TRUE,3000,1000,4,940899
Turkish,80,assurance,3567,pilot,L5_correlated_maximal,primary,broad,1,TRUE,3000,1000,4,940900
Turkish,80,assurance,607,pilot,L5_correlated_maximal,primary,broad,1,TRUE,3000,1000,4,940901
Turkish,80,assurance,7420,pilot,L5_correlated_maximal,primary,broad,1,TRUE,3000,1000,4,940902
Turkish,80,assurance,5139,pilot,L5_correlated_maximal,primary,broad,1,TRUE,3000,1000,4,940903
Turkish,80,assurance,1091,pilot,L5_correlated_maximal,primary,broad,1,TRUE,3000,1000,4,940904
Turkish,80,assurance,5897,pilot,L5_correlated_maximal,primary,broad,1,TRUE,3000,1000,4,940905
Turkish,80,assurance,5884,pilot,L5_correlated_maximal,primary,broad,1,TRUE,3000,1000,4,940906
Turkish,80,assurance,1183,pilot,L5_correlated_maximal,primary,broad,1,TRUE,3000,1000,4,940907
Turkish,80,assurance,7725,pilot,L5_correlated_maximal,primary,broad,1,TRUE,3000,1000,4,940908
Turkish,80,assurance,1851,pilot,L5_correlated_maximal,primary,broad,1,TRUE,3000,1000,4,940909
Turkish,80,assurance,6966,pilot,L5_correlated_maximal,primary,broad,1,TRUE,3000,1000,4,940910
Turkish,80,assurance,2099,pilot,L5_correlated_maximal,primary,broad,1,TRUE,3000,1000,4,940911
Turkish,80,assurance,3032,pilot,L5_correlated_maximal,primary,broad,1,TRUE,3000,1000,4,940912
Turkish,80,assurance,335,pilot,L5_correlated_maximal,primary,broad,1,TRUE,3000,1000,4,940913
Turkish,80,assurance,1262,pilot,L5_correlated_maximal,primary,broad,1,TRUE,3000,1000,4,940914
Turkish,80,assurance,4620,pilot,L5_correlated_maximal,primary,broad,1,TRUE,3000,1000,4,940915
Turkish,80,assurance,730,pilot,L5_correlated_maximal,primary,broad,1,TRUE,3000,1000,4,940916
Turkish,80,assurance,6264,pilot,L5_correlated_maximal,primary,broad,1,TRUE,3000,1000,4,940917
Turkish,80,assurance,1287,pilot,L5_correlated_maximal,primary,broad,1,TRUE,3000,1000,4,940918
Turkish,80,assurance,896,pilot,L5_correlated_maximal,primary,broad,1,TRUE,3000,1000,4,940919
Turkish,80,assurance,4437,pilot,L5_correlated_maximal,primary,broad,1,TRUE,3000,1000,4,940920
Turkish,80,assurance,4016,pilot,L5_correlated_maximal,primary,broad,1,TRUE,3000,1000,4,940921
Turkish,80,assurance,2776,pilot,L5_correlated_maximal,primary,broad,1,TRUE,3000,1000,4,940922
Turkish,80,assurance,5050,pilot,L5_correlated_maximal,primary,broad,1,TRUE,3000,1000,4,940923
Turkish,80,assurance,3731,pilot,L5_correlated_maximal,primary,broad,1,TRUE,3000,1000,4,940924
Turkish,80,assurance,7178,pilot,L5_correlated_maximal,primary,broad,1,TRUE,3000,1000,4,940925
Turkish,80,assurance,453,pilot,L5_correlated_maximal,primary,broad,1,TRUE,3000,1000,4,940926
Turkish,80,assurance,244,pilot,L5_correlated_maximal,primary,broad,1,TRUE,3000,1000,4,940927
Turkish,80,assurance,3263,pilot,L5_correlated_maximal,primary,broad,1,TRUE,3000,1000,4,940928
Turkish,80,assurance,1560,pilot,L5_correlated_maximal,primary,broad,1,TRUE,3000,1000,4,940929
Turkish,80,assurance,2896,pilot,L5_correlated_maximal,primary,broad,1,TRUE,3000,1000,4,940930
Turkish,80,assurance,5377,pilot,L5_correlated_maximal,primary,broad,1,TRUE,3000,1000,4,940931
Turkish,80,assurance,6516,pilot,L5_correlated_maximal,primary,broad,1,TRUE,3000,1000,4,940932
Turkish,80,assurance,4728,pilot,L5_correlated_maximal,primary,broad,1,TRUE,3000,1000,4,940933
Turkish,80,assurance,4509,pilot,L5_correlated_maximal,primary,broad,1,TRUE,3000,1000,4,940934
Turkish,80,assurance,6673,pilot,L5_correlated_maximal,primary,broad,1,TRUE,3000,1000,4,940935
Turkish,80,assurance,1225,pilot,L5_correlated_maximal,primary,broad,1,TRUE,3000,1000,4,940936
Turkish,80,assurance,2737,pilot,L5_correlated_maximal,primary,broad,1,TRUE,3000,1000,4,940937
Turkish,80,assurance,3445,pilot,L5_correlated_maximal,primary,broad,1,TRUE,3000,1000,4,940938
Turkish,80,assurance,6911,pilot,L5_correlated_maximal,primary,broad,1,TRUE,3000,1000,4,940939
Turkish,80,assurance,6015,pilot,L5_correlated_maximal,primary,broad,1,TRUE,3000,1000,4,940940
Turkish,80,assurance,5357,pilot,L5_correlated_maximal,primary,broad,1,TRUE,3000,1000,4,940941
Turkish,80,assurance,5482,pilot,L5_correlated_maximal,primary,broad,1,TRUE,3000,1000,4,940942
Turkish,80,assurance,7578,pilot,L5_correlated_maximal,primary,broad,1,TRUE,3000,1000,4,940943
Turkish,80,assurance,2857,pilot,L5_correlated_maximal,primary,broad,1,TRUE,3000,1000,4,940944
Turkish,80,assurance,4693,pilot,L5_correlated_maximal,primary,broad,1,TRUE,3000,1000,4,940945
Turkish,80,assurance,5152,pilot,L5_correlated_maximal,primary,broad,1,TRUE,3000,1000,4,940946
Turkish,80,assurance,5743,pilot,L5_correlated_maximal,primary,broad,1,TRUE,3000,1000,4,940947
Turkish,80,assurance,6350,pilot,L5_correlated_maximal,primary,broad,1,TRUE,3000,1000,4,940948
Turkish,80,assurance,5199,pilot,L5_correlated_maximal,primary,broad,1,TRUE,3000,1000,4,940949
Turkish,80,assurance,6542,pilot,L5_correlated_maximal,primary,broad,1,TRUE,3000,1000,4,940950
Turkish,80,assurance,7963,pilot,L5_correlated_maximal,primary,broad,1,TRUE,3000,1000,4,940951
Turkish,80,assurance,6532,pilot,L5_correlated_maximal,primary,broad,1,TRUE,3000,1000,4,940952
Turkish,80,assurance,2137,pilot,L5_correlated_maximal,primary,broad,1,TRUE,3000,1000,4,940953
Turkish,80,assurance,2963,pilot,L5_correlated_maximal,primary,broad,1,TRUE,3000,1000,4,940954
Turkish,80,assurance,1798,pilot,L5_correlated_maximal,primary,broad,1,TRUE,3000,1000,4,940955
Turkish,80,assurance,500,pilot,L5_correlated_maximal,primary,broad,1,TRUE,3000,1000,4,940956
Turkish,80,assurance,6783,pilot,L5_correlated_maximal,primary,broad,1,TRUE,3000,1000,4,940957
Turkish,80,assurance,2270,pilot,L5_correlated_maximal,primary,broad,1,TRUE,3000,1000,4,940958
Turkish,80,assurance,3232,pilot,L5_correlated_maximal,primary,broad,1,TRUE,3000,1000,4,940959
Turkish,100,assurance,110,pilot,L5_correlated_maximal,primary,broad,1,TRUE,3000,1000,4,940960
Turkish,100,assurance,750,pilot,L5_correlated_maximal,primary,broad,1,TRUE,3000,1000,4,940961
Turkish,100,assurance,44,pilot,L5_correlated_maximal,primary,broad,1,TRUE,3000,1000,4,940962
Turkish,100,assurance,6839,pilot,L5_correlated_maximal,primary,broad,1,TRUE,3000,1000,4,940963
Turkish,100,assurance,4241,pilot,L5_correlated_maximal,primary,broad,1,TRUE,3000,1000,4,940964
Turkish,100,assurance,1534,pilot,L5_correlated_maximal,primary,broad,1,TRUE,3000,1000,4,940965
Turkish,100,assurance,5709,pilot,L5_correlated_maximal,primary,broad,1,TRUE,3000,1000,4,940966
Turkish,100,assurance,968,pilot,L5_correlated_maximal,primary,broad,1,TRUE,3000,1000,4,940967
Turkish,100,assurance,3254,pilot,L5_correlated_maximal,primary,broad,1,TRUE,3000,1000,4,940968
Turkish,100,assurance,1699,pilot,L5_correlated_maximal,primary,broad,1,TRUE,3000,1000,4,940969
Turkish,100,assurance,1166,pilot,L5_correlated_maximal,primary,broad,1,TRUE,3000,1000,4,940970
Turkish,100,assurance,7102,pilot,L5_correlated_maximal,primary,broad,1,TRUE,3000,1000,4,940971
Turkish,100,assurance,7234,pilot,L5_correlated_maximal,primary,broad,1,TRUE,3000,1000,4,940972
Turkish,100,assurance,2091,pilot,L5_correlated_maximal,primary,broad,1,TRUE,3000,1000,4,940973
Turkish,100,assurance,2276,pilot,L5_correlated_maximal,primary,broad,1,TRUE,3000,1000,4,940974
Turkish,100,assurance,1486,pilot,L5_correlated_maximal,primary,broad,1,TRUE,3000,1000,4,940975
Turkish,100,assurance,3095,pilot,L5_correlated_maximal,primary,broad,1,TRUE,3000,1000,4,940976
Turkish,100,assurance,4942,pilot,L5_correlated_maximal,primary,broad,1,TRUE,3000,1000,4,940977
Turkish,100,assurance,2202,pilot,L5_correlated_maximal,primary,broad,1,TRUE,3000,1000,4,940978
Turkish,100,assurance,6919,pilot,L5_correlated_maximal,primary,broad,1,TRUE,3000,1000,4,940979
Turkish,100,assurance,1445,pilot,L5_correlated_maximal,primary,broad,1,TRUE,3000,1000,4,940980
Turkish,100,assurance,7692,pilot,L5_correlated_maximal,primary,broad,1,TRUE,3000,1000,4,940981
Turkish,100,assurance,1189,pilot,L5_correlated_maximal,primary,broad,1,TRUE,3000,1000,4,940982
Turkish,100,assurance,6656,pilot,L5_correlated_maximal,primary,broad,1,TRUE,3000,1000,4,940983
Turkish,100,assurance,2968,pilot,L5_correlated_maximal,primary,broad,1,TRUE,3000,1000,4,940984
Turkish,100,assurance,2193,pilot,L5_correlated_maximal,primary,broad,1,TRUE,3000,1000,4,940985
Turkish,100,assurance,5053,pilot,L5_correlated_maximal,primary,broad,1,TRUE,3000,1000,4,940986
Turkish,100,assurance,1123,pilot,L5_correlated_maximal,primary,broad,1,TRUE,3000,1000,4,940987
Turkish,100,assurance,5890,pilot,L5_correlated_maximal,primary,broad,1,TRUE,3000,1000,4,940988
Turkish,100,assurance,3074,pilot,L5_correlated_maximal,primary,broad,1,TRUE,3000,1000,4,940989
Turkish,100,assurance,6927,pilot,L5_correlated_maximal,primary,broad,1,TRUE,3000,1000,4,940990
Turkish,100,assurance,1902,pilot,L5_correlated_maximal,primary,broad,1,TRUE,3000,1000,4,940991
Turkish,100,assurance,3958,pilot,L5_correlated_maximal,primary,broad,1,TRUE,3000,1000,4,940992
Turkish,100,assurance,5723,pilot,L5_correlated_maximal,primary,broad,1,TRUE,3000,1000,4,940993
Turkish,100,assurance,5088,pilot,L5_correlated_maximal,primary,broad,1,TRUE,3000,1000,4,940994
Turkish,100,assurance,7450,pilot,L5_correlated_maximal,primary,broad,1,TRUE,3000,1000,4,940995
Turkish,100,assurance,538,pilot,L5_correlated_maximal,primary,broad,1,TRUE,3000,1000,4,940996
Turkish,100,assurance,2265,pilot,L5_correlated_maximal,primary,broad,1,TRUE,3000,1000,4,940997
Turkish,100,assurance,529,pilot,L5_correlated_maximal,primary,broad,1,TRUE,3000,1000,4,940998
Turkish,100,assurance,7915,pilot,L5_correlated_maximal,primary,broad,1,TRUE,3000,1000,4,940999
Turkish,100,assurance,5213,pilot,L5_correlated_maximal,primary,broad,1,TRUE,3000,1000,4,941000
Turkish,100,assurance,1578,pilot,L5_correlated_maximal,primary,broad,1,TRUE,3000,1000,4,941001
Turkish,100,assurance,108,pilot,L5_correlated_maximal,primary,broad,1,TRUE,3000,1000,4,941002
Turkish,100,assurance,3586,pilot,L5_correlated_maximal,primary,broad,1,TRUE,3000,1000,4,941003
Turkish,100,assurance,6849,pilot,L5_correlated_maximal,primary,broad,1,TRUE,3000,1000,4,941004
Turkish,100,assurance,7990,pilot,L5_correlated_maximal,primary,broad,1,TRUE,3000,1000,4,941005
Turkish,100,assurance,5975,pilot,L5_correlated_maximal,primary,broad,1,TRUE,3000,1000,4,941006
Turkish,100,assurance,2787,pilot,L5_correlated_maximal,primary,broad,1,TRUE,3000,1000,4,941007
Turkish,100,assurance,552,pilot,L5_correlated_maximal,primary,broad,1,TRUE,3000,1000,4,941008
Turkish,100,assurance,5209,pilot,L5_correlated_maximal,primary,broad,1,TRUE,3000,1000,4,941009
Turkish,100,assurance,4391,pilot,L5_correlated_maximal,primary,broad,1,TRUE,3000,1000,4,941010
Turkish,100,assurance,6365,pilot,L5_correlated_maximal,primary,broad,1,TRUE,3000,1000,4,941011
Turkish,100,assurance,3953,pilot,L5_correlated_maximal,primary,broad,1,TRUE,3000,1000,4,941012
Turkish,100,assurance,6743,pilot,L5_correlated_maximal,primary,broad,1,TRUE,3000,1000,4,941013
Turkish,100,assurance,3844,pilot,L5_correlated_maximal,primary,broad,1,TRUE,3000,1000,4,941014
Turkish,100,assurance,6173,pilot,L5_correlated_maximal,primary,broad,1,TRUE,3000,1000,4,941015
Turkish,100,assurance,931,pilot,L5_correlated_maximal,primary,broad,1,TRUE,3000,1000,4,941016
Turkish,100,assurance,2429,pilot,L5_correlated_maximal,primary,broad,1,TRUE,3000,1000,4,941017
Turkish,100,assurance,2674,pilot,L5_correlated_maximal,primary,broad,1,TRUE,3000,1000,4,941018
Turkish,100,assurance,2149,pilot,L5_correlated_maximal,primary,broad,1,TRUE,3000,1000,4,941019
Turkish,100,assurance,3706,pilot,L5_correlated_maximal,primary,broad,1,TRUE,3000,1000,4,941020
Turkish,100,assurance,7022,pilot,L5_correlated_maximal,primary,broad,1,TRUE,3000,1000,4,941021
Turkish,100,assurance,7650,pilot,L5_correlated_maximal,primary,broad,1,TRUE,3000,1000,4,941022
Turkish,100,assurance,1836,pilot,L5_correlated_maximal,primary,broad,1,TRUE,3000,1000,4,941023
Turkish,100,assurance,3258,pilot,L5_correlated_maximal,primary,broad,1,TRUE,3000,1000,4,941024
Turkish,100,assurance,2079,pilot,L5_correlated_maximal,primary,broad,1,TRUE,3000,1000,4,941025
Turkish,100,assurance,3950,pilot,L5_correlated_maximal,primary,broad,1,TRUE,3000,1000,4,941026
Turkish,100,assurance,5372,pilot,L5_correlated_maximal,primary,broad,1,TRUE,3000,1000,4,941027
Turkish,100,assurance,5564,pilot,L5_correlated_maximal,primary,broad,1,TRUE,3000,1000,4,941028
Turkish,100,assurance,2906,pilot,L5_correlated_maximal,primary,broad,1,TRUE,3000,1000,4,941029
Turkish,100,assurance,267,pilot,L5_correlated_maximal,primary,broad,1,TRUE,3000,1000,4,941030
Turkish,100,assurance,5836,pilot,L5_correlated_maximal,primary,broad,1,TRUE,3000,1000,4,941031
Turkish,100,assurance,2265,pilot,L5_correlated_maximal,primary,broad,1,TRUE,3000,1000,4,941032
Turkish,100,assurance,4660,pilot,L5_correlated_maximal,primary,broad,1,TRUE,3000,1000,4,941033
Turkish,100,assurance,7304,pilot,L5_correlated_maximal,primary,broad,1,TRUE,3000,1000,4,941034
Turkish,100,assurance,3215,pilot,L5_correlated_maximal,primary,broad,1,TRUE,3000,1000,4,941035
Turkish,100,assurance,5271,pilot,L5_correlated_maximal,primary,broad,1,TRUE,3000,1000,4,941036
Turkish,100,assurance,6273,pilot,L5_correlated_maximal,primary,broad,1,TRUE,3000,1000,4,941037
Turkish,100,assurance,7708,pilot,L5_correlated_maximal,primary,broad,1,TRUE,3000,1000,4,941038
Turkish,100,assurance,4498,pilot,L5_correlated_maximal,primary,broad,1,TRUE,3000,1000,4,941039
Turkish,100,assurance,5382,pilot,L5_correlated_maximal,primary,broad,1,TRUE,3000,1000,4,941040
Turkish,100,assurance,6898,pilot,L5_correlated_maximal,primary,broad,1,TRUE,3000,1000,4,941041
Turkish,100,assurance,3376,pilot,L5_correlated_maximal,primary,broad,1,TRUE,3000,1000,4,941042
Turkish,100,assurance,6995,pilot,L5_correlated_maximal,primary,broad,1,TRUE,3000,1000,4,941043
Turkish,100,assurance,2510,pilot,L5_correlated_maximal,primary,broad,1,TRUE,3000,1000,4,941044
Turkish,100,assurance,1481,pilot,L5_correlated_maximal,primary,broad,1,TRUE,3000,1000,4,941045
Turkish,100,assurance,5028,pilot,L5_correlated_maximal,primary,broad,1,TRUE,3000,1000,4,941046
Turkish,100,assurance,1889,pilot,L5_correlated_maximal,primary,broad,1,TRUE,3000,1000,4,941047
Turkish,100,assurance,6636,pilot,L5_correlated_maximal,primary,broad,1,TRUE,3000,1000,4,941048
Turkish,100,assurance,1477,pilot,L5_correlated_maximal,primary,broad,1,TRUE,3000,1000,4,941049
Turkish,100,assurance,5237,pilot,L5_correlated_maximal,primary,broad,1,TRUE,3000,1000,4,941050
Turkish,100,assurance,3502,pilot,L5_correlated_maximal,primary,broad,1,TRUE,3000,1000,4,941051
Turkish,100,assurance,1229,pilot,L5_correlated_maximal,primary,broad,1,TRUE,3000,1000,4,941052
Turkish,100,assurance,2178,pilot,L5_correlated_maximal,primary,broad,1,TRUE,3000,1000,4,941053
Turkish,100,assurance,3061,pilot,L5_correlated_maximal,primary,broad,1,TRUE,3000,1000,4,941054
Turkish,100,assurance,833,pilot,L5_correlated_maximal,primary,broad,1,TRUE,3000,1000,4,941055
Turkish,100,assurance,1696,pilot,L5_correlated_maximal,primary,broad,1,TRUE,3000,1000,4,941056
Turkish,100,assurance,5374,pilot,L5_correlated_maximal,primary,broad,1,TRUE,3000,1000,4,941057
Turkish,100,assurance,6848,pilot,L5_correlated_maximal,primary,broad,1,TRUE,3000,1000,4,941058
Turkish,100,assurance,1393,pilot,L5_correlated_maximal,primary,broad,1,TRUE,3000,1000,4,941059
Turkish,100,assurance,6102,pilot,L5_correlated_maximal,primary,broad,1,TRUE,3000,1000,4,941060
Turkish,100,assurance,2073,pilot,L5_correlated_maximal,primary,broad,1,TRUE,3000,1000,4,941061
Turkish,100,assurance,6349,pilot,L5_correlated_maximal,primary,broad,1,TRUE,3000,1000,4,941062
Turkish,100,assurance,6518,pilot,L5_correlated_maximal,primary,broad,1,TRUE,3000,1000,4,941063
Turkish,100,assurance,7524,pilot,L5_correlated_maximal,primary,broad,1,TRUE,3000,1000,4,941064
Turkish,100,assurance,2706,pilot,L5_correlated_maximal,primary,broad,1,TRUE,3000,1000,4,941065
Turkish,100,assurance,4640,pilot,L5_correlated_maximal,primary,broad,1,TRUE,3000,1000,4,941066
Turkish,100,assurance,236,pilot,L5_correlated_maximal,primary,broad,1,TRUE,3000,1000,4,941067
Turkish,100,assurance,3508,pilot,L5_correlated_maximal,primary,broad,1,TRUE,3000,1000,4,941068
Turkish,100,assurance,5019,pilot,L5_correlated_maximal,primary,broad,1,TRUE,3000,1000,4,941069
Turkish,100,assurance,1382,pilot,L5_correlated_maximal,primary,broad,1,TRUE,3000,1000,4,941070
Turkish,100,assurance,4145,pilot,L5_correlated_maximal,primary,broad,1,TRUE,3000,1000,4,941071
Turkish,100,assurance,4879,pilot,L5_correlated_maximal,primary,broad,1,TRUE,3000,1000,4,941072
Turkish,100,assurance,4541,pilot,L5_correlated_maximal,primary,broad,1,TRUE,3000,1000,4,941073
Turkish,100,assurance,7780,pilot,L5_correlated_maximal,primary,broad,1,TRUE,3000,1000,4,941074
Turkish,100,assurance,4894,pilot,L5_correlated_maximal,primary,broad,1,TRUE,3000,1000,4,941075
Turkish,100,assurance,3519,pilot,L5_correlated_maximal,primary,broad,1,TRUE,3000,1000,4,941076
Turkish,100,assurance,4594,pilot,L5_correlated_maximal,primary,broad,1,TRUE,3000,1000,4,941077
Turkish,100,assurance,5262,pilot,L5_correlated_maximal,primary,broad,1,TRUE,3000,1000,4,941078
Turkish,100,assurance,6862,pilot,L5_correlated_maximal,primary,broad,1,TRUE,3000,1000,4,941079
